사고번호,사고일시,요일,시군구,사고내용,사망자수,중상자수,경상자수,부상신고자수,사고유형,법규위반,노면상태,기상상태,도로형태,가해운전자 차종,가해운전자 성별,가해운전자 연령,가해운전자 상해정도,피해운전자 차종,피해운전자 성별,피해운전자 연령,피해운전자 상해정도
2012020600100534,2012년 2월 6일 20시,월요일,광주광역시 서구 치평동,경상사고,0,0,5,0,차대차 - 추돌 - 진행중,안전거리미확보,습기,비,단일로 - 기타,승합,남,50세,상해없음,승용,남,36세,경상
2012020600100535,2012년 2월 6일 20시,월요일,광주광역시 서구 금호동,경상사고,0,0,1,0,차대사람 - 횡단중,신호위반,습기,비,교차로 - 교차로부근,이륜,남,24세,상해없음,보행자,여,61세,경상
2012020600100536,2012년 2월 6일 20시,월요일,광주광역시 서구 화정동,경상사고,0,0,4,0,차대차 - 추돌 - 주정차중,안전운전불이행,습기,비,교차로 - 교차로부근,승용,남,53세,상해없음,승용,남,33세,경상
2012020600100537,2012년 2월 6일 20시,월요일,광주광역시 광산구 장덕동,경상사고,0,0,1,0,차대차 - 측면직각충돌,안전운전불이행,습기,비,교차로 - 교차로안,승용,남,63세,상해없음,이륜,남,18세,경상
2012020600100575,2012년 2월 6일 21시,월요일,광주광역시 서구 치평동,경상사고,0,0,1,0,차대차 - 기타,안전운전불이행,습기,비,교차로 - 교차로부근,승용,남,36세,상해없음,승용,남,43세,경상
2012020600100610,2012년 2월 6일 22시,월요일,광주광역시 서구 농성동,중상사고,0,1,3,0,차대차 - 측면직각충돌,신호위반,습기,비,교차로 - 교차로안,화물,남,23세,상해없음,승용,남,52세,경상
2012020700100027,2012년 2월 7일 00시,화요일,광주광역시 북구 양산동,경상사고,0,0,1,0,차대차 - 기타,안전운전불이행,습기,흐림,단일로 - 기타,자전거,여,48세,경상,승용,남,45세,상해없음
2012020700100028,2012년 2월 7일 00시,화요일,광주광역시 광산구 신가동,중상사고,0,1,0,0,차대차 - 추돌 - 진행중,안전운전불이행,건조,맑음,단일로 - 교량,승용,남,33세,상해없음,원동기,남,57세,중상
2012020700100048,2012년 2월 7일 01시,화요일,광주광역시 서구 쌍촌동,중상사고,0,1,0,0,차대사람 - 횡단중,보행자보호의무위반,습기,흐림,단일로 - 횡단보도상,승용,남,49세,상해없음,보행자,남,46세,중상
2012020700100060,2012년 2월 7일 02시,화요일,광주광역시 북구 용봉동,중상사고,0,1,0,0,차대사람 - 기타,안전운전불이행,습기,흐림,교차로 - 교차로안,승합,남,39세,상해없음,보행자,남,17세,중상
2012020700100061,2012년 2월 7일 02시,화요일,광주광역시 북구 운암동,경상사고,0,0,2,0,차대차 - 측면직각충돌,안전거리미확보,건조,맑음,단일로 - 기타,승용,남,25세,상해없음,승용,남,54세,경상
2012020700100078,2012년 2월 7일 03시,화요일,광주광역시 서구 치평동,경상사고,0,0,1,0,차대차 - 기타,안전거리미확보,습기,비,단일로 - 기타,승용,남,27세,상해없음,화물,남,36세,경상
2012020700100097,2012년 2월 7일 05시,화요일,광주광역시 북구 신안동,경상사고,0,0,1,0,차대사람 - 기타,안전운전불이행,습기,맑음,단일로 - 기타,승용,기타불명,기타불명,기타불명,보행자,남,34세,경상
2012020700100119,2012년 2월 7일 06시,화요일,광주광역시 서구 금호동,중상사고,0,1,3,0,차대사람 - 기타,안전운전불이행,건조,맑음,교차로 - 교차로부근,승용,남,35세,상해없음,보행자,남,51세,중상
2012020700100167,2012년 2월 7일 08시,화요일,광주광역시 광산구 우산동,경상사고,0,0,3,0,차대차 - 측면직각충돌,안전운전불이행,건조,맑음,교차로 - 교차로안,승용,여,26세,기타불명,승합,남,39세,경상
2012020700100188,2012년 2월 7일 09시,화요일,광주광역시 서구 화정동,경상사고,0,0,1,0,차대차 - 기타,기타,건조,맑음,단일로 - 기타,승용,남,59세,상해없음,이륜,남,38세,상해없음
2012020700100206,2012년 2월 7일 10시,화요일,광주광역시 서구 치평동,경상사고,0,0,2,0,차대차 - 측면직각충돌,신호위반,건조,맑음,교차로 - 교차로안,승용,여,31세,상해없음,승용,남,49세,경상
2012020700100241,2012년 2월 7일 11시,화요일,광주광역시 동구 학동,경상사고,0,0,1,0,차대사람 - 횡단중,안전운전불이행,건조,맑음,단일로 - 횡단보도부근,승용,여,66세,상해없음,보행자,여,69세,경상
2012020700100288,2012년 2월 7일 13시,화요일,광주광역시 북구 일곡동,경상사고,0,0,3,0,차대차 - 추돌 - 주정차중,안전거리미확보,건조,맑음,단일로 - 기타,승용,여,50세,상해없음,승용,남,31세,경상
2012020700100289,2012년 2월 7일 13시,화요일,광주광역시 광산구 소촌동,중상사고,0,1,0,0,차대사람 - 길가장자리구역통행중,안전운전불이행,건조,맑음,단일로 - 기타,화물,남,24세,상해없음,보행자,여,62세,중상
2012020700100329,2012년 2월 7일 15시,화요일,광주광역시 서구 치평동,중상사고,0,2,0,0,차대차 - 측면직각충돌,중앙선침범,건조,흐림,단일로 - 기타,승용,남,60세,중상,화물,남,30세,중상
2012020700100354,2012년 2월 7일 16시,화요일,광주광역시 서구 쌍촌동,경상사고,0,0,2,0,차대차 - 추돌 - 진행중,안전운전불이행,건조,맑음,교차로 - 교차로부근,승용,여,39세,상해없음,승용,남,37세,경상
2012020700100380,2012년 2월 7일 17시,화요일,광주광역시 북구 문흥동,중상사고,0,1,0,0,차대차 - 추돌 - 진행중,안전운전불이행,건조,맑음,단일로 - 기타,승합,남,56세,상해없음,이륜,남,19세,중상
2012020700100381,2012년 2월 7일 17시,화요일,광주광역시 북구 매곡동,중상사고,0,1,3,0,차대차 - 추돌 - 진행중,중앙선침범,건조,맑음,단일로 - 기타,승용,여,44세,경상,승용,남,44세,중상
2012020700100420,2012년 2월 7일 18시,화요일,광주광역시 북구 문흥동,경상사고,0,0,1,0,차대차 - 추돌 - 주정차중,안전거리미확보,건조,맑음,단일로 - 기타,승용,남,40세,기타불명,승용,남,32세,경상
2012020700100543,2012년 2월 7일 22시,화요일,광주광역시 광산구 신창동,경상사고,0,0,1,0,차대차 - 측면직각충돌,신호위반,건조,맑음,교차로 - 교차로안,승용,남,56세,상해없음,승용,남,55세,경상
2012020800100026,2012년 2월 8일 01시,수요일,광주광역시 서구 치평동,경상사고,0,0,3,0,차대차 - 추돌 - 주정차중,안전운전불이행,결빙,눈,교차로 - 교차로부근,승용,남,34세,상해없음,승용,남,36세,경상
2012020800100040,2012년 2월 8일 02시,수요일,광주광역시 북구 용봉동,경상사고,0,0,2,0,차대차 - 측면직각충돌,신호위반,적설,눈,교차로 - 교차로안,승용,여,27세,상해없음,승용,남,51세,경상
2012020800100051,2012년 2월 8일 04시,수요일,광주광역시 광산구 운남동,경상사고,0,0,2,0,차대차 - 추돌 - 주정차중,안전운전불이행,건조,맑음,단일로 - 기타,승용,여,51세,경상,화물,미분류,기타불명,기타불명
2012020800100058,2012년 2월 8일 05시,수요일,광주광역시 남구 주월동,경상사고,0,0,1,0,차대차 - 기타,신호위반,적설,눈,교차로 - 교차로안,승용,남,62세,상해없음,특수,남,31세,상해없음
2012020800100200,2012년 2월 8일 11시,수요일,광주광역시 북구 운암동,경상사고,0,0,1,0,차대사람 - 차도통행중,안전운전불이행,기타,기타,단일로 - 기타,승용,여,40세,상해없음,보행자,남,24세,경상
2012020800100252,2012년 2월 8일 13시,수요일,광주광역시 광산구 수완동,경상사고,0,0,1,0,차대차 - 추돌 - 진행중,안전운전불이행,결빙,맑음,교차로 - 교차로안,승용,남,40세,상해없음,승용,여,36세,경상
2012020800100286,2012년 2월 8일 14시,수요일,광주광역시 동구 용산동,중상사고,0,1,0,0,차대차 - 추돌 - 주정차중,안전운전불이행,습기,눈,단일로 - 기타,화물,남,28세,중상,화물,남,42세,상해없음
2012020800100287,2012년 2월 8일 14시,수요일,광주광역시 서구 풍암동,중상사고,0,1,0,0,차대차 - 측면직각충돌,신호위반,적설,눈,단일로 - 횡단보도상,화물,남,47세,상해없음,자전거,남,13세,중상
2012020800100303,2012년 2월 8일 15시,수요일,광주광역시 북구 문흥동,경상사고,0,0,2,0,차대차 - 추돌 - 진행중,안전운전불이행,결빙,눈,단일로 - 기타,승용,남,28세,상해없음,화물,남,30세,경상
2012020800100309,2012년 2월 8일 15시,수요일,광주광역시 동구 계림동,중상사고,0,1,0,0,차대사람 - 횡단중,신호위반,결빙,눈,단일로 - 기타,승용,남,26세,상해없음,보행자,여,41세,중상
2012020800100310,2012년 2월 8일 15시,수요일,광주광역시 동구 계림동,경상사고,0,0,2,0,차대차 - 추돌 - 주정차중,안전거리미확보,결빙,눈,단일로 - 기타,승용,남,31세,상해없음,승용,남,28세,경상
2012020800100311,2012년 2월 8일 15시,수요일,광주광역시 동구 선교동,중상사고,0,1,1,0,차대차 - 추돌 - 주정차중,안전거리미확보,결빙,흐림,단일로 - 기타,승용,남,61세,상해없음,승합,남,36세,경상
2012020800100335,2012년 2월 8일 16시,수요일,광주광역시 광산구 수완동,경상사고,0,0,1,0,차대차 - 추돌 - 진행중,안전운전불이행,적설,눈,단일로 - 기타,건설기계,남,50세,상해없음,승용,남,42세,경상
2012020800100342,2012년 2월 8일 16시,수요일,광주광역시 동구 지산동,경상사고,0,0,1,0,차대차 - 추돌 - 진행중,안전운전불이행,적설,눈,단일로 - 기타,승용,남,32세,상해없음,승용,여,39세,경상
2012020800100343,2012년 2월 8일 16시,수요일,광주광역시 동구 산수동,경상사고,0,0,2,0,차대차 - 추돌 - 주정차중,안전운전불이행,적설,눈,단일로 - 기타,승용,여,69세,상해없음,화물,남,40세,경상
2012020800100344,2012년 2월 8일 16시,수요일,광주광역시 북구 운암동,중상사고,0,1,0,0,차대사람 - 기타,안전운전불이행,적설,눈,단일로 - 기타,화물,남,48세,상해없음,보행자,남,50세,중상
2012020800100345,2012년 2월 8일 16시,수요일,광주광역시 북구 양산동,경상사고,0,0,5,0,차대차 - 기타,안전거리미확보,적설,눈,단일로 - 기타,승용,여,29세,상해없음,승용,여,39세,경상
2012020800100346,2012년 2월 8일 16시,수요일,광주광역시 북구 우산동,경상사고,0,0,1,0,차대차 - 기타,안전운전불이행,결빙,눈,단일로 - 기타,승용,남,37세,상해없음,승용,남,32세,경상
2012020800100347,2012년 2월 8일 16시,수요일,광주광역시 북구 중흥동,경상사고,0,0,1,0,차대차 - 추돌 - 주정차중,안전거리미확보,결빙,눈,교차로 - 교차로부근,화물,남,31세,상해없음,화물,여,46세,경상
2012020800100348,2012년 2월 8일 16시,수요일,광주광역시 광산구 복룡동,경상사고,0,0,1,0,차대차 - 추돌 - 진행중,안전거리미확보,습기,눈,단일로 - 기타,화물,남,36세,상해없음,화물,남,56세,경상
2012020800100349,2012년 2월 8일 16시,수요일,광주광역시 광산구 수완동,경상사고,0,0,1,0,차대사람 - 길가장자리구역통행중,안전운전불이행,적설,눈,교차로 - 교차로부근,승용,남,40세,상해없음,보행자,남,12세,경상
2012020800100376,2012년 2월 8일 17시,수요일,광주광역시 서구 풍암동,경상사고,0,0,2,0,차대차 - 기타,안전거리미확보,결빙,눈,기타 - 기타,승용,여,43세,상해없음,승용,남,24세,경상
2012020800100377,2012년 2월 8일 17시,수요일,광주광역시 북구 운암동,경상사고,0,0,3,0,차대차 - 측면직각충돌,안전운전불이행,결빙,눈,단일로 - 기타,승용,남,39세,경상,화물,남,54세,경상
2012020800100378,2012년 2월 8일 17시,수요일,광주광역시 광산구 비아동,경상사고,0,0,2,0,차대차 - 추돌 - 진행중,안전거리미확보,건조,맑음,교차로 - 교차로부근,승용,남,49세,경상,승용,남,56세,경상
2012020800100426,2012년 2월 8일 18시,수요일,광주광역시 서구 벽진동,경상사고,0,0,2,0,차대차 - 측면직각충돌,안전운전불이행,건조,맑음,단일로 - 기타,승용,남,32세,경상,승용,여,46세,경상
2012020800100478,2012년 2월 8일 19시,수요일,광주광역시 북구 용봉동,경상사고,0,0,3,0,차대차 - 정면충돌,안전운전불이행,결빙,맑음,교차로 - 교차로부근,승용,여,48세,경상,승용,여,26세,경상
2012020800100479,2012년 2월 8일 19시,수요일,광주광역시 광산구 신가동,경상사고,0,0,1,0,차대차 - 측면직각충돌,안전운전불이행,결빙,눈,단일로 - 기타,승용,남,43세,경상,화물,남,30세,상해없음
2012020800100520,2012년 2월 8일 20시,수요일,광주광역시 광산구 운남동,중상사고,0,1,0,0,차대차 - 추돌 - 진행중,안전거리미확보,적설,눈,단일로 - 교량,승용,남,41세,상해없음,이륜,남,32세,중상
2012020800100549,2012년 2월 8일 21시,수요일,광주광역시 남구 진월동,중상사고,0,2,0,0,차대차 - 측면직각충돌,안전운전불이행,결빙,맑음,단일로 - 기타,승용,남,39세,상해없음,승용,여,41세,상해없음
2012020800100550,2012년 2월 8일 21시,수요일,광주광역시 북구 중흥동,경상사고,0,0,1,0,차대차 - 추돌 - 주정차중,안전거리미확보,결빙,눈,교차로 - 교차로부근,승용,남,37세,상해없음,승용,남,27세,경상
2012020800100551,2012년 2월 8일 21시,수요일,광주광역시 광산구 운남동,경상사고,0,0,2,0,차대차 - 측면직각충돌,신호위반,결빙,눈,교차로 - 교차로부근,승용,남,39세,경상,승용,여,42세,경상
2012020800100590,2012년 2월 8일 22시,수요일,광주광역시 광산구 신가동,경상사고,0,0,1,0,차대차 - 추돌 - 주정차중,안전운전불이행,적설,눈,단일로 - 기타,승용,남,41세,상해없음,승용,남,43세,경상
2012020800100619,2012년 2월 8일 23시,수요일,광주광역시 북구 운암동,경상사고,0,0,2,0,차대차 - 기타,안전운전불이행,적설,눈,단일로 - 기타,승용,여,51세,상해없음,승용,남,50세,경상
2012020900100023,2012년 2월 9일 00시,목요일,광주광역시 광산구 하남동,경상사고,0,0,1,0,차대차 - 측면직각충돌,안전운전불이행,결빙,눈,교차로 - 교차로안,승용,남,34세,경상,승용,남,25세,상해없음
2012020900100066,2012년 2월 9일 02시,목요일,광주광역시 서구 풍암동,경상사고,0,0,2,0,차대차 - 측면직각충돌,안전운전불이행,결빙,눈,단일로 - 기타,승용,남,49세,상해없음,승용,남,29세,경상
2012020900100067,2012년 2월 9일 02시,목요일,광주광역시 광산구 소촌동,경상사고,0,0,1,0,차대차 - 추돌 - 주정차중,안전운전불이행,적설,눈,단일로 - 기타,승용,남,25세,경상,승합,남,56세,기타불명
2012020900100084,2012년 2월 9일 04시,목요일,광주광역시 남구 방림동,사망사고,1,0,0,0,차대사람 - 횡단중,신호위반,적설,눈,단일로 - 횡단보도상,승용,남,43세,상해없음,보행자,남,71세,사망
2012020900100095,2012년 2월 9일 05시,목요일,광주광역시 서구 광천동,경상사고,0,0,1,0,차량단독 - 도로외이탈 - 기타,안전운전불이행,건조,맑음,단일로 - 기타,승용,남,36세,상해없음,,,,
2012020900100123,2012년 2월 9일 07시,목요일,광주광역시 북구 우산동,경상사고,0,0,2,0,차대차 - 측면직각충돌,교차로운행방법위반,적설,맑음,교차로 - 교차로안,승용,남,57세,상해없음,승합,남,56세,경상
2012020900100124,2012년 2월 9일 07시,목요일,광주광역시 광산구 월전동,경상사고,0,0,2,0,차대차 - 측면직각충돌,신호위반,결빙,눈,교차로 - 교차로안,승용,여,47세,경상,승용,남,39세,경상
2012020900100170,2012년 2월 9일 08시,목요일,광주광역시 동구 금남로5가,경상사고,0,0,1,0,차대차 - 측면직각충돌,신호위반,적설,흐림,교차로 - 교차로안,승용,남,28세,상해없음,승용,남,50세,경상
2012020900100171,2012년 2월 9일 08시,목요일,광주광역시 서구 쌍촌동,경상사고,0,0,1,0,차대차 - 추돌 - 주정차중,안전거리미확보,건조,맑음,단일로 - 기타,승용,남,46세,상해없음,승용,남,50세,상해없음
2012020900100172,2012년 2월 9일 08시,목요일,광주광역시 서구 풍암동,중상사고,0,1,0,0,차대사람 - 기타,안전운전불이행,건조,맑음,기타 - 기타,승용,남,50세,상해없음,보행자,여,66세,중상
2012020900100173,2012년 2월 9일 08시,목요일,광주광역시 남구 양림동,경상사고,0,0,1,0,차대사람 - 기타,안전운전불이행,결빙,맑음,단일로 - 기타,승용,여,45세,상해없음,보행자,남,28세,경상
2012020900100174,2012년 2월 9일 08시,목요일,광주광역시 광산구 우산동,경상사고,0,0,1,0,차대차 - 기타,안전운전불이행,결빙,눈,기타 - 기타,승합,남,47세,상해없음,승합,남,58세,상해없음
2012020900100175,2012년 2월 9일 08시,목요일,광주광역시 북구 운암동,부상신고사고,0,0,0,1,차대사람 - 기타,안전운전불이행,적설,맑음,단일로 - 횡단보도상,기타불명,기타불명,기타불명,기타불명,보행자,남,7세,부상신고
2012020900100176,2012년 2월 9일 08시,목요일,광주광역시 북구 신안동,경상사고,0,0,4,0,차대차 - 추돌 - 주정차중,안전운전불이행,결빙,흐림,단일로 - 기타,승합,남,45세,상해없음,승합,남,62세,상해없음
2012020900100235,2012년 2월 9일 10시,목요일,광주광역시 광산구 산월동,경상사고,0,0,1,0,차대차 - 추돌 - 진행중,안전거리미확보,결빙,맑음,단일로 - 기타,승용,남,38세,상해없음,승용,남,34세,경상
2012020900100293,2012년 2월 9일 12시,목요일,광주광역시 남구 주월동,경상사고,0,0,1,0,차대차 - 기타,안전거리미확보,건조,맑음,단일로 - 기타,이륜,남,34세,경상,승용,남,50세,상해없음
2012020900100327,2012년 2월 9일 13시,목요일,광주광역시 서구 금호동,중상사고,0,1,0,0,차대사람 - 기타,안전운전불이행,건조,맑음,단일로 - 횡단보도상,승합,남,66세,상해없음,보행자,남,7세,중상
2012020900100328,2012년 2월 9일 13시,목요일,광주광역시 광산구 수완동,경상사고,0,0,2,0,차대차 - 측면직각충돌,신호위반,습기,맑음,교차로 - 교차로안,승용,남,50세,상해없음,승용,남,56세,상해없음
2012020900100384,2012년 2월 9일 15시,목요일,광주광역시 서구 광천동,경상사고,0,0,1,0,차대차 - 기타,안전거리미확보,건조,맑음,단일로 - 기타,승합,남,57세,상해없음,승용,남,32세,경상
2012020900100443,2012년 2월 9일 17시,목요일,광주광역시 북구 동림동,경상사고,0,0,1,0,차대차 - 정면충돌,안전운전불이행,건조,맑음,단일로 - 기타,화물,남,47세,상해없음,승용,남,39세,경상
2012020900100486,2012년 2월 9일 18시,목요일,광주광역시 서구 치평동,경상사고,0,0,1,0,차대차 - 기타,안전거리미확보,건조,맑음,단일로 - 기타,승용,여,55세,상해없음,승용,남,26세,경상
2012020900100524,2012년 2월 9일 19시,목요일,광주광역시 서구 치평동,경상사고,0,0,2,0,차대차 - 측면직각충돌,안전거리미확보,건조,맑음,교차로 - 교차로부근,승합,남,50세,상해없음,승용,여,32세,경상
2012020900100591,2012년 2월 9일 21시,목요일,광주광역시 서구 화정동,경상사고,0,0,1,0,차량단독 - 기타,기타,건조,맑음,단일로 - 기타,승용,남,61세,상해없음,,,,
2012020900100630,2012년 2월 9일 22시,목요일,광주광역시 동구 지산동,중상사고,0,1,1,0,차대차 - 추돌 - 진행중,안전거리미확보,건조,맑음,단일로 - 기타,이륜,남,21세,중상,승용,남,27세,경상
2012020900100631,2012년 2월 9일 22시,목요일,광주광역시 광산구 오선동,경상사고,0,0,2,0,차대차 - 측면직각충돌,신호위반,건조,맑음,교차로 - 교차로안,승용,남,24세,상해없음,승용,남,31세,경상
2012021000100042,2012년 2월 10일 01시,금요일,광주광역시 동구 수기동,경상사고,0,0,1,0,차대사람 - 횡단중,안전운전불이행,건조,맑음,단일로 - 횡단보도부근,승용,남,48세,상해없음,보행자,여,21세,경상
2012021000100129,2012년 2월 10일 07시,금요일,광주광역시 광산구 우산동,경상사고,0,0,2,0,차대차 - 추돌 - 진행중,안전운전불이행,건조,맑음,단일로 - 기타,승용,남,43세,상해없음,승용,남,52세,경상
2012021000100176,2012년 2월 10일 08시,금요일,광주광역시 광산구 수완동,경상사고,0,0,2,0,차대차 - 추돌 - 진행중,직진우회전진행방해,건조,맑음,교차로 - 교차로안,승용,남,34세,상해없음,승용,남,29세,경상
2012021000100200,2012년 2월 10일 09시,금요일,광주광역시 서구 농성동,경상사고,0,0,1,0,차대차 - 추돌 - 진행중,안전거리미확보,건조,맑음,교차로 - 교차로부근,승합,남,61세,기타불명,승용,남,32세,경상
2012021000100224,2012년 2월 10일 10시,금요일,광주광역시 북구 동림동,경상사고,0,0,1,0,차대차 - 측면직각충돌,신호위반,건조,맑음,교차로 - 교차로안,승용,남,59세,상해없음,원동기,남,21세,경상
2012021000100301,2012년 2월 10일 13시,금요일,광주광역시 북구 두암동,경상사고,0,0,1,0,차대차 - 측면직각충돌,안전운전불이행,건조,맑음,단일로 - 기타,승용,남,52세,상해없음,승용,남,46세,경상
2012021000100336,2012년 2월 10일 14시,금요일,광주광역시 광산구 송정동,경상사고,0,0,1,0,차대사람 - 차도통행중,안전운전불이행,건조,맑음,단일로 - 기타,승용,남,40세,상해없음,보행자,여,17세,경상
2012021000100376,2012년 2월 10일 15시,금요일,광주광역시 남구 백운동,경상사고,0,0,1,0,차대차 - 기타,안전거리미확보,건조,맑음,단일로 - 기타,승용,남,50세,상해없음,승용,여,32세,상해없음
2012021000100377,2012년 2월 10일 15시,금요일,광주광역시 광산구 수완동,경상사고,0,0,1,0,차대차 - 측면직각충돌,안전운전불이행,건조,맑음,단일로 - 기타,화물,남,64세,상해없음,승용,남,48세,경상
2012021000100408,2012년 2월 10일 16시,금요일,광주광역시 서구 광천동,중상사고,0,1,5,0,차대차 - 측면직각충돌,중앙선침범,건조,맑음,단일로 - 기타,승용,남,24세,상해없음,화물,남,44세,경상
2012021000100438,2012년 2월 10일 17시,금요일,광주광역시 동구 서석동,부상신고사고,0,0,0,1,차대차 - 추돌 - 진행중,안전거리미확보,건조,맑음,단일로 - 기타,승용,여,32세,상해없음,화물,남,55세,부상신고
2012021000100547,2012년 2월 10일 19시,금요일,광주광역시 동구 학동,경상사고,0,0,1,0,차대사람 - 차도통행중,안전운전불이행,건조,맑음,단일로 - 기타,승합,남,43세,상해없음,보행자,남,80세,경상
2012021000100548,2012년 2월 10일 19시,금요일,광주광역시 북구 용봉동,경상사고,0,0,1,0,차대차 - 측면직각충돌,안전운전불이행,건조,맑음,단일로 - 기타,승용,기타불명,기타불명,기타불명,이륜,남,18세,경상
2012021000100549,2012년 2월 10일 19시,금요일,광주광역시 북구 두암동,경상사고,0,0,1,0,차대사람 - 보도통행중,안전운전불이행,건조,맑음,단일로 - 기타,승용,기타불명,기타불명,기타불명,보행자,여,84세,경상
2012021000100550,2012년 2월 10일 19시,금요일,광주광역시 광산구 월계동,중상사고,0,1,0,0,차대차 - 측면직각충돌,신호위반,건조,맑음,교차로 - 교차로안,승용,남,65세,상해없음,원동기,남,18세,중상
2012021000100585,2012년 2월 10일 20시,금요일,광주광역시 서구 광천동,경상사고,0,0,1,0,차대차 - 측면직각충돌,안전거리미확보,건조,맑음,교차로 - 교차로안,승용,남,49세,상해없음,승용,여,51세,경상
2012021000100586,2012년 2월 10일 20시,금요일,광주광역시 서구 화정동,중상사고,0,1,1,0,차대차 - 측면직각충돌,신호위반,건조,맑음,교차로 - 교차로부근,이륜,남,32세,중상,원동기,남,18세,경상
2012021000100587,2012년 2월 10일 20시,금요일,광주광역시 북구 매곡동,경상사고,0,0,2,0,차대차 - 기타,안전운전불이행,건조,맑음,교차로 - 교차로안,승용,여,23세,상해없음,승용,여,45세,경상
2012021000100618,2012년 2월 10일 21시,금요일,광주광역시 북구 운암동,경상사고,0,0,2,0,차대사람 - 기타,안전운전불이행,건조,맑음,단일로 - 기타,이륜,남,36세,경상,보행자,여,28세,경상
2012021000100619,2012년 2월 10일 21시,금요일,광주광역시 북구 우산동,중상사고,0,1,0,0,차대차 - 측면직각충돌,안전운전불이행,건조,맑음,단일로 - 기타,승용,남,38세,상해없음,이륜,남,48세,중상
2012021000100663,2012년 2월 10일 22시,금요일,광주광역시 서구 화정동,경상사고,0,0,2,0,차대차 - 추돌 - 진행중,안전운전불이행,건조,맑음,단일로 - 기타,승용,남,39세,상해없음,승용,남,24세,경상
2012021000100664,2012년 2월 10일 22시,금요일,광주광역시 북구 용봉동,경상사고,0,0,4,0,차대차 - 추돌 - 주정차중,안전운전불이행,건조,맑음,교차로 - 교차로부근,승용,남,51세,상해없음,승용,남,28세,경상
2012021100100025,2012년 2월 11일 00시,토요일,광주광역시 광산구 쌍암동,경상사고,0,0,2,0,차대차 - 측면직각충돌,교차로운행방법위반,건조,맑음,교차로 - 교차로안,승용,남,25세,상해없음,승용,남,36세,경상
2012021100100061,2012년 2월 11일 01시,토요일,광주광역시 서구 치평동,경상사고,0,0,1,0,차대사람 - 차도통행중,안전운전불이행,건조,맑음,교차로 - 교차로안,승용,남,42세,상해없음,보행자,남,27세,경상
2012021100100062,2012년 2월 11일 01시,토요일,광주광역시 서구 화정동,중상사고,0,1,0,0,차량단독 - 전도전복,안전운전불이행,건조,맑음,교차로 - 교차로부근,이륜,남,34세,중상,,,,
2012021100100063,2012년 2월 11일 01시,토요일,광주광역시 북구 유동,경상사고,0,0,1,0,차량단독 - 공작물충돌,안전운전불이행,건조,맑음,단일로 - 기타,승용,남,27세,상해없음,,,,
2012021100100064,2012년 2월 11일 01시,토요일,광주광역시 광산구 오선동,경상사고,0,0,2,0,차대차 - 추돌 - 주정차중,안전거리미확보,건조,맑음,교차로 - 교차로안,승용,남,40세,상해없음,승용,남,28세,경상
2012021100100086,2012년 2월 11일 02시,토요일,광주광역시 북구 두암동,경상사고,0,0,3,0,차대사람 - 기타,안전운전불이행,건조,맑음,기타 - 기타,승용,남,46세,상해없음,보행자,남,32세,경상
2012021100100096,2012년 2월 11일 03시,토요일,광주광역시 서구 금호동,경상사고,0,0,2,0,차대차 - 추돌 - 주정차중,안전거리미확보,건조,맑음,단일로 - 기타,승용,남,28세,상해없음,화물,남,44세,경상
2012021100100097,2012년 2월 11일 03시,토요일,광주광역시 북구 중흥동,경상사고,0,0,1,0,차대차 - 추돌 - 주정차중,안전운전불이행,건조,맑음,단일로 - 기타,승용,남,27세,상해없음,화물,남,56세,경상
2012021100100111,2012년 2월 11일 04시,토요일,광주광역시 서구 치평동,경상사고,0,0,4,0,차대차 - 정면충돌,안전운전불이행,건조,맑음,단일로 - 기타,승용,남,25세,상해없음,승용,남,31세,경상
2012021100100112,2012년 2월 11일 04시,토요일,광주광역시 북구 운암동,경상사고,0,0,1,0,차량단독 - 공작물충돌,안전운전불이행,건조,맑음,미분류 - 미분류,승용,남,25세,경상,,,,
2012021100100219,2012년 2월 11일 09시,토요일,광주광역시 서구 광천동,경상사고,0,0,1,0,차대차 - 추돌 - 진행중,안전거리미확보,건조,맑음,교차로 - 교차로부근,화물,남,37세,상해없음,승합,남,53세,경상
2012021100100306,2012년 2월 11일 12시,토요일,광주광역시 북구 운암동,경상사고,0,0,3,0,차대차 - 추돌 - 진행중,안전거리미확보,건조,맑음,단일로 - 기타,승용,남,24세,상해없음,승용,남,64세,경상
2012021100100338,2012년 2월 11일 13시,토요일,광주광역시 서구 양동,경상사고,0,0,1,0,차대차 - 추돌 - 진행중,안전운전불이행,건조,맑음,교차로 - 교차로안,승용,남,60세,상해없음,승용,남,31세,경상
2012021100100339,2012년 2월 11일 13시,토요일,광주광역시 북구 용봉동,경상사고,0,0,1,0,차대사람 - 기타,안전운전불이행,건조,맑음,단일로 - 기타,이륜,남,43세,상해없음,보행자,여,43세,경상
2012021100100398,2012년 2월 11일 15시,토요일,광주광역시 동구 동명동,경상사고,0,0,1,0,차대사람 - 횡단중,안전운전불이행,건조,맑음,단일로 - 기타,승용,여,42세,상해없음,보행자,여,20세,경상
2012021100100431,2012년 2월 11일 16시,토요일,광주광역시 광산구 도천동,경상사고,0,0,1,0,차대차 - 측면직각충돌,안전거리미확보,건조,맑음,단일로 - 기타,화물,남,39세,기타불명,승용,남,53세,경상