사고번호,사고일시,요일,시군구,사고내용,사망자수,중상자수,경상자수,부상신고자수,사고유형,법규위반,노면상태,기상상태,도로형태,가해운전자 차종,가해운전자 성별,가해운전자 연령,가해운전자 상해정도,피해운전자 차종,피해운전자 성별,피해운전자 연령,피해운전자 상해정도
2012022300100378,2012년 2월 23일 18시,목요일,광주광역시 동구 대인동,경상사고,0,0,3,0,차대차 - 측면직각충돌,교차로운행방법위반,건조,맑음,교차로 - 교차로안,화물,남,59세,기타불명,승용,남,47세,경상
2012022300100379,2012년 2월 23일 18시,목요일,광주광역시 북구 본촌동,경상사고,0,0,1,0,차대차 - 측면직각충돌,교차로운행방법위반,건조,맑음,교차로 - 교차로안,승용,남,57세,상해없음,승용,남,50세,경상
2012022300100380,2012년 2월 23일 18시,목요일,광주광역시 광산구 도산동,중상사고,0,1,0,0,차대사람 - 횡단중,안전운전불이행,건조,맑음,단일로 - 기타,승용,남,56세,상해없음,보행자,여,86세,중상
2012022300100404,2012년 2월 23일 19시,목요일,광주광역시 남구 백운동,중상사고,0,1,0,0,차대사람 - 횡단중,신호위반,건조,맑음,교차로 - 교차로부근,승용,여,23세,상해없음,보행자,남,62세,중상
2012022300100405,2012년 2월 23일 19시,목요일,광주광역시 북구 중흥동,경상사고,0,0,2,0,차대차 - 추돌 - 주정차중,안전거리미확보,건조,맑음,단일로 - 횡단보도부근,화물,남,46세,상해없음,승용,남,27세,경상
2012022300100427,2012년 2월 23일 20시,목요일,광주광역시 광산구 우산동,경상사고,0,0,1,0,차대차 - 측면직각충돌,안전거리미확보,건조,맑음,단일로 - 기타,승용,남,42세,상해없음,승용,남,44세,경상
2012022300100428,2012년 2월 23일 20시,목요일,광주광역시 광산구 하남동,경상사고,0,0,2,0,차대차 - 측면직각충돌,교차로운행방법위반,건조,맑음,교차로 - 교차로안,승용,남,52세,경상,승용,남,42세,상해없음
2012022300100480,2012년 2월 23일 22시,목요일,광주광역시 서구 풍암동,경상사고,0,0,1,0,차대차 - 측면직각충돌,안전거리미확보,건조,맑음,교차로 - 교차로안,승용,남,57세,상해없음,승용,여,25세,경상
2012022300100503,2012년 2월 23일 23시,목요일,광주광역시 서구 쌍촌동,경상사고,0,0,1,0,차대차 - 추돌 - 주정차중,안전운전불이행,건조,맑음,교차로 - 교차로부근,승용,남,40세,상해없음,승용,남,44세,경상
2012022400100025,2012년 2월 24일 00시,금요일,광주광역시 남구 방림동,경상사고,0,0,1,0,차대차 - 추돌 - 주정차중,안전운전불이행,건조,맑음,단일로 - 기타,승용,여,44세,상해없음,승용,남,30세,기타불명
2012022400100026,2012년 2월 24일 00시,금요일,광주광역시 남구 봉선동,부상신고사고,0,0,0,1,차대사람 - 기타,안전운전불이행,건조,맑음,단일로 - 기타,승용,여,63세,상해없음,보행자,남,45세,부상신고
2012022400100027,2012년 2월 24일 00시,금요일,광주광역시 광산구 도산동,경상사고,0,0,1,0,차대차 - 측면직각충돌,교차로운행방법위반,건조,맑음,교차로 - 교차로안,승용,남,42세,상해없음,승용,남,25세,상해없음
2012022400100044,2012년 2월 24일 01시,금요일,광주광역시 남구 주월동,경상사고,0,0,1,0,차대차 - 추돌 - 주정차중,안전운전불이행,건조,맑음,단일로 - 기타,승용,남,27세,상해없음,승용,여,53세,기타불명
2012022400100077,2012년 2월 24일 03시,금요일,광주광역시 서구 쌍촌동,경상사고,0,0,1,0,차대차 - 추돌 - 주정차중,안전운전불이행,건조,맑음,교차로 - 교차로부근,승용,남,40세,경상,화물,남,28세,기타불명
2012022400100078,2012년 2월 24일 03시,금요일,광주광역시 서구 쌍촌동,경상사고,0,0,1,0,차대차 - 측면직각충돌,신호위반,건조,맑음,교차로 - 교차로안,승용,남,76세,상해없음,승용,여,31세,경상
2012022400100143,2012년 2월 24일 07시,금요일,광주광역시 서구 치평동,경상사고,0,0,1,0,차대차 - 측면직각충돌,신호위반,건조,맑음,교차로 - 교차로안,기타불명,기타불명,기타불명,기타불명,승용,남,30세,상해없음
2012022400100178,2012년 2월 24일 08시,금요일,광주광역시 광산구 운남동,경상사고,0,0,3,0,차대차 - 측면직각충돌,교차로운행방법위반,건조,맑음,교차로 - 교차로안,승합,남,45세,상해없음,승용,여,32세,경상
2012022400100222,2012년 2월 24일 10시,금요일,광주광역시 서구 화정동,부상신고사고,0,0,0,1,차대차 - 추돌 - 진행중,안전운전불이행,건조,맑음,단일로 - 기타,승용,여,46세,상해없음,승용,여,41세,부상신고
2012022400100266,2012년 2월 24일 12시,금요일,광주광역시 북구 양산동,경상사고,0,0,1,0,차대차 - 측면직각충돌,안전거리미확보,건조,맑음,단일로 - 기타,승용,남,45세,상해없음,원동기,남,20세,경상
2012022400100358,2012년 2월 24일 16시,금요일,광주광역시 동구 수기동,경상사고,0,0,1,0,차대차 - 측면직각충돌,안전운전불이행,건조,맑음,교차로 - 교차로안,승용,남,57세,상해없음,자전거,남,27세,경상
2012022400100466,2012년 2월 24일 19시,금요일,광주광역시 남구 주월동,경상사고,0,0,3,0,차대차 - 추돌 - 주정차중,안전거리미확보,습기,비,단일로 - 기타,승용,남,49세,상해없음,승용,남,30세,경상
2012022400100467,2012년 2월 24일 19시,금요일,광주광역시 광산구 장수동,중상사고,0,1,0,0,차대차 - 측면직각충돌,안전운전불이행,습기,비,교차로 - 교차로안,건설기계,남,46세,상해없음,자전거,남,15세,중상
2012022400100468,2012년 2월 24일 19시,금요일,광주광역시 광산구 산정동,경상사고,0,0,4,0,차대차 - 추돌 - 주정차중,안전운전불이행,습기,비,단일로 - 기타,승용,남,55세,경상,승용,남,42세,경상
2012022400100512,2012년 2월 24일 20시,금요일,광주광역시 북구 오치동,경상사고,0,0,1,0,차대사람 - 횡단중,보행자보호의무위반,건조,맑음,단일로 - 기타,승용,남,49세,상해없음,보행자,여,28세,경상
2012022400100591,2012년 2월 24일 22시,금요일,광주광역시 서구 금호동,중상사고,0,1,0,0,차대차 - 기타,중앙선침범,습기,비,단일로 - 기타,승용,남,49세,상해없음,자전거,여,47세,중상
2012022400100592,2012년 2월 24일 22시,금요일,광주광역시 광산구 신가동,중상사고,0,1,0,0,차대차 - 추돌 - 주정차중,안전운전불이행,습기,비,단일로 - 기타,승합,남,52세,상해없음,원동기,남,18세,중상
2012022400100627,2012년 2월 24일 23시,금요일,광주광역시 동구 충장로1가,경상사고,0,0,1,0,차대차 - 추돌 - 진행중,안전거리미확보,습기,비,단일로 - 기타,승용,남,26세,상해없음,승용,남,56세,경상
2012022400100628,2012년 2월 24일 23시,금요일,광주광역시 서구 동천동,경상사고,0,0,1,0,차대차 - 기타,신호위반,건조,맑음,교차로 - 교차로안,승용,남,53세,상해없음,승용,남,51세,경상
2012022400100629,2012년 2월 24일 23시,금요일,광주광역시 광산구 신촌동,경상사고,0,0,2,0,차대차 - 추돌 - 주정차중,안전운전불이행,습기,비,교차로 - 교차로부근,승용,남,48세,상해없음,승용,남,34세,경상
2012022500100035,2012년 2월 25일 00시,토요일,광주광역시 서구 화정동,경상사고,0,0,2,0,차대차 - 추돌 - 진행중,안전운전불이행,습기,맑음,교차로 - 교차로부근,승용,남,29세,상해없음,승용,남,36세,경상
2012022500100036,2012년 2월 25일 00시,토요일,광주광역시 남구 구동,경상사고,0,0,1,0,차대차 - 측면직각충돌,신호위반,습기,비,교차로 - 교차로안,기타불명,기타불명,기타불명,기타불명,승용,남,48세,상해없음
2012022500100064,2012년 2월 25일 01시,토요일,광주광역시 북구 양산동,경상사고,0,0,2,0,차대차 - 측면직각충돌,신호위반,건조,맑음,교차로 - 교차로안,승용,남,35세,상해없음,승용,남,48세,경상
2012022500100115,2012년 2월 25일 03시,토요일,광주광역시 동구 동명동,사망사고,1,0,0,0,차대차 - 추돌 - 진행중,과속,습기,비,교차로 - 교차로안,승용,남,56세,상해없음,승용,남,54세,상해없음
2012022500100116,2012년 2월 25일 03시,토요일,광주광역시 서구 치평동,경상사고,0,0,2,0,차대차 - 측면직각충돌,교차로운행방법위반,습기,흐림,교차로 - 교차로안,승용,남,55세,상해없음,승용,여,58세,상해없음
2012022500100138,2012년 2월 25일 04시,토요일,광주광역시 동구 선교동,경상사고,0,0,2,0,차대차 - 추돌 - 진행중,안전거리미확보,습기,비,단일로 - 기타,승용,여,45세,상해없음,승용,남,45세,경상
2012022500100139,2012년 2월 25일 04시,토요일,광주광역시 서구 화정동,경상사고,0,0,1,0,차대차 - 기타,안전운전불이행,건조,맑음,단일로 - 기타,승용,남,23세,상해없음,승용,남,26세,경상
2012022500100150,2012년 2월 25일 05시,토요일,광주광역시 서구 화정동,경상사고,0,0,1,0,차대차 - 측면직각충돌,안전거리미확보,건조,맑음,단일로 - 기타,승용,남,28세,상해없음,승용,남,42세,경상
2012022500100177,2012년 2월 25일 06시,토요일,광주광역시 광산구 우산동,중상사고,0,1,0,0,차대차 - 측면직각충돌,교차로운행방법위반,습기,흐림,교차로 - 교차로안,승용,남,60세,상해없음,화물,남,48세,중상
2012022500100195,2012년 2월 25일 07시,토요일,광주광역시 북구 양산동,중상사고,0,1,0,0,차대사람 - 횡단중,보행자보호의무위반,건조,맑음,교차로 - 교차로안,승용,여,47세,상해없음,보행자,남,83세,중상
2012022500100214,2012년 2월 25일 08시,토요일,광주광역시 남구 백운동,경상사고,0,0,1,0,차대차 - 기타,안전운전불이행,습기,흐림,단일로 - 기타,화물,남,39세,상해없음,승용,남,69세,상해없음
2012022500100215,2012년 2월 25일 08시,토요일,광주광역시 광산구 신창동,경상사고,0,0,1,0,차대차 - 측면직각충돌,중앙선침범,건조,맑음,단일로 - 기타,승용,남,28세,상해없음,승합,남,56세,상해없음
2012022500100216,2012년 2월 25일 08시,토요일,광주광역시 광산구 송정동,경상사고,0,0,1,0,차대차 - 측면직각충돌,교차로운행방법위반,건조,맑음,단일로 - 기타,승용,남,59세,상해없음,승용,여,62세,경상
2012022500100252,2012년 2월 25일 10시,토요일,광주광역시 서구 농성동,경상사고,0,0,1,0,차대차 - 추돌 - 진행중,안전거리미확보,건조,흐림,단일로 - 기타,화물,남,39세,상해없음,승용,남,41세,경상
2012022500100273,2012년 2월 25일 11시,토요일,광주광역시 광산구 옥동,경상사고,0,0,3,0,차대차 - 정면충돌,안전운전불이행,건조,맑음,교차로 - 교차로안,승용,남,35세,경상,승용,남,39세,상해없음
2012022500100274,2012년 2월 25일 11시,토요일,광주광역시 광산구 임곡동,경상사고,0,0,1,0,차대차 - 정면충돌,중앙선침범,건조,맑음,단일로 - 교량,자전거,남,78세,경상,화물,남,37세,상해없음
2012022500100304,2012년 2월 25일 13시,토요일,광주광역시 광산구 신가동,부상신고사고,0,0,0,1,차대사람 - 기타,안전운전불이행,건조,맑음,단일로 - 기타,원동기,남,52세,상해없음,보행자,여,32세,부상신고
2012022500100352,2012년 2월 25일 15시,토요일,광주광역시 서구 유촌동,중상사고,0,2,4,0,차대차 - 측면직각충돌,안전운전불이행,건조,맑음,단일로 - 기타,승용,남,25세,경상,승용,남,57세,경상
2012022500100446,2012년 2월 25일 18시,토요일,광주광역시 북구 두암동,경상사고,0,0,1,0,차대차 - 기타,중앙선침범,건조,흐림,단일로 - 기타,승용,남,68세,상해없음,이륜,남,38세,경상
2012022500100486,2012년 2월 25일 19시,토요일,광주광역시 북구 두암동,경상사고,0,0,1,0,차대사람 - 기타,안전운전불이행,건조,맑음,단일로 - 횡단보도상,승용,남,50세,상해없음,보행자,여,68세,경상
2012022500100532,2012년 2월 25일 20시,토요일,광주광역시 광산구 월곡동,경상사고,0,0,2,0,차대차 - 기타,안전거리미확보,건조,맑음,교차로 - 교차로부근,승합,남,46세,상해없음,승합,남,36세,상해없음
2012022500100565,2012년 2월 25일 21시,토요일,광주광역시 광산구 장덕동,경상사고,0,0,5,0,차대차 - 측면직각충돌,교차로운행방법위반,건조,맑음,교차로 - 교차로안,승용,남,37세,상해없음,승용,여,49세,경상
2012022500100624,2012년 2월 25일 23시,토요일,광주광역시 북구 임동,경상사고,0,0,7,0,차대차 - 추돌 - 주정차중,안전운전불이행,건조,맑음,단일로 - 기타,승용,남,23세,경상,승용,남,53세,경상
2012022600100041,2012년 2월 26일 01시,일요일,광주광역시 서구 치평동,경상사고,0,0,2,0,차대차 - 측면직각충돌,신호위반,건조,맑음,교차로 - 교차로안,승용,남,26세,상해없음,승용,남,32세,경상
2012022600100054,2012년 2월 26일 02시,일요일,광주광역시 동구 학동,경상사고,0,0,1,0,차량단독 - 공작물충돌,안전운전불이행,건조,맑음,단일로 - 기타,승용,남,41세,경상,,,,
2012022600100055,2012년 2월 26일 02시,일요일,광주광역시 광산구 신가동,경상사고,0,0,1,0,차대차 - 추돌 - 진행중,안전운전불이행,건조,맑음,단일로 - 기타,기타불명,기타불명,기타불명,기타불명,이륜,남,17세,경상
2012022600100112,2012년 2월 26일 08시,일요일,광주광역시 광산구 우산동,경상사고,0,0,2,0,차대차 - 측면직각충돌,안전거리미확보,건조,맑음,단일로 - 교량,기타불명,기타불명,기타불명,기타불명,승용,여,37세,경상
2012022600100177,2012년 2월 26일 13시,일요일,광주광역시 서구 농성동,경상사고,0,0,1,0,차대차 - 추돌 - 주정차중,안전운전불이행,기타,맑음,교차로 - 교차로부근,승용,남,60세,상해없음,이륜,남,61세,경상
2012022600100178,2012년 2월 26일 13시,일요일,광주광역시 서구 매월동,경상사고,0,0,1,0,차대차 - 측면직각충돌,신호위반,건조,맑음,교차로 - 교차로안,승합,남,42세,상해없음,승용,남,25세,경상
2012022600100261,2012년 2월 26일 17시,일요일,광주광역시 서구 동천동,중상사고,0,1,0,0,차대사람 - 횡단중,안전운전불이행,건조,맑음,단일로 - 횡단보도상,승합,남,56세,상해없음,보행자,여,15세,중상
2012022600100340,2012년 2월 26일 20시,일요일,광주광역시 서구 화정동,경상사고,0,0,1,0,차대사람 - 길가장자리구역통행중,안전운전불이행,건조,맑음,단일로 - 기타,승용,남,49세,상해없음,보행자,남,3세,경상
2012022600100341,2012년 2월 26일 20시,일요일,광주광역시 북구 오룡동,경상사고,0,0,1,0,차대사람 - 차도통행중,안전운전불이행,건조,맑음,단일로 - 기타,승용,남,45세,상해없음,보행자,남,63세,경상
2012022600100382,2012년 2월 26일 22시,일요일,광주광역시 서구 금호동,경상사고,0,0,2,0,차대차 - 측면직각충돌,중앙선침범,건조,흐림,단일로 - 기타,승용,남,48세,상해없음,승용,남,35세,경상
2012022600100398,2012년 2월 26일 23시,일요일,광주광역시 북구 임동,경상사고,0,0,2,0,차대차 - 추돌 - 주정차중,안전거리미확보,건조,맑음,단일로 - 기타,승합,남,18세,상해없음,화물,남,42세,경상
2012022700100010,2012년 2월 27일 00시,월요일,광주광역시 남구 진월동,경상사고,0,0,1,0,차대차 - 측면직각충돌,신호위반,건조,맑음,교차로 - 교차로부근,승용,남,19세,상해없음,승용,남,60세,경상
2012022700100011,2012년 2월 27일 00시,월요일,광주광역시 광산구 장덕동,경상사고,0,0,2,0,차대차 - 추돌 - 주정차중,안전운전불이행,건조,맑음,단일로 - 기타,승용,남,36세,상해없음,승용,남,47세,경상
2012022700100026,2012년 2월 27일 01시,월요일,광주광역시 광산구 쌍암동,경상사고,0,0,1,0,차대차 - 측면직각충돌,신호위반,건조,맑음,교차로 - 교차로안,승용,남,28세,상해없음,승용,남,58세,경상
2012022700100027,2012년 2월 27일 01시,월요일,광주광역시 광산구 도산동,경상사고,0,0,1,0,차대사람 - 기타,안전운전불이행,건조,맑음,교차로 - 교차로안,승용,여,45세,상해없음,보행자,남,58세,경상
2012022700100034,2012년 2월 27일 02시,월요일,광주광역시 북구 용봉동,경상사고,0,0,1,0,차대차 - 추돌 - 진행중,안전운전불이행,건조,맑음,단일로 - 기타,승용,여,31세,기타불명,화물,남,41세,경상
2012022700100069,2012년 2월 27일 06시,월요일,광주광역시 광산구 월곡동,중상사고,0,1,0,0,차량단독 - 기타,안전운전불이행,건조,맑음,단일로 - 기타,승합,남,46세,상해없음,,,,
2012022700100084,2012년 2월 27일 07시,월요일,광주광역시 남구 지석동,경상사고,0,0,3,0,차대차 - 추돌 - 진행중,안전거리미확보,건조,맑음,단일로 - 기타,승용,남,51세,경상,승용,남,50세,상해없음
2012022700100107,2012년 2월 27일 08시,월요일,광주광역시 광산구 신촌동,경상사고,0,0,1,0,차대사람 - 기타,안전운전불이행,건조,맑음,단일로 - 기타,기타불명,기타불명,기타불명,기타불명,보행자,남,22세,경상
2012022700100132,2012년 2월 27일 09시,월요일,광주광역시 광산구 신창동,경상사고,0,0,1,0,차대차 - 측면직각충돌,안전운전불이행,건조,맑음,단일로 - 기타,승용,남,65세,상해없음,승용,여,45세,경상
2012022700100160,2012년 2월 27일 10시,월요일,광주광역시 북구 중흥동,경상사고,0,0,1,0,차대사람 - 횡단중,보행자보호의무위반,건조,맑음,교차로 - 교차로부근,승합,남,43세,상해없음,보행자,여,23세,경상
2012022700100246,2012년 2월 27일 13시,월요일,광주광역시 서구 금호동,중상사고,0,1,0,0,차대사람 - 횡단중,안전운전불이행,건조,맑음,단일로 - 기타,승용,여,44세,상해없음,보행자,여,49세,중상
2012022700100271,2012년 2월 27일 14시,월요일,광주광역시 서구 금호동,경상사고,0,0,1,0,차대차 - 기타,안전거리미확보,건조,맑음,단일로 - 기타,승용,여,49세,상해없음,승용,남,37세,경상
2012022700100272,2012년 2월 27일 14시,월요일,광주광역시 북구 양산동,중상사고,0,3,2,0,차대차 - 정면충돌,중앙선침범,건조,맑음,단일로 - 기타,승용,여,60세,상해없음,승용,여,35세,중상
2012022700100302,2012년 2월 27일 15시,월요일,광주광역시 동구 지산동,경상사고,0,0,1,0,차대사람 - 기타,안전운전불이행,건조,맑음,단일로 - 기타,승용,여,62세,상해없음,보행자,여,39세,경상
2012022700100335,2012년 2월 27일 16시,월요일,광주광역시 동구 대인동,경상사고,0,0,2,0,차대차 - 측면직각충돌,신호위반,건조,맑음,교차로 - 교차로안,화물,남,34세,상해없음,승용,남,26세,경상
2012022700100370,2012년 2월 27일 17시,월요일,광주광역시 광산구 지평동,중상사고,0,1,0,0,차대차 - 측면직각충돌,안전운전불이행,건조,맑음,단일로 - 기타,승합,남,49세,상해없음,원동기,남,25세,중상
2012022700100399,2012년 2월 27일 18시,월요일,광주광역시 북구 중흥동,경상사고,0,0,1,0,차대사람 - 길가장자리구역통행중,안전운전불이행,건조,맑음,단일로 - 기타,승용,남,24세,상해없음,보행자,여,40세,경상
2012022700100400,2012년 2월 27일 18시,월요일,광주광역시 광산구 수완동,경상사고,0,0,1,0,차대차 - 추돌 - 주정차중,안전운전불이행,건조,맑음,단일로 - 기타,승용,남,25세,기타불명,승용,여,27세,경상
2012022700100401,2012년 2월 27일 18시,월요일,광주광역시 광산구 수완동,경상사고,0,0,2,0,차대차 - 추돌 - 진행중,안전거리미확보,건조,맑음,단일로 - 기타,승용,남,30세,경상,화물,남,32세,경상
2012022700100441,2012년 2월 27일 19시,월요일,광주광역시 광산구 우산동,경상사고,0,0,1,0,차대사람 - 횡단중,신호위반,건조,맑음,단일로 - 횡단보도상,승합,남,40세,상해없음,보행자,여,14세,경상
2012022700100442,2012년 2월 27일 19시,월요일,광주광역시 광산구 송정동,경상사고,0,0,2,0,차대차 - 추돌 - 주정차중,안전운전불이행,건조,맑음,단일로 - 기타,승용,남,49세,상해없음,승용,남,40세,경상
2012022700100475,2012년 2월 27일 20시,월요일,광주광역시 북구 임동,부상신고사고,0,0,0,1,차량단독 - 기타,안전운전불이행,건조,맑음,단일로 - 기타,자전거,남,47세,부상신고,,,,
2012022700100476,2012년 2월 27일 20시,월요일,광주광역시 광산구 신가동,부상신고사고,0,0,0,1,차대차 - 기타,중앙선침범,건조,맑음,단일로 - 기타,기타불명,기타불명,기타불명,기타불명,이륜,남,30세,부상신고
2012022700100554,2012년 2월 27일 23시,월요일,광주광역시 북구 용봉동,경상사고,0,0,1,0,차대차 - 기타,안전운전불이행,건조,맑음,단일로 - 기타,승용,남,22세,상해없음,원동기,남,23세,경상
2012022700100555,2012년 2월 27일 23시,월요일,광주광역시 광산구 신창동,중상사고,0,1,1,0,차대차 - 추돌 - 진행중,안전운전불이행,건조,맑음,교차로 - 교차로부근,승용,남,36세,상해없음,승용,남,34세,중상
2012022800100037,2012년 2월 28일 01시,화요일,광주광역시 서구 금호동,경상사고,0,0,1,0,차대차 - 기타,안전운전불이행,건조,맑음,교차로 - 교차로부근,승용,남,33세,상해없음,승용,여,45세,경상
2012022800100057,2012년 2월 28일 03시,화요일,광주광역시 서구 치평동,중상사고,0,1,0,0,차대사람 - 횡단중,보행자보호의무위반,건조,맑음,교차로 - 교차로부근,승용,기타불명,기타불명,기타불명,보행자,여,64세,중상
2012022800100082,2012년 2월 28일 06시,화요일,광주광역시 북구 신용동,중상사고,0,1,1,1,차대차 - 추돌 - 진행중,신호위반,건조,맑음,교차로 - 교차로안,승용,남,25세,부상신고,승용,남,50세,경상
2012022800100102,2012년 2월 28일 07시,화요일,광주광역시 광산구 송정동,중상사고,0,1,0,0,차대차 - 측면직각충돌,직진우회전진행방해,건조,맑음,교차로 - 교차로안,승용,남,63세,상해없음,이륜,남,59세,중상
2012022800100133,2012년 2월 28일 09시,화요일,광주광역시 서구 치평동,경상사고,0,0,1,0,차대차 - 측면직각충돌,신호위반,건조,맑음,교차로 - 교차로안,승합,남,44세,상해없음,승용,여,61세,경상
2012022800100134,2012년 2월 28일 09시,화요일,광주광역시 북구 운암동,경상사고,0,0,1,0,차대차 - 측면직각충돌,교차로운행방법위반,건조,맑음,교차로 - 교차로안,건설기계,남,51세,상해없음,승용,남,58세,경상
2012022800100183,2012년 2월 28일 11시,화요일,광주광역시 북구 양산동,중상사고,0,1,0,0,차대차 - 측면직각충돌,안전운전불이행,건조,맑음,교차로 - 교차로안,원동기,남,28세,중상,화물,남,35세,상해없음
2012022800100184,2012년 2월 28일 11시,화요일,광주광역시 북구 운암동,중상사고,0,1,0,0,차대사람 - 기타,안전운전불이행,건조,맑음,단일로 - 기타,승용,기타불명,기타불명,기타불명,보행자,여,84세,중상
2012022800100223,2012년 2월 28일 13시,화요일,광주광역시 서구 쌍촌동,중상사고,0,1,0,0,차대사람 - 횡단중,안전운전불이행,건조,맑음,단일로 - 기타,승용,남,39세,상해없음,보행자,남,71세,중상
2012022800100224,2012년 2월 28일 13시,화요일,광주광역시 남구 월산동,경상사고,0,0,2,0,차대차 - 추돌 - 주정차중,안전운전불이행,건조,맑음,단일로 - 기타,승용,남,42세,상해없음,승용,남,51세,경상
2012022800100237,2012년 2월 28일 14시,화요일,광주광역시 서구 쌍촌동,부상신고사고,0,0,0,1,차대사람 - 횡단중,안전운전불이행,습기,흐림,단일로 - 횡단보도상,승용,기타불명,기타불명,기타불명,보행자,여,13세,부상신고
2012022800100257,2012년 2월 28일 15시,화요일,광주광역시 서구 화정동,경상사고,0,0,1,0,차대차 - 측면직각충돌,안전거리미확보,건조,흐림,단일로 - 기타,승용,남,67세,상해없음,원동기,남,57세,경상
2012022800100258,2012년 2월 28일 15시,화요일,광주광역시 북구 두암동,경상사고,0,0,2,0,차대차 - 측면직각충돌,교차로운행방법위반,건조,맑음,교차로 - 교차로안,승용,남,65세,경상,승용,남,51세,경상
2012022800100371,2012년 2월 28일 19시,화요일,광주광역시 서구 치평동,경상사고,0,0,2,0,차대차 - 측면직각충돌,신호위반,건조,맑음,교차로 - 교차로안,승용,남,34세,경상,승용,남,30세,상해없음
2012022800100372,2012년 2월 28일 19시,화요일,광주광역시 북구 중흥동,경상사고,0,0,1,0,차대차 - 추돌 - 진행중,안전운전불이행,습기,비,교차로 - 교차로부근,승용,남,25세,상해없음,이륜,남,33세,경상
2012022800100373,2012년 2월 28일 19시,화요일,광주광역시 북구 운암동,중상사고,0,1,0,0,차대사람 - 횡단중,안전운전불이행,건조,맑음,단일로 - 횡단보도상,승용,남,62세,상해없음,보행자,남,62세,중상
2012022800100374,2012년 2월 28일 19시,화요일,광주광역시 광산구 수완동,경상사고,0,0,1,0,차대사람 - 횡단중,보행자보호의무위반,건조,맑음,교차로 - 교차로부근,승용,남,56세,상해없음,보행자,여,26세,경상
2012022800100405,2012년 2월 28일 20시,화요일,광주광역시 동구 학동,경상사고,0,0,1,0,차대차 - 정면충돌,안전운전불이행,건조,흐림,교차로 - 교차로안,승용,남,53세,상해없음,승용,여,38세,경상
2012022800100406,2012년 2월 28일 20시,화요일,광주광역시 서구 풍암동,경상사고,0,0,1,0,차대차 - 기타,안전운전불이행,건조,맑음,교차로 - 교차로안,승용,남,44세,상해없음,이륜,남,24세,경상
2012022800100407,2012년 2월 28일 20시,화요일,광주광역시 서구 쌍촌동,경상사고,0,0,3,0,차대차 - 추돌 - 주정차중,안전운전불이행,건조,맑음,단일로 - 기타,승용,남,25세,상해없음,승용,남,60세,경상
2012022800100436,2012년 2월 28일 21시,화요일,광주광역시 광산구 소촌동,경상사고,0,0,1,0,차대차 - 추돌 - 진행중,안전운전불이행,건조,맑음,교차로 - 교차로부근,화물,남,60세,상해없음,승용,남,62세,경상
2012022800100457,2012년 2월 28일 22시,화요일,광주광역시 서구 치평동,경상사고,0,0,2,0,차대차 - 측면직각충돌,안전운전불이행,건조,흐림,교차로 - 교차로안,승용,여,38세,상해없음,승용,남,29세,경상
2012022800100458,2012년 2월 28일 22시,화요일,광주광역시 남구 백운동,중상사고,0,1,0,0,차대사람 - 기타,안전운전불이행,건조,맑음,단일로 - 기타,승용,여,44세,상해없음,보행자,남,46세,중상
2012022800100489,2012년 2월 28일 23시,화요일,광주광역시 서구 농성동,중상사고,0,1,0,0,차대차 - 추돌 - 주정차중,안전운전불이행,건조,맑음,교차로 - 교차로부근,이륜,남,19세,중상,화물,여,50세,상해없음
2012022800100490,2012년 2월 28일 23시,화요일,광주광역시 서구 풍암동,경상사고,0,0,1,0,차대사람 - 횡단중,신호위반,건조,맑음,교차로 - 교차로안,화물,남,49세,상해없음,보행자,여,20세,경상
2012022800100491,2012년 2월 28일 23시,화요일,광주광역시 북구 우산동,경상사고,0,0,1,0,차대차 - 추돌 - 진행중,안전운전불이행,건조,흐림,교차로 - 교차로부근,승용,남,47세,상해없음,자전거,남,24세,경상
2012022900100024,2012년 2월 29일 00시,수요일,광주광역시 동구 산수동,경상사고,0,0,1,0,차량단독 - 기타,안전운전불이행,건조,맑음,교차로 - 교차로안,승용,남,56세,상해없음,,,,
2012022900100025,2012년 2월 29일 00시,수요일,광주광역시 서구 치평동,경상사고,0,0,3,0,차대차 - 추돌 - 주정차중,안전거리미확보,건조,맑음,단일로 - 기타,승용,여,41세,상해없음,승용,남,59세,경상
2012022900100026,2012년 2월 29일 00시,수요일,광주광역시 북구 오치동,중상사고,0,1,0,0,차대차 - 추돌 - 주정차중,안전운전불이행,건조,맑음,교차로 - 교차로부근,승용,남,54세,상해없음,승용,남,40세,기타불명
2012022900100027,2012년 2월 29일 00시,수요일,광주광역시 광산구 우산동,경상사고,0,0,3,0,차대차 - 측면직각충돌,교차로운행방법위반,건조,맑음,교차로 - 교차로안,승용,여,54세,경상,승용,남,42세,경상
2012022900100089,2012년 2월 29일 05시,수요일,광주광역시 서구 광천동,경상사고,0,0,1,0,차대차 - 측면직각충돌,중앙선침범,건조,맑음,단일로 - 기타,승용,남,37세,상해없음,승용,남,59세,경상
2012022900100121,2012년 2월 29일 07시,수요일,광주광역시 북구 중흥동,경상사고,0,0,1,0,차대차 - 측면직각충돌,안전거리미확보,건조,맑음,단일로 - 기타,화물,남,51세,상해없음,화물,남,24세,경상