사고번호,사고일시,요일,시군구,사고내용,사망자수,중상자수,경상자수,부상신고자수,사고유형,법규위반,노면상태,기상상태,도로형태,가해운전자 차종,가해운전자 성별,가해운전자 연령,가해운전자 상해정도,피해운전자 차종,피해운전자 성별,피해운전자 연령,피해운전자 상해정도
2012022900100122,2012년 2월 29일 07시,수요일,광주광역시 광산구 도산동,경상사고,0,0,1,0,차대사람 - 차도통행중,안전운전불이행,건조,맑음,교차로 - 교차로안,승용,남,50세,상해없음,보행자,여,64세,경상
2012022900100123,2012년 2월 29일 07시,수요일,광주광역시 광산구 오선동,중상사고,0,1,0,0,차대차 - 측면직각충돌,신호위반,건조,맑음,단일로 - 기타,승용,남,48세,상해없음,이륜,남,79세,중상
2012022900100194,2012년 2월 29일 10시,수요일,광주광역시 북구 두암동,경상사고,0,0,2,0,차대차 - 추돌 - 주정차중,안전운전불이행,건조,맑음,기타 - 기타,승용,여,37세,경상,화물,남,42세,상해없음
2012022900100195,2012년 2월 29일 10시,수요일,광주광역시 북구 중흥동,경상사고,0,0,3,0,차대차 - 측면직각충돌,교차로운행방법위반,건조,맑음,교차로 - 교차로안,승용,남,46세,경상,승용,남,38세,경상
2012022900100217,2012년 2월 29일 11시,수요일,광주광역시 북구 중흥동,중상사고,0,1,0,0,차대사람 - 횡단중,보행자보호의무위반,건조,맑음,단일로 - 횡단보도상,승용,남,35세,상해없음,보행자,여,71세,중상
2012022900100218,2012년 2월 29일 11시,수요일,광주광역시 광산구 소촌동,경상사고,0,0,1,0,차대차 - 추돌 - 진행중,안전거리미확보,건조,맑음,단일로 - 기타,화물,남,37세,상해없음,승용,여,44세,경상
2012022900100219,2012년 2월 29일 11시,수요일,광주광역시 광산구 옥동,중상사고,0,1,0,0,차대차 - 측면직각충돌,신호위반,건조,맑음,교차로 - 교차로안,승용,남,79세,상해없음,화물,남,32세,중상
2012022900100220,2012년 2월 29일 11시,수요일,광주광역시 광산구 산정동,경상사고,0,0,2,0,차대차 - 측면직각충돌,안전거리미확보,건조,맑음,교차로 - 교차로안,승용,여,44세,경상,화물,남,52세,경상
2012022900100274,2012년 2월 29일 13시,수요일,광주광역시 남구 진월동,경상사고,0,0,1,0,차대차 - 기타,안전운전불이행,건조,맑음,단일로 - 기타,화물,남,32세,상해없음,자전거,남,70세,경상
2012022900100312,2012년 2월 29일 14시,수요일,광주광역시 북구 양산동,경상사고,0,0,1,0,차대차 - 측면직각충돌,교차로운행방법위반,건조,맑음,교차로 - 교차로부근,승용,남,56세,상해없음,승용,남,33세,상해없음
2012022900100337,2012년 2월 29일 15시,수요일,광주광역시 동구 동명동,부상신고사고,0,0,0,1,차대사람 - 기타,안전운전불이행,건조,맑음,단일로 - 기타,기타불명,기타불명,기타불명,기타불명,보행자,남,14세,부상신고
2012022900100365,2012년 2월 29일 16시,수요일,광주광역시 서구 화정동,중상사고,0,1,0,0,차대차 - 기타,중앙선침범,건조,맑음,단일로 - 기타,승용,남,56세,상해없음,자전거,여,63세,중상
2012022900100400,2012년 2월 29일 17시,수요일,광주광역시 광산구 월계동,경상사고,0,0,1,0,차대차 - 추돌 - 진행중,안전운전불이행,건조,맑음,교차로 - 교차로안,승용,남,41세,상해없음,승용,남,55세,경상
2012022900100401,2012년 2월 29일 17시,수요일,광주광역시 광산구 신가동,경상사고,0,0,1,0,차대차 - 측면직각충돌,불법유턴,건조,맑음,단일로 - 기타,승용,여,45세,상해없음,원동기,남,18세,경상
2012022900100494,2012년 2월 29일 20시,수요일,광주광역시 북구 각화동,경상사고,0,0,5,0,차대차 - 측면직각충돌,안전거리미확보,건조,맑음,단일로 - 기타,승용,여,49세,경상,승합,남,46세,상해없음
2012022900100537,2012년 2월 29일 21시,수요일,광주광역시 광산구 장록동,경상사고,0,0,1,0,차량단독 - 전도전복,안전운전불이행,습기,비,단일로 - 교량,이륜,여,34세,경상,,,,
2012022900100578,2012년 2월 29일 22시,수요일,광주광역시 동구 내남동,경상사고,0,0,2,0,차대차 - 추돌 - 진행중,신호위반,건조,맑음,교차로 - 교차로부근,승용,남,56세,경상,승용,남,37세,경상
2012022900100579,2012년 2월 29일 22시,수요일,광주광역시 남구 노대동,경상사고,0,0,1,0,차대차 - 기타,안전거리미확보,건조,맑음,단일로 - 기타,승용,남,31세,상해없음,승용,남,60세,상해없음
2012022900100580,2012년 2월 29일 22시,수요일,광주광역시 북구 삼각동,경상사고,0,0,2,0,차대차 - 추돌 - 주정차중,안전운전불이행,건조,맑음,단일로 - 기타,승용,여,41세,상해없음,승용,남,23세,경상
2012022900100610,2012년 2월 29일 23시,수요일,광주광역시 동구 광산동,중상사고,0,1,0,0,차대사람 - 길가장자리구역통행중,신호위반,건조,맑음,교차로 - 교차로안,승용,남,28세,상해없음,보행자,남,25세,상해없음
2012022900100611,2012년 2월 29일 23시,수요일,광주광역시 광산구 월계동,경상사고,0,0,1,0,차대차 - 측면직각충돌,교차로운행방법위반,건조,맑음,교차로 - 교차로안,승용,남,37세,상해없음,원동기,남,32세,경상
2012030100100125,2012년 3월 1일 06시,목요일,광주광역시 북구 풍향동,경상사고,0,0,1,0,차대차 - 기타,차로위반,건조,맑음,단일로 - 기타,승용,남,71세,상해없음,승용,남,35세,경상
2012030100100126,2012년 3월 1일 06시,목요일,광주광역시 서구 쌍촌동,중상사고,0,1,0,0,차대차 - 기타,안전운전불이행,건조,맑음,교차로 - 교차로부근,승용,남,20세,상해없음,승합,남,57세,상해없음
2012030100100230,2012년 3월 1일 12시,목요일,광주광역시 서구 양동,경상사고,0,0,1,0,차대사람 - 횡단중,안전운전불이행,건조,맑음,단일로 - 횡단보도상,승용,기타불명,기타불명,기타불명,보행자,여,54세,경상
2012030100100267,2012년 3월 1일 14시,목요일,광주광역시 북구 문흥동,경상사고,0,0,1,0,차대차 - 추돌 - 주정차중,안전거리미확보,건조,맑음,단일로 - 기타,승용,남,15세,상해없음,화물,남,40세,경상
2012030100100336,2012년 3월 1일 17시,목요일,광주광역시 서구 유촌동,중상사고,0,1,2,0,차대차 - 측면직각충돌,안전운전불이행,건조,맑음,단일로 - 기타,승용,남,19세,상해없음,승용,남,58세,상해없음
2012030100100337,2012년 3월 1일 17시,목요일,광주광역시 광산구 운남동,중상사고,0,1,0,0,차대차 - 측면직각충돌,신호위반,건조,맑음,단일로 - 횡단보도상,승용,여,45세,상해없음,자전거,여,21세,중상
2012030100100338,2012년 3월 1일 17시,목요일,광주광역시 광산구 우산동,경상사고,0,0,1,0,차대차 - 측면직각충돌,안전운전불이행,건조,맑음,교차로 - 교차로안,승합,기타불명,기타불명,기타불명,승합,남,51세,경상
2012030100100393,2012년 3월 1일 19시,목요일,광주광역시 북구 오치동,경상사고,0,0,1,0,차대차 - 기타,안전운전불이행,건조,맑음,교차로 - 교차로안,승용,남,48세,상해없음,승용,남,51세,경상
2012030100100436,2012년 3월 1일 21시,목요일,광주광역시 광산구 운남동,경상사고,0,0,1,0,차량단독 - 공작물충돌,불법유턴,건조,맑음,단일로 - 기타,화물,여,42세,경상,,,,
2012030200100008,2012년 3월 2일 00시,금요일,광주광역시 서구 쌍촌동,경상사고,0,0,1,0,차대차 - 측면직각충돌,안전운전불이행,건조,맑음,단일로 - 기타,원동기,남,17세,경상,승용,남,28세,상해없음
2012030200100009,2012년 3월 2일 00시,금요일,광주광역시 서구 화정동,경상사고,0,0,1,0,차대차 - 추돌 - 진행중,안전거리미확보,습기,비,단일로 - 기타,승용,남,44세,상해없음,승용,여,26세,경상
2012030200100010,2012년 3월 2일 00시,금요일,광주광역시 북구 동림동,경상사고,0,0,1,0,차대차 - 정면충돌,안전운전불이행,건조,맑음,교차로 - 교차로안,승용,남,47세,상해없음,승용,남,36세,경상
2012030200100038,2012년 3월 2일 03시,금요일,광주광역시 남구 봉선동,경상사고,0,0,2,0,차대차 - 측면직각충돌,교차로운행방법위반,건조,맑음,교차로 - 교차로안,승용,남,48세,상해없음,승용,남,28세,경상
2012030200100039,2012년 3월 2일 03시,금요일,광주광역시 광산구 도천동,경상사고,0,0,2,0,차대차 - 측면직각충돌,신호위반,습기,비,교차로 - 교차로안,승용,남,64세,경상,승용,남,43세,상해없음
2012030200100048,2012년 3월 2일 04시,금요일,광주광역시 서구 치평동,경상사고,0,0,1,0,차대차 - 추돌 - 진행중,안전거리미확보,건조,맑음,단일로 - 기타,승용,남,26세,상해없음,승용,남,25세,경상
2012030200100049,2012년 3월 2일 04시,금요일,광주광역시 서구 세하동,경상사고,0,0,1,0,차량단독 - 공작물충돌,안전운전불이행,습기,비,단일로 - 기타,승용,남,40세,경상,,,,
2012030200100144,2012년 3월 2일 08시,금요일,광주광역시 서구 쌍촌동,경상사고,0,0,1,0,차대차 - 측면직각충돌,교차로운행방법위반,건조,맑음,교차로 - 교차로안,승용,여,52세,상해없음,승용,남,27세,경상
2012030200100197,2012년 3월 2일 10시,금요일,광주광역시 서구 유촌동,중상사고,0,1,0,0,차대차 - 측면직각충돌,중앙선침범,건조,맑음,단일로 - 기타,승용,남,33세,상해없음,승용,남,30세,중상
2012030200100198,2012년 3월 2일 10시,금요일,광주광역시 남구 주월동,중상사고,0,3,1,0,차대차 - 추돌 - 주정차중,안전운전불이행,습기,비,교차로 - 교차로부근,승용,남,25세,상해없음,승용,남,49세,중상
2012030200100199,2012년 3월 2일 10시,금요일,광주광역시 광산구 송정동,경상사고,0,0,4,0,차대차 - 추돌 - 진행중,안전운전불이행,습기,비,교차로 - 교차로부근,특수,남,34세,상해없음,승합,남,45세,상해없음
2012030200100263,2012년 3월 2일 12시,금요일,광주광역시 북구 오치동,경상사고,0,0,1,0,차대차 - 추돌 - 진행중,안전운전불이행,건조,맑음,단일로 - 기타,승용,여,48세,상해없음,승용,여,37세,경상
2012030200100293,2012년 3월 2일 13시,금요일,광주광역시 북구 신안동,경상사고,0,0,1,0,차대차 - 기타,안전운전불이행,건조,맑음,단일로 - 기타,승용,남,60세,상해없음,승용,남,45세,상해없음
2012030200100294,2012년 3월 2일 13시,금요일,광주광역시 광산구 비아동,경상사고,0,0,1,0,차대차 - 추돌 - 진행중,안전운전불이행,습기,비,단일로 - 기타,화물,남,54세,상해없음,승용,남,30세,경상
2012030200100353,2012년 3월 2일 15시,금요일,광주광역시 광산구 월계동,부상신고사고,0,0,0,1,차대사람 - 횡단중,보행자보호의무위반,건조,맑음,단일로 - 횡단보도상,기타불명,기타불명,기타불명,기타불명,보행자,남,11세,부상신고
2012030200100448,2012년 3월 2일 18시,금요일,광주광역시 남구 주월동,경상사고,0,0,1,0,차대차 - 추돌 - 주정차중,안전운전불이행,건조,맑음,단일로 - 기타,화물,남,52세,상해없음,승용,남,28세,경상
2012030200100501,2012년 3월 2일 19시,금요일,광주광역시 서구 마륵동,경상사고,0,0,2,0,차대차 - 추돌 - 주정차중,안전거리미확보,건조,흐림,교차로 - 교차로부근,화물,남,60세,상해없음,승용,남,28세,경상
2012030200100552,2012년 3월 2일 20시,금요일,광주광역시 서구 치평동,경상사고,0,0,1,0,차대사람 - 횡단중,보행자보호의무위반,건조,맑음,단일로 - 횡단보도상,승용,남,35세,상해없음,보행자,남,35세,경상
2012030200100584,2012년 3월 2일 21시,금요일,광주광역시 서구 쌍촌동,경상사고,0,0,1,0,차대사람 - 횡단중,보행자보호의무위반,건조,흐림,단일로 - 기타,이륜,남,17세,상해없음,보행자,남,33세,경상
2012030200100585,2012년 3월 2일 21시,금요일,광주광역시 북구 운암동,경상사고,0,0,1,0,차대사람 - 길가장자리구역통행중,기타,건조,맑음,기타 - 기타,승용,남,61세,기타불명,보행자,여,16세,경상
2012030200100620,2012년 3월 2일 22시,금요일,광주광역시 동구 동명동,경상사고,0,0,2,0,차대차 - 추돌 - 진행중,안전거리미확보,건조,맑음,단일로 - 횡단보도부근,승용,남,35세,상해없음,승용,여,47세,경상
2012030200100621,2012년 3월 2일 22시,금요일,광주광역시 서구 풍암동,경상사고,0,0,1,0,차대차 - 기타,안전운전불이행,건조,맑음,교차로 - 교차로안,이륜,남,22세,경상,승용,남,55세,상해없음
2012030200100622,2012년 3월 2일 22시,금요일,광주광역시 남구 방림동,경상사고,0,0,2,0,차대차 - 측면직각충돌,안전거리미확보,건조,맑음,단일로 - 기타,승용,남,52세,상해없음,승합,남,40세,상해없음
2012030200100667,2012년 3월 2일 23시,금요일,광주광역시 광산구 하남동,경상사고,0,0,1,0,차대차 - 측면직각충돌,중앙선침범,건조,맑음,교차로 - 교차로부근,승용,남,38세,상해없음,승용,남,30세,경상
2012030300100029,2012년 3월 3일 00시,토요일,광주광역시 서구 쌍촌동,경상사고,0,0,1,0,차대차 - 측면직각충돌,안전운전불이행,건조,맑음,단일로 - 기타,승용,여,45세,상해없음,승용,남,65세,경상
2012030300100030,2012년 3월 3일 00시,토요일,광주광역시 북구 용봉동,경상사고,0,0,2,0,차대사람 - 기타,안전운전불이행,습기,흐림,단일로 - 기타,승용,남,23세,상해없음,보행자,남,18세,경상
2012030300100031,2012년 3월 3일 00시,토요일,광주광역시 광산구 수완동,경상사고,0,0,2,0,차대차 - 추돌 - 진행중,안전운전불이행,건조,맑음,교차로 - 교차로부근,승용,남,33세,상해없음,승용,남,32세,경상
2012030300100109,2012년 3월 3일 05시,토요일,광주광역시 서구 동천동,경상사고,0,0,1,0,차대차 - 추돌 - 진행중,안전운전불이행,건조,흐림,단일로 - 기타,승용,남,39세,상해없음,승합,남,44세,경상
2012030300100158,2012년 3월 3일 08시,토요일,광주광역시 서구 동천동,중상사고,0,2,1,0,차량단독 - 기타,안전운전불이행,건조,맑음,교차로 - 교차로부근,승용,남,22세,경상,,,,
2012030300100159,2012년 3월 3일 08시,토요일,광주광역시 북구 우산동,중상사고,0,1,0,0,차대차 - 측면직각충돌,안전운전불이행,건조,맑음,단일로 - 기타,원동기,여,41세,중상,승용,남,58세,상해없음
2012030300100200,2012년 3월 3일 10시,토요일,광주광역시 북구 일곡동,경상사고,0,0,1,0,차대차 - 추돌 - 진행중,안전운전불이행,건조,맑음,교차로 - 교차로안,승용,기타불명,기타불명,기타불명,승용,여,21세,경상
2012030300100239,2012년 3월 3일 12시,토요일,광주광역시 광산구 월계동,경상사고,0,0,1,0,차대차 - 추돌 - 진행중,안전거리미확보,건조,맑음,단일로 - 기타,승용,남,37세,상해없음,승용,여,44세,경상
2012030300100258,2012년 3월 3일 13시,토요일,광주광역시 북구 우산동,경상사고,0,0,1,0,차대차 - 측면직각충돌,안전거리미확보,건조,맑음,단일로 - 기타,승합,남,59세,상해없음,자전거,남,17세,경상
2012030300100279,2012년 3월 3일 14시,토요일,광주광역시 서구 쌍촌동,경상사고,0,0,3,0,차대차 - 측면직각충돌,안전거리미확보,건조,맑음,단일로 - 기타,승용,여,68세,상해없음,화물,남,32세,경상
2012030300100280,2012년 3월 3일 14시,토요일,광주광역시 서구 매월동,경상사고,0,0,2,0,차대차 - 측면직각충돌,교차로운행방법위반,건조,맑음,교차로 - 교차로안,승용,남,42세,경상,승용,남,40세,경상
2012030300100311,2012년 3월 3일 15시,토요일,광주광역시 광산구 우산동,경상사고,0,0,2,0,차대차 - 기타,안전거리미확보,건조,맑음,단일로 - 기타,승용,남,45세,상해없음,승합,남,37세,경상
2012030300100336,2012년 3월 3일 16시,토요일,광주광역시 남구 월산동,경상사고,0,0,1,0,차대차 - 기타,신호위반,건조,맑음,교차로 - 교차로안,승용,여,25세,상해없음,승용,남,43세,경상
2012030300100364,2012년 3월 3일 17시,토요일,광주광역시 북구 두암동,부상신고사고,0,0,0,1,차대사람 - 횡단중,안전운전불이행,건조,맑음,교차로 - 교차로안,승용,여,47세,상해없음,보행자,남,50세,부상신고
2012030300100389,2012년 3월 3일 18시,토요일,광주광역시 광산구 신가동,경상사고,0,0,1,0,차대차 - 추돌 - 진행중,교차로운행방법위반,건조,맑음,교차로 - 교차로안,승용,남,39세,상해없음,원동기,남,18세,경상
2012030300100390,2012년 3월 3일 18시,토요일,광주광역시 광산구 우산동,경상사고,0,0,1,0,차대사람 - 차도통행중,안전운전불이행,건조,맑음,교차로 - 교차로안,승용,여,49세,상해없음,보행자,남,49세,경상
2012030300100423,2012년 3월 3일 19시,토요일,광주광역시 서구 매월동,경상사고,0,0,5,0,차대차 - 측면직각충돌,안전거리미확보,건조,맑음,단일로 - 기타,승용,여,47세,상해없음,승용,남,65세,경상
2012030300100458,2012년 3월 3일 20시,토요일,광주광역시 남구 봉선동,경상사고,0,0,2,0,차대차 - 기타,교차로운행방법위반,건조,맑음,교차로 - 교차로부근,승용,남,39세,상해없음,원동기,남,17세,경상
2012030400100019,2012년 3월 4일 00시,일요일,광주광역시 서구 쌍촌동,경상사고,0,0,1,0,차량단독 - 기타,안전운전불이행,건조,맑음,기타 - 기타,승용,남,57세,상해없음,,,,
2012030400100020,2012년 3월 4일 00시,일요일,광주광역시 광산구 월계동,중상사고,0,1,5,0,차대차 - 추돌 - 주정차중,안전운전불이행,건조,맑음,단일로 - 기타,승용,남,25세,상해없음,승용,남,61세,경상
2012030400100037,2012년 3월 4일 01시,일요일,광주광역시 동구 금남로4가,중상사고,0,1,2,0,차대차 - 측면직각충돌,신호위반,건조,맑음,교차로 - 교차로안,승용,남,61세,상해없음,승용,남,29세,중상
2012030400100038,2012년 3월 4일 01시,일요일,광주광역시 북구 풍향동,경상사고,0,0,1,0,차대사람 - 기타,안전운전불이행,건조,맑음,단일로 - 기타,승용,남,36세,상해없음,보행자,여,39세,경상
2012030400100039,2012년 3월 4일 01시,일요일,광주광역시 북구 양산동,중상사고,0,1,0,1,차대차 - 측면직각충돌,신호위반,건조,맑음,교차로 - 교차로안,승합,남,52세,부상신고,승용,여,27세,중상
2012030400100056,2012년 3월 4일 02시,일요일,광주광역시 북구 중흥동,경상사고,0,0,3,0,차대차 - 측면직각충돌,교차로운행방법위반,건조,맑음,교차로 - 교차로안,화물,남,22세,상해없음,승용,남,35세,경상
2012030400100066,2012년 3월 4일 03시,일요일,광주광역시 북구 양산동,중상사고,0,1,0,0,차대사람 - 횡단중,안전운전불이행,건조,맑음,단일로 - 기타,승용,남,27세,상해없음,보행자,남,54세,중상
2012030400100115,2012년 3월 4일 08시,일요일,광주광역시 서구 치평동,경상사고,0,0,1,0,차대차 - 측면직각충돌,안전거리미확보,건조,맑음,단일로 - 기타,승용,남,30세,상해없음,승용,여,54세,경상
2012030400100116,2012년 3월 4일 08시,일요일,광주광역시 북구 동림동,경상사고,0,0,3,0,차대차 - 측면직각충돌,신호위반,건조,맑음,교차로 - 교차로안,승용,남,59세,상해없음,승용,남,77세,경상
2012030400100163,2012년 3월 4일 12시,일요일,광주광역시 북구 각화동,경상사고,0,0,1,0,차대차 - 추돌 - 진행중,차로위반,습기,비,교차로 - 교차로부근,화물,남,57세,상해없음,원동기,남,31세,경상
2012030400100207,2012년 3월 4일 14시,일요일,광주광역시 서구 풍암동,중상사고,0,2,2,0,차대차 - 측면직각충돌,중앙선침범,습기,비,단일로 - 기타,승용,남,16세,상해없음,승용,남,46세,경상
2012030400100208,2012년 3월 4일 14시,일요일,광주광역시 서구 치평동,경상사고,0,0,1,0,차대사람 - 횡단중,신호위반,건조,맑음,단일로 - 기타,기타불명,기타불명,기타불명,기타불명,보행자,남,15세,경상
2012030400100236,2012년 3월 4일 15시,일요일,광주광역시 서구 쌍촌동,경상사고,0,0,1,0,차대차 - 측면직각충돌,교차로운행방법위반,건조,맑음,교차로 - 교차로안,승용,남,48세,상해없음,승용,남,36세,경상
2012030400100237,2012년 3월 4일 15시,일요일,광주광역시 남구 백운동,경상사고,0,0,1,0,차대차 - 측면직각충돌,차로위반,건조,흐림,단일로 - 기타,화물,여,75세,상해없음,승합,남,54세,경상
2012030400100302,2012년 3월 4일 18시,일요일,광주광역시 서구 쌍촌동,경상사고,0,0,8,0,차대차 - 측면직각충돌,신호위반,습기,비,교차로 - 교차로안,화물,남,49세,상해없음,승용,남,41세,경상
2012030400100303,2012년 3월 4일 18시,일요일,광주광역시 광산구 산정동,경상사고,0,0,1,0,차대차 - 측면직각충돌,교차로운행방법위반,건조,맑음,교차로 - 교차로안,이륜,남,22세,상해없음,승용,여,30세,경상
2012030400100341,2012년 3월 4일 19시,일요일,광주광역시 동구 대인동,경상사고,0,0,2,0,차대차 - 추돌 - 주정차중,안전운전불이행,습기,비,교차로 - 교차로부근,승용,남,52세,상해없음,승용,남,25세,경상
2012030400100342,2012년 3월 4일 19시,일요일,광주광역시 서구 쌍촌동,경상사고,0,0,2,0,차대차 - 측면직각충돌,안전운전불이행,건조,맑음,교차로 - 교차로부근,승합,남,57세,상해없음,승용,남,27세,상해없음
2012030400100343,2012년 3월 4일 19시,일요일,광주광역시 서구 치평동,경상사고,0,0,3,0,차대차 - 추돌 - 진행중,안전거리미확보,습기,비,교차로 - 교차로부근,승용,남,46세,상해없음,승용,여,49세,경상
2012030400100344,2012년 3월 4일 19시,일요일,광주광역시 남구 백운동,경상사고,0,0,1,0,차대사람 - 횡단중,신호위반,습기,비,단일로 - 횡단보도상,승용,여,26세,상해없음,보행자,남,30세,경상
2012030400100345,2012년 3월 4일 19시,일요일,광주광역시 북구 오치동,중상사고,0,1,0,0,차대사람 - 길가장자리구역통행중,안전운전불이행,건조,맑음,교차로 - 교차로부근,화물,남,59세,상해없음,보행자,남,49세,중상
2012030400100379,2012년 3월 4일 20시,일요일,광주광역시 서구 치평동,중상사고,0,1,1,0,차대사람 - 길가장자리구역통행중,교차로운행방법위반,습기,비,교차로 - 교차로안,승용,남,38세,상해없음,보행자,여,28세,중상
2012030400100451,2012년 3월 4일 23시,일요일,광주광역시 남구 월산동,경상사고,0,0,1,0,차대차 - 추돌 - 진행중,안전거리미확보,습기,비,단일로 - 기타,승용,여,45세,상해없음,승용,남,25세,경상
2012030400100452,2012년 3월 4일 23시,일요일,광주광역시 북구 용봉동,경상사고,0,0,2,0,차대차 - 측면직각충돌,안전운전불이행,습기,비,단일로 - 기타,승용,남,32세,상해없음,승용,남,30세,경상
2012030400100453,2012년 3월 4일 23시,일요일,광주광역시 북구 운암동,경상사고,0,0,2,0,차대차 - 기타,안전운전불이행,습기,비,단일로 - 기타,승용,남,34세,상해없음,승용,남,56세,경상
2012030500100013,2012년 3월 5일 00시,월요일,광주광역시 서구 쌍촌동,경상사고,0,0,1,0,차대차 - 기타,안전거리미확보,건조,맑음,단일로 - 기타,승용,남,31세,상해없음,승용,남,25세,경상
2012030500100025,2012년 3월 5일 01시,월요일,광주광역시 서구 풍암동,경상사고,0,0,1,0,차대차 - 추돌 - 주정차중,안전운전불이행,습기,비,단일로 - 기타,승용,남,46세,상해없음,승용,여,21세,경상
2012030500100026,2012년 3월 5일 01시,월요일,광주광역시 남구 백운동,경상사고,0,0,1,1,차대차 - 기타,안전거리미확보,건조,맑음,단일로 - 기타,승용,남,75세,상해없음,승용,여,32세,경상
2012030500100027,2012년 3월 5일 01시,월요일,광주광역시 북구 신안동,경상사고,0,0,2,0,차대차 - 측면직각충돌,신호위반,건조,맑음,교차로 - 교차로안,승용,남,36세,상해없음,승용,남,34세,경상
2012030500100042,2012년 3월 5일 02시,월요일,광주광역시 서구 화정동,경상사고,0,0,2,0,차대차 - 기타,교차로운행방법위반,기타,기타,교차로 - 교차로안,승용,남,60세,상해없음,승용,남,23세,경상
2012030500100064,2012년 3월 5일 04시,월요일,광주광역시 북구 중흥동,경상사고,0,0,1,0,차대사람 - 횡단중,보행자보호의무위반,습기,비,교차로 - 교차로부근,승용,남,62세,상해없음,보행자,남,39세,경상
2012030500100078,2012년 3월 5일 05시,월요일,광주광역시 서구 광천동,중상사고,0,1,0,0,차대사람 - 횡단중,안전운전불이행,건조,맑음,단일로 - 기타,승용,남,57세,상해없음,보행자,남,61세,중상
2012030500100145,2012년 3월 5일 08시,월요일,광주광역시 서구 쌍촌동,경상사고,0,0,1,0,차대사람 - 기타,안전운전불이행,습기,비,단일로 - 기타,승용,남,57세,상해없음,보행자,여,13세,경상
2012030500100236,2012년 3월 5일 12시,월요일,광주광역시 서구 화정동,경상사고,0,0,4,0,차대차 - 기타,안전운전불이행,건조,맑음,단일로 - 기타,승용,남,39세,상해없음,승용,남,27세,경상
2012030500100237,2012년 3월 5일 12시,월요일,광주광역시 북구 중흥동,경상사고,0,0,1,0,차대차 - 기타,교차로운행방법위반,습기,비,교차로 - 교차로안,승용,여,41세,상해없음,승용,남,38세,경상
2012030500100238,2012년 3월 5일 12시,월요일,광주광역시 광산구 산정동,경상사고,0,0,1,0,차대차 - 추돌 - 주정차중,안전운전불이행,습기,비,단일로 - 기타,승용,남,43세,상해없음,승용,여,36세,경상
2012030500100313,2012년 3월 5일 15시,월요일,광주광역시 서구 치평동,경상사고,0,0,1,0,차대차 - 추돌 - 주정차중,안전운전불이행,건조,맑음,단일로 - 기타,승용,남,65세,상해없음,승용,남,23세,경상
2012030500100364,2012년 3월 5일 17시,월요일,광주광역시 광산구 임곡동,경상사고,0,0,1,0,차대차 - 측면직각충돌,중앙선침범,습기,비,단일로 - 기타,이륜,여,57세,경상,승용,여,35세,상해없음
2012030500100401,2012년 3월 5일 18시,월요일,광주광역시 북구 신안동,경상사고,0,0,1,0,차대사람 - 횡단중,안전운전불이행,습기,비,단일로 - 기타,이륜,남,28세,상해없음,보행자,여,46세,경상
2012030500100402,2012년 3월 5일 18시,월요일,광주광역시 광산구 산정동,중상사고,0,1,0,0,차대차 - 측면직각충돌,교차로운행방법위반,건조,흐림,교차로 - 교차로안,이륜,남,75세,중상,승용,남,49세,상해없음
2012030500100403,2012년 3월 5일 18시,월요일,광주광역시 광산구 수완동,경상사고,0,0,1,0,차대차 - 추돌 - 주정차중,안전운전불이행,습기,비,미분류 - 미분류,승용,남,51세,상해없음,승용,여,39세,경상
2012030500100461,2012년 3월 5일 19시,월요일,광주광역시 서구 광천동,경상사고,0,0,1,0,차대사람 - 기타,신호위반,기타,비,교차로 - 교차로부근,승합,남,30세,상해없음,보행자,남,46세,경상
2012030500100462,2012년 3월 5일 19시,월요일,광주광역시 북구 신안동,경상사고,0,0,2,0,차대사람 - 횡단중,신호위반,습기,비,단일로 - 횡단보도상,승용,남,51세,상해없음,보행자,여,56세,경상
2012030500100532,2012년 3월 5일 20시,월요일,광주광역시 광산구 월계동,경상사고,0,0,1,0,차대사람 - 횡단중,신호위반,습기,비,단일로 - 기타,승용,남,43세,상해없음,보행자,남,14세,경상
2012030500100591,2012년 3월 5일 21시,월요일,광주광역시 서구 치평동,경상사고,0,0,1,0,차대차 - 측면직각충돌,교차로운행방법위반,건조,맑음,교차로 - 교차로안,승용,남,33세,상해없음,승합,남,40세,경상
2012030500100592,2012년 3월 5일 21시,월요일,광주광역시 광산구 월곡동,중상사고,0,1,0,0,차대차 - 측면직각충돌,신호위반,습기,비,교차로 - 교차로안,화물,남,46세,상해없음,원동기,남,18세,중상
2012030500100650,2012년 3월 5일 22시,월요일,광주광역시 북구 삼각동,경상사고,0,0,1,0,차대차 - 측면직각충돌,교차로운행방법위반,건조,맑음,교차로 - 교차로안,승용,남,48세,상해없음,승용,남,51세,경상
2012030500100651,2012년 3월 5일 22시,월요일,광주광역시 광산구 운남동,경상사고,0,0,1,0,차대차 - 추돌 - 주정차중,안전운전불이행,습기,비,단일로 - 기타,승용,남,51세,상해없음,승용,남,27세,경상
2012030500100652,2012년 3월 5일 22시,월요일,광주광역시 광산구 신창동,경상사고,0,0,1,0,차대차 - 기타,안전운전불이행,습기,비,교차로 - 교차로부근,승용,남,46세,상해없음,승용,남,51세,경상
2012030600100050,2012년 3월 6일 00시,화요일,광주광역시 북구 동림동,경상사고,0,0,2,0,차대차 - 추돌 - 진행중,안전운전불이행,건조,맑음,단일로 - 기타,승용,남,44세,기타불명,승용,여,40세,경상