사고번호,사고일시,요일,시군구,사고내용,사망자수,중상자수,경상자수,부상신고자수,사고유형,법규위반,노면상태,기상상태,도로형태,가해운전자 차종,가해운전자 성별,가해운전자 연령,가해운전자 상해정도,피해운전자 차종,피해운전자 성별,피해운전자 연령,피해운전자 상해정도
2012031100100483,2012년 3월 11일 21시,일요일,광주광역시 광산구 선암동,경상사고,0,0,1,0,차대차 - 측면직각충돌,신호위반,건조,맑음,교차로 - 교차로안,화물,여,56세,상해없음,승합,남,63세,상해없음
2012031100100508,2012년 3월 11일 22시,일요일,광주광역시 북구 오치동,부상신고사고,0,0,0,1,차대차 - 기타,안전운전불이행,건조,맑음,교차로 - 교차로안,이륜,남,23세,부상신고,승용,남,28세,상해없음
2012031100100509,2012년 3월 11일 22시,일요일,광주광역시 광산구 월곡동,경상사고,0,0,1,0,차대차 - 측면직각충돌,안전거리미확보,건조,맑음,교차로 - 교차로안,화물,남,45세,상해없음,이륜,남,16세,경상
2012031100100530,2012년 3월 11일 23시,일요일,광주광역시 광산구 신창동,경상사고,0,0,1,0,차대차 - 기타,안전운전불이행,건조,맑음,교차로 - 교차로부근,승용,남,32세,상해없음,승용,남,26세,경상
2012031200100011,2012년 3월 12일 00시,월요일,광주광역시 서구 화정동,경상사고,0,0,1,0,차대사람 - 횡단중,안전운전불이행,건조,맑음,교차로 - 교차로안,승용,남,32세,상해없음,보행자,여,17세,경상
2012031200100070,2012년 3월 12일 07시,월요일,광주광역시 서구 치평동,경상사고,0,0,1,0,차대차 - 추돌 - 진행중,교차로운행방법위반,건조,맑음,교차로 - 교차로안,승용,여,54세,상해없음,승용,남,50세,경상
2012031200100116,2012년 3월 12일 08시,월요일,광주광역시 서구 화정동,경상사고,0,0,2,0,차량단독 - 공작물충돌,안전운전불이행,건조,맑음,단일로 - 기타,승용,남,22세,경상,,,,
2012031200100117,2012년 3월 12일 08시,월요일,광주광역시 서구 광천동,경상사고,0,0,1,0,차대차 - 측면직각충돌,차로위반,건조,맑음,단일로 - 기타,승합,남,45세,상해없음,승용,남,38세,경상
2012031200100118,2012년 3월 12일 08시,월요일,광주광역시 북구 신안동,경상사고,0,0,2,0,차대차 - 추돌 - 진행중,안전운전불이행,건조,맑음,단일로 - 기타,승용,남,44세,상해없음,승용,여,27세,경상
2012031200100119,2012년 3월 12일 08시,월요일,광주광역시 서구 유촌동,경상사고,0,0,1,0,차대차 - 추돌 - 주정차중,안전거리미확보,건조,맑음,단일로 - 교량,승용,남,31세,상해없음,승용,여,34세,경상
2012031200100194,2012년 3월 12일 11시,월요일,광주광역시 북구 매곡동,경상사고,0,0,1,0,차대차 - 추돌 - 진행중,안전운전불이행,건조,맑음,교차로 - 교차로부근,승용,여,34세,상해없음,자전거,남,78세,경상
2012031200100240,2012년 3월 12일 13시,월요일,광주광역시 서구 풍암동,경상사고,0,0,1,0,차대차 - 기타,안전운전불이행,건조,맑음,교차로 - 교차로안,화물,남,40세,상해없음,이륜,남,24세,경상
2012031200100265,2012년 3월 12일 14시,월요일,광주광역시 광산구 송정동,경상사고,0,0,1,0,차대차 - 측면직각충돌,안전운전불이행,건조,맑음,단일로 - 기타,승용,남,59세,상해없음,화물,남,46세,상해없음
2012031200100301,2012년 3월 12일 15시,월요일,광주광역시 동구 학동,경상사고,0,0,1,0,차대사람 - 기타,안전운전불이행,건조,맑음,단일로 - 기타,화물,남,28세,상해없음,보행자,여,17세,경상
2012031200100332,2012년 3월 12일 16시,월요일,광주광역시 광산구 쌍암동,경상사고,0,0,3,0,차대차 - 추돌 - 진행중,안전운전불이행,건조,맑음,교차로 - 교차로부근,화물,남,39세,상해없음,승용,남,47세,경상
2012031200100370,2012년 3월 12일 17시,월요일,광주광역시 서구 쌍촌동,경상사고,0,0,3,0,차대차 - 측면직각충돌,안전운전불이행,건조,맑음,교차로 - 교차로부근,승용,여,49세,경상,화물,남,29세,경상
2012031200100371,2012년 3월 12일 17시,월요일,광주광역시 북구 문흥동,경상사고,0,0,1,0,차대사람 - 기타,안전운전불이행,건조,맑음,단일로 - 기타,승용,남,30세,상해없음,보행자,여,8세,경상
2012031200100372,2012년 3월 12일 17시,월요일,광주광역시 광산구 신창동,중상사고,0,1,0,0,차대차 - 측면직각충돌,신호위반,건조,맑음,교차로 - 교차로안,승용,남,56세,상해없음,원동기,남,25세,중상
2012031200100472,2012년 3월 12일 20시,월요일,광주광역시 북구 용봉동,중상사고,0,1,0,0,차대차 - 측면직각충돌,교차로운행방법위반,건조,맑음,교차로 - 교차로안,원동기,남,16세,상해없음,승용,남,30세,상해없음
2012031200100529,2012년 3월 12일 22시,월요일,광주광역시 서구 쌍촌동,경상사고,0,0,1,0,차대차 - 추돌 - 주정차중,안전운전불이행,건조,맑음,교차로 - 교차로부근,승용,남,47세,상해없음,승합,남,62세,상해없음
2012031200100530,2012년 3월 12일 22시,월요일,광주광역시 북구 신안동,경상사고,0,0,4,0,차대차 - 측면직각충돌,안전운전불이행,건조,맑음,단일로 - 기타,승용,남,46세,상해없음,승용,여,28세,경상
2012031200100559,2012년 3월 12일 23시,월요일,광주광역시 동구 학동,경상사고,0,0,1,0,차대사람 - 횡단중,보행자보호의무위반,건조,맑음,교차로 - 교차로부근,승용,여,25세,상해없음,보행자,남,41세,경상
2012031200100560,2012년 3월 12일 23시,월요일,광주광역시 남구 백운동,경상사고,0,0,2,0,차대차 - 추돌 - 주정차중,안전운전불이행,건조,맑음,단일로 - 기타,승용,남,23세,상해없음,승용,여,53세,경상
2012031200100561,2012년 3월 12일 23시,월요일,광주광역시 북구 운암동,경상사고,0,0,1,0,차대차 - 기타,안전운전불이행,건조,맑음,교차로 - 교차로부근,승용,남,26세,상해없음,승용,남,55세,상해없음
2012031300100010,2012년 3월 13일 00시,화요일,광주광역시 서구 마륵동,중상사고,0,1,0,0,차량단독 - 공작물충돌,안전운전불이행,건조,기타,단일로 - 기타,승용,남,41세,중상,,,,
2012031300100011,2012년 3월 13일 00시,화요일,광주광역시 광산구 하남동,경상사고,0,0,2,0,차대차 - 측면직각충돌,직진우회전진행방해,건조,맑음,교차로 - 교차로안,승용,남,39세,경상,승용,남,54세,경상
2012031300100027,2012년 3월 13일 01시,화요일,광주광역시 서구 동천동,경상사고,0,0,2,0,차대차 - 정면충돌,중앙선침범,건조,맑음,교차로 - 교차로부근,승합,남,50세,상해없음,특수,남,32세,경상
2012031300100079,2012년 3월 13일 06시,화요일,광주광역시 북구 오치동,경상사고,0,0,1,0,차대사람 - 기타,안전운전불이행,건조,맑음,단일로 - 기타,승용,남,46세,상해없음,보행자,여,17세,경상
2012031300100132,2012년 3월 13일 08시,화요일,광주광역시 동구 소태동,경상사고,0,0,2,0,차대차 - 기타,안전운전불이행,건조,맑음,교차로 - 교차로안,기타불명,기타불명,기타불명,기타불명,승용,남,26세,경상
2012031300100133,2012년 3월 13일 08시,화요일,광주광역시 북구 일곡동,경상사고,0,0,2,0,차대사람 - 횡단중,안전운전불이행,건조,맑음,단일로 - 기타,승용,남,47세,상해없음,보행자,여,14세,경상
2012031300100161,2012년 3월 13일 09시,화요일,광주광역시 광산구 신촌동,경상사고,0,0,3,0,차대차 - 추돌 - 진행중,안전운전불이행,건조,맑음,단일로 - 기타,승용,남,22세,경상,화물,남,34세,경상
2012031300100184,2012년 3월 13일 10시,화요일,광주광역시 남구 월산동,경상사고,0,0,1,0,차대차 - 기타,안전운전불이행,건조,맑음,교차로 - 교차로안,승용,남,55세,상해없음,원동기,남,38세,상해없음
2012031300100185,2012년 3월 13일 10시,화요일,광주광역시 북구 운암동,경상사고,0,0,1,0,차대차 - 측면직각충돌,안전운전불이행,건조,맑음,단일로 - 기타,승용,기타불명,기타불명,기타불명,승용,미분류,기타불명,기타불명
2012031300100186,2012년 3월 13일 10시,화요일,광주광역시 광산구 하남동,경상사고,0,0,2,0,차대차 - 추돌 - 진행중,안전운전불이행,건조,맑음,단일로 - 기타,승용,남,70세,경상,승용,남,37세,경상
2012031300100222,2012년 3월 13일 11시,화요일,광주광역시 광산구 송정동,경상사고,0,0,1,0,차대사람 - 횡단중,보행자보호의무위반,건조,맑음,단일로 - 횡단보도상,승용,남,75세,상해없음,보행자,여,39세,경상
2012031300100271,2012년 3월 13일 13시,화요일,광주광역시 광산구 월계동,경상사고,0,0,2,0,차대차 - 측면직각충돌,기타,건조,맑음,단일로 - 기타,승용,남,32세,경상,승용,남,65세,경상
2012031300100297,2012년 3월 13일 14시,화요일,광주광역시 북구 중흥동,중상사고,0,1,0,0,차대사람 - 길가장자리구역통행중,안전운전불이행,건조,맑음,교차로 - 교차로부근,화물,남,42세,기타불명,보행자,여,72세,중상
2012031300100391,2012년 3월 13일 17시,화요일,광주광역시 서구 농성동,경상사고,0,0,3,0,차대차 - 측면직각충돌,교차로운행방법위반,건조,맑음,교차로 - 교차로안,승용,여,68세,경상,승용,남,61세,경상
2012031300100392,2012년 3월 13일 17시,화요일,광주광역시 북구 운암동,경상사고,0,0,1,0,차대차 - 측면직각충돌,안전운전불이행,건조,맑음,단일로 - 기타,승합,남,55세,상해없음,자전거,남,19세,경상
2012031300100456,2012년 3월 13일 19시,화요일,광주광역시 서구 광천동,경상사고,0,0,1,0,차대차 - 기타,교차로운행방법위반,건조,맑음,교차로 - 교차로안,승용,남,62세,상해없음,승용,남,36세,경상
2012031300100457,2012년 3월 13일 19시,화요일,광주광역시 광산구 월계동,경상사고,0,0,1,0,차대사람 - 차도통행중,안전운전불이행,건조,맑음,단일로 - 기타,승용,남,29세,상해없음,보행자,남,16세,경상
2012031300100458,2012년 3월 13일 19시,화요일,광주광역시 광산구 신가동,경상사고,0,0,3,0,차대차 - 추돌 - 진행중,안전거리미확보,건조,맑음,단일로 - 기타,승용,여,42세,상해없음,화물,여,45세,경상
2012031300100516,2012년 3월 13일 21시,화요일,광주광역시 서구 금호동,경상사고,0,0,2,0,차대차 - 기타,안전운전불이행,건조,맑음,단일로 - 기타,이륜,남,21세,경상,승용,남,25세,상해없음
2012031300100553,2012년 3월 13일 22시,화요일,광주광역시 광산구 수완동,경상사고,0,0,1,0,차대차 - 측면직각충돌,신호위반,건조,맑음,교차로 - 교차로안,승용,남,49세,상해없음,승용,남,29세,경상
2012031300100581,2012년 3월 13일 23시,화요일,광주광역시 서구 화정동,경상사고,0,0,1,0,차대차 - 기타,안전운전불이행,건조,맑음,교차로 - 교차로안,승용,남,57세,상해없음,이륜,남,16세,경상
2012031300100582,2012년 3월 13일 23시,화요일,광주광역시 북구 두암동,중상사고,0,1,0,0,차대차 - 측면직각충돌,교차로운행방법위반,건조,맑음,교차로 - 교차로안,승용,남,24세,상해없음,이륜,남,41세,중상
2012031400100016,2012년 3월 14일 00시,수요일,광주광역시 동구 금남로1가,경상사고,0,0,1,0,차대차 - 측면직각충돌,안전운전불이행,건조,맑음,단일로 - 기타,승용,남,40세,상해없음,승용,남,21세,상해없음
2012031400100017,2012년 3월 14일 00시,수요일,광주광역시 서구 동천동,경상사고,0,0,2,0,차대차 - 추돌 - 주정차중,안전운전불이행,건조,맑음,교차로 - 교차로부근,승용,남,46세,상해없음,승용,여,28세,경상
2012031400100049,2012년 3월 14일 03시,수요일,광주광역시 서구 쌍촌동,중상사고,0,1,3,0,차대차 - 추돌 - 진행중,안전운전불이행,건조,맑음,교차로 - 교차로안,승용,남,31세,상해없음,승용,남,69세,경상
2012031400100140,2012년 3월 14일 08시,수요일,광주광역시 북구 오룡동,경상사고,0,0,1,0,차대차 - 측면직각충돌,안전운전불이행,건조,맑음,교차로 - 교차로안,승용,여,38세,상해없음,승용,남,51세,경상
2012031400100141,2012년 3월 14일 08시,수요일,광주광역시 광산구 신창동,경상사고,0,0,1,0,차대차 - 측면직각충돌,중앙선침범,건조,맑음,단일로 - 기타,승용,남,69세,상해없음,승용,남,39세,경상
2012031400100202,2012년 3월 14일 11시,수요일,광주광역시 광산구 송정동,경상사고,0,0,1,0,차대차 - 측면직각충돌,신호위반,건조,맑음,교차로 - 교차로안,원동기,남,76세,경상,승용,남,72세,상해없음
2012031400100315,2012년 3월 14일 15시,수요일,광주광역시 남구 주월동,경상사고,0,0,3,0,차대차 - 기타,안전운전불이행,건조,맑음,단일로 - 기타,화물,남,64세,상해없음,승합,남,41세,경상
2012031400100339,2012년 3월 14일 16시,수요일,광주광역시 서구 화정동,경상사고,0,0,1,0,차대차 - 측면직각충돌,안전거리미확보,건조,맑음,단일로 - 기타,승용,남,35세,상해없음,승용,여,39세,경상
2012031400100340,2012년 3월 14일 16시,수요일,광주광역시 서구 금호동,경상사고,0,0,1,0,차대차 - 추돌 - 진행중,안전운전불이행,건조,맑음,교차로 - 교차로부근,승용,남,39세,상해없음,승용,남,55세,상해없음
2012031400100399,2012년 3월 14일 18시,수요일,광주광역시 동구 계림동,경상사고,0,0,1,0,차대차 - 기타,교차로운행방법위반,건조,맑음,교차로 - 교차로안,승합,남,76세,상해없음,이륜,남,25세,경상
2012031400100400,2012년 3월 14일 18시,수요일,광주광역시 서구 화정동,경상사고,0,0,3,0,차대차 - 추돌 - 진행중,안전거리미확보,건조,맑음,단일로 - 기타,승용,남,37세,경상,승용,남,53세,경상
2012031400100401,2012년 3월 14일 18시,수요일,광주광역시 서구 유촌동,경상사고,0,0,4,0,차대차 - 추돌 - 진행중,안전거리미확보,건조,맑음,단일로 - 기타,승용,남,53세,경상,화물,남,56세,경상
2012031400100402,2012년 3월 14일 18시,수요일,광주광역시 광산구 용봉동,경상사고,0,0,1,0,차대사람 - 기타,기타,건조,맑음,단일로 - 기타,승용,남,54세,상해없음,보행자,여,62세,경상
2012031400100438,2012년 3월 14일 19시,수요일,광주광역시 서구 광천동,경상사고,0,0,2,0,차대차 - 측면직각충돌,안전거리미확보,건조,맑음,단일로 - 기타,승용,여,65세,경상,승용,여,49세,경상
2012031400100439,2012년 3월 14일 19시,수요일,광주광역시 광산구 산월동,경상사고,0,0,3,0,차대차 - 측면직각충돌,교차로운행방법위반,건조,맑음,교차로 - 교차로안,승용,여,30세,경상,승용,남,35세,경상
2012031400100475,2012년 3월 14일 20시,수요일,광주광역시 서구 쌍촌동,중상사고,0,1,0,0,차대차 - 측면직각충돌,교차로운행방법위반,건조,맑음,교차로 - 교차로안,승용,남,59세,상해없음,자전거,여,58세,중상
2012031400100476,2012년 3월 14일 20시,수요일,광주광역시 광산구 우산동,경상사고,0,0,1,0,차대차 - 측면직각충돌,안전운전불이행,건조,맑음,교차로 - 교차로안,이륜,남,16세,경상,승용,남,62세,상해없음
2012031400100509,2012년 3월 14일 21시,수요일,광주광역시 광산구 송정동,경상사고,0,0,1,0,차대차 - 측면직각충돌,안전운전불이행,건조,맑음,단일로 - 기타,승용,여,32세,상해없음,자전거,남,51세,경상
2012031400100545,2012년 3월 14일 22시,수요일,광주광역시 북구 두암동,경상사고,0,0,1,0,차대차 - 기타,안전거리미확보,건조,맑음,교차로 - 교차로안,승용,남,35세,상해없음,화물,남,69세,경상
2012031400100546,2012년 3월 14일 22시,수요일,광주광역시 북구 우산동,경상사고,0,0,1,0,차량단독 - 기타,기타,건조,맑음,단일로 - 기타,승합,남,54세,상해없음,,,,
2012031400100547,2012년 3월 14일 22시,수요일,광주광역시 광산구 쌍암동,중상사고,0,1,0,0,차대사람 - 차도통행중,안전운전불이행,건조,맑음,단일로 - 기타,승용,남,29세,기타불명,보행자,여,56세,중상
2012031400100569,2012년 3월 14일 23시,수요일,광주광역시 서구 화정동,중상사고,0,1,0,0,차대사람 - 횡단중,보행자보호의무위반,건조,맑음,단일로 - 횡단보도상,승용,남,48세,상해없음,보행자,남,34세,중상
2012031500100017,2012년 3월 15일 00시,목요일,광주광역시 북구 신안동,경상사고,0,0,2,0,차대차 - 측면직각충돌,안전거리미확보,건조,맑음,교차로 - 교차로안,승용,남,48세,상해없음,승용,남,29세,경상
2012031500100018,2012년 3월 15일 00시,목요일,광주광역시 광산구 산월동,중상사고,0,1,1,0,차대차 - 측면직각충돌,신호위반,건조,맑음,교차로 - 교차로안,승용,남,21세,상해없음,승용,남,33세,경상
2012031500100038,2012년 3월 15일 01시,목요일,광주광역시 북구 신안동,중상사고,0,1,0,0,차대사람 - 기타,안전운전불이행,건조,맑음,단일로 - 기타,승용,남,41세,상해없음,보행자,남,42세,중상
2012031500100092,2012년 3월 15일 06시,목요일,광주광역시 광산구 송정동,중상사고,0,2,2,0,차대차 - 정면충돌,중앙선침범,건조,맑음,단일로 - 기타,승용,남,51세,경상,화물,남,51세,중상
2012031500100114,2012년 3월 15일 07시,목요일,광주광역시 서구 화정동,경상사고,0,0,1,0,차대차 - 측면직각충돌,안전운전불이행,건조,맑음,단일로 - 기타,승용,남,28세,상해없음,승용,남,51세,경상
2012031500100170,2012년 3월 15일 08시,목요일,광주광역시 서구 덕흥동,경상사고,0,0,2,0,차대차 - 추돌 - 진행중,안전거리미확보,건조,맑음,단일로 - 기타,승합,남,57세,상해없음,승합,남,62세,경상
2012031500100171,2012년 3월 15일 08시,목요일,광주광역시 광산구 신창동,중상사고,0,1,0,0,차대사람 - 횡단중,보행자보호의무위반,건조,맑음,단일로 - 횡단보도상,승용,남,46세,상해없음,보행자,남,7세,중상
2012031500100202,2012년 3월 15일 09시,목요일,광주광역시 남구 구동,경상사고,0,0,2,0,차대차 - 측면직각충돌,중앙선침범,건조,맑음,단일로 - 교량,승용,남,72세,상해없음,승합,남,35세,경상
2012031500100203,2012년 3월 15일 09시,목요일,광주광역시 북구 임동,경상사고,0,0,1,0,차대사람 - 기타,안전운전불이행,건조,맑음,단일로 - 기타,승용,남,40세,상해없음,보행자,남,42세,경상
2012031500100223,2012년 3월 15일 10시,목요일,광주광역시 북구 중흥동,중상사고,0,1,0,0,차대차 - 추돌 - 주정차중,안전운전불이행,건조,맑음,단일로 - 기타,이륜,남,77세,중상,승용,남,51세,상해없음
2012031500100302,2012년 3월 15일 13시,목요일,광주광역시 북구 신안동,경상사고,0,0,1,0,차대차 - 측면직각충돌,중앙선침범,건조,맑음,교차로 - 교차로부근,승용,남,28세,상해없음,승용,남,32세,경상
2012031500100416,2012년 3월 15일 17시,목요일,광주광역시 광산구 송정동,부상신고사고,0,0,0,1,차대사람 - 기타,안전운전불이행,건조,맑음,단일로 - 기타,화물,기타불명,기타불명,기타불명,보행자,남,32세,부상신고
2012031500100417,2012년 3월 15일 17시,목요일,광주광역시 광산구 소촌동,경상사고,0,0,3,0,차대차 - 추돌 - 진행중,안전운전불이행,건조,맑음,단일로 - 기타,승용,남,50세,경상,승용,남,27세,경상
2012031500100464,2012년 3월 15일 19시,목요일,광주광역시 서구 광천동,경상사고,0,0,3,0,차대차 - 기타,안전운전불이행,건조,맑음,기타 - 기타,승용,남,63세,상해없음,승합,남,53세,상해없음
2012031500100490,2012년 3월 15일 20시,목요일,광주광역시 광산구 신가동,중상사고,0,1,0,0,차대차 - 기타,기타,건조,맑음,단일로 - 기타,승용,여,30세,상해없음,원동기,남,27세,상해없음
2012031500100524,2012년 3월 15일 21시,목요일,광주광역시 북구 운암동,경상사고,0,0,1,0,차대차 - 측면직각충돌,안전거리미확보,건조,맑음,단일로 - 기타,승용,남,27세,상해없음,이륜,남,16세,경상
2012031500100525,2012년 3월 15일 21시,목요일,광주광역시 광산구 월계동,경상사고,0,0,1,0,차대차 - 측면직각충돌,교차로운행방법위반,건조,맑음,교차로 - 교차로안,승용,여,37세,상해없음,이륜,남,16세,경상
2012031500100526,2012년 3월 15일 21시,목요일,광주광역시 광산구 신창동,중상사고,0,1,0,0,차대사람 - 보도통행중,안전운전불이행,건조,맑음,교차로 - 교차로부근,이륜,남,19세,상해없음,보행자,남,24세,중상
2012031500100568,2012년 3월 15일 23시,목요일,광주광역시 북구 운암동,부상신고사고,0,0,0,1,차대차 - 추돌 - 진행중,안전거리미확보,건조,맑음,단일로 - 기타,이륜,남,18세,부상신고,승용,남,64세,상해없음
2012031500100569,2012년 3월 15일 23시,목요일,광주광역시 북구 일곡동,중상사고,0,1,0,0,차대차 - 측면직각충돌,교차로운행방법위반,건조,맑음,교차로 - 교차로안,승용,남,58세,상해없음,승용,여,47세,중상
2012031500100570,2012년 3월 15일 23시,목요일,광주광역시 광산구 본덕동,경상사고,0,0,2,0,차대차 - 추돌 - 진행중,안전운전불이행,건조,맑음,교차로 - 교차로안,승용,여,40세,상해없음,승용,여,36세,경상
2012031600100068,2012년 3월 16일 03시,금요일,광주광역시 서구 치평동,경상사고,0,0,1,0,차대차 - 측면직각충돌,안전운전불이행,건조,맑음,기타 - 기타,승용,남,27세,상해없음,승용,남,55세,경상
2012031600100076,2012년 3월 16일 04시,금요일,광주광역시 광산구 신가동,중상사고,0,1,1,0,차대차 - 측면직각충돌,신호위반,건조,맑음,교차로 - 교차로안,승용,남,40세,중상,화물,남,40세,경상
2012031600100132,2012년 3월 16일 07시,금요일,광주광역시 서구 농성동,경상사고,0,0,1,0,차대사람 - 횡단중,보행자보호의무위반,건조,흐림,단일로 - 기타,기타불명,기타불명,기타불명,기타불명,보행자,남,55세,경상
2012031600100203,2012년 3월 16일 10시,금요일,광주광역시 서구 치평동,경상사고,0,0,2,0,차대차 - 측면직각충돌,차로위반,건조,맑음,교차로 - 교차로부근,승용,남,60세,상해없음,승용,남,53세,상해없음
2012031600100228,2012년 3월 16일 11시,금요일,광주광역시 북구 두암동,경상사고,0,0,1,0,차대차 - 측면직각충돌,안전운전불이행,습기,비,교차로 - 교차로안,승용,남,26세,상해없음,승용,남,48세,경상
2012031600100255,2012년 3월 16일 12시,금요일,광주광역시 동구 학동,중상사고,0,1,0,0,차대차 - 측면직각충돌,신호위반,습기,비,교차로 - 교차로안,이륜,남,72세,중상,화물,남,61세,상해없음
2012031600100283,2012년 3월 16일 13시,금요일,광주광역시 동구 대인동,경상사고,0,0,1,0,차대차 - 측면직각충돌,중앙선침범,건조,맑음,교차로 - 교차로부근,승용,남,58세,기타불명,승용,남,40세,경상
2012031600100284,2012년 3월 16일 13시,금요일,광주광역시 동구 금남로5가,부상신고사고,0,0,0,1,차량단독 - 기타,안전운전불이행,건조,맑음,단일로 - 기타,원동기,남,40세,부상신고,,,,
2012031600100285,2012년 3월 16일 13시,금요일,광주광역시 서구 유촌동,경상사고,0,0,1,0,차대사람 - 횡단중,신호위반,건조,맑음,교차로 - 교차로안,화물,남,45세,상해없음,보행자,여,6세,경상
2012031600100307,2012년 3월 16일 14시,금요일,광주광역시 남구 진월동,경상사고,0,0,2,0,차대차 - 기타,기타,습기,비,교차로 - 교차로안,화물,남,33세,상해없음,승용,남,35세,경상
2012031600100332,2012년 3월 16일 15시,금요일,광주광역시 광산구 월계동,경상사고,0,0,7,0,차대차 - 추돌 - 진행중,안전거리미확보,건조,맑음,교차로 - 교차로부근,승용,남,64세,상해없음,승용,여,34세,경상
2012031600100366,2012년 3월 16일 16시,금요일,광주광역시 광산구 월곡동,경상사고,0,0,2,0,차대사람 - 횡단중,안전운전불이행,습기,비,교차로 - 교차로부근,원동기,남,45세,경상,보행자,여,10세,경상
2012031600100367,2012년 3월 16일 16시,금요일,광주광역시 광산구 월전동,경상사고,0,0,4,0,차대차 - 측면직각충돌,신호위반,습기,비,교차로 - 교차로안,화물,남,30세,상해없음,화물,남,37세,경상
2012031600100441,2012년 3월 16일 18시,금요일,광주광역시 북구 신안동,중상사고,0,1,0,0,차대사람 - 횡단중,안전운전불이행,건조,맑음,단일로 - 기타,승용,남,25세,상해없음,보행자,남,18세,중상
2012031600100503,2012년 3월 16일 19시,금요일,광주광역시 동구 내남동,경상사고,0,0,1,0,차량단독 - 공작물충돌,안전운전불이행,습기,비,단일로 - 기타,승용,여,41세,경상,,,,
2012031600100504,2012년 3월 16일 19시,금요일,광주광역시 동구 내남동,경상사고,0,0,1,0,차대차 - 추돌 - 진행중,안전거리미확보,습기,비,단일로 - 기타,화물,남,49세,상해없음,승용,여,41세,경상
2012031600100505,2012년 3월 16일 19시,금요일,광주광역시 서구 광천동,경상사고,0,0,3,0,차대차 - 측면직각충돌,안전운전불이행,건조,맑음,단일로 - 기타,승용,남,35세,상해없음,승용,남,30세,경상
2012031600100506,2012년 3월 16일 19시,금요일,광주광역시 북구 두암동,경상사고,0,0,2,0,차대차 - 측면직각충돌,안전운전불이행,건조,맑음,단일로 - 기타,승용,여,29세,상해없음,승용,여,26세,경상
2012031600100558,2012년 3월 16일 20시,금요일,광주광역시 북구 용봉동,부상신고사고,0,0,0,1,차대사람 - 차도통행중,안전운전불이행,습기,비,교차로 - 교차로부근,승용,남,62세,상해없음,보행자,남,58세,부상신고
2012031600100559,2012년 3월 16일 20시,금요일,광주광역시 광산구 소촌동,중상사고,0,1,0,0,차대차 - 추돌 - 주정차중,안전운전불이행,습기,비,교차로 - 교차로안,승용,여,47세,상해없음,이륜,남,40세,중상
2012031600100684,2012년 3월 16일 22시,금요일,광주광역시 북구 신안동,중상사고,0,1,0,0,차대차 - 측면직각충돌,안전운전불이행,습기,비,단일로 - 기타,이륜,남,19세,중상,화물,남,32세,상해없음
2012031600100685,2012년 3월 16일 22시,금요일,광주광역시 북구 두암동,경상사고,0,0,1,0,차대차 - 측면직각충돌,안전거리미확보,습기,비,단일로 - 기타,승용,남,28세,상해없음,승용,남,43세,경상
2012031600100686,2012년 3월 16일 22시,금요일,광주광역시 광산구 신창동,경상사고,0,0,1,1,차대차 - 추돌 - 진행중,교차로운행방법위반,습기,맑음,교차로 - 교차로안,승용,남,43세,경상,승용,남,22세,부상신고
2012031600100745,2012년 3월 16일 23시,금요일,광주광역시 서구 치평동,경상사고,0,0,2,0,차대차 - 추돌 - 주정차중,안전운전불이행,습기,비,단일로 - 기타,승용,남,34세,상해없음,승용,남,35세,경상
2012031600100746,2012년 3월 16일 23시,금요일,광주광역시 북구 각화동,중상사고,0,1,0,0,차대차 - 기타,안전운전불이행,습기,비,교차로 - 교차로안,원동기,남,20세,중상,승용,남,57세,상해없음
2012031600100747,2012년 3월 16일 23시,금요일,광주광역시 광산구 하남동,경상사고,0,0,2,0,차대차 - 추돌 - 진행중,안전거리미확보,습기,비,단일로 - 기타,승용,여,29세,상해없음,승용,남,66세,경상
2012031700100053,2012년 3월 17일 00시,토요일,광주광역시 서구 쌍촌동,경상사고,0,0,2,0,차대차 - 측면직각충돌,안전운전불이행,습기,비,교차로 - 교차로안,기타불명,기타불명,기타불명,기타불명,승용,남,22세,경상
2012031700100054,2012년 3월 17일 00시,토요일,광주광역시 북구 우산동,경상사고,0,0,1,0,차대차 - 측면직각충돌,안전운전불이행,습기,비,단일로 - 기타,승용,남,45세,상해없음,승용,남,61세,경상
2012031700100104,2012년 3월 17일 01시,토요일,광주광역시 서구 치평동,경상사고,0,0,3,0,차대차 - 측면직각충돌,신호위반,습기,비,교차로 - 교차로안,승용,남,36세,경상,승용,남,45세,경상
2012031700100105,2012년 3월 17일 01시,토요일,광주광역시 광산구 도산동,사망사고,1,0,0,0,차량단독 - 공작물충돌,안전운전불이행,습기,비,단일로 - 기타,승용,남,44세,사망,,,,
2012031700100106,2012년 3월 17일 01시,토요일,광주광역시 광산구 우산동,부상신고사고,0,0,0,1,차대차 - 추돌 - 진행중,안전운전불이행,습기,비,교차로 - 교차로부근,승용,남,48세,상해없음,승용,남,50세,부상신고
2012031700100139,2012년 3월 17일 02시,토요일,광주광역시 북구 임동,경상사고,0,0,1,0,차대차 - 측면직각충돌,차로위반,습기,비,교차로 - 교차로부근,승용,남,30세,상해없음,승용,여,43세,경상