사고번호,사고일시,요일,시군구,사고내용,사망자수,중상자수,경상자수,부상신고자수,사고유형,법규위반,노면상태,기상상태,도로형태,가해운전자 차종,가해운전자 성별,가해운전자 연령,가해운전자 상해정도,피해운전자 차종,피해운전자 성별,피해운전자 연령,피해운전자 상해정도
2012031700100140,2012년 3월 17일 02시,토요일,광주광역시 북구 양산동,경상사고,0,0,1,0,차대사람 - 길가장자리구역통행중,안전운전불이행,기타,기타,단일로 - 기타,승용,남,28세,상해없음,보행자,남,29세,경상
2012031700100222,2012년 3월 17일 05시,토요일,광주광역시 남구 백운동,경상사고,0,0,1,0,차량단독 - 공작물충돌,안전운전불이행,건조,맑음,단일로 - 기타,승합,남,35세,상해없음,,,,
2012031700100268,2012년 3월 17일 08시,토요일,광주광역시 동구 학동,경상사고,0,0,1,0,차대차 - 측면직각충돌,신호위반,습기,흐림,교차로 - 교차로안,자전거,남,62세,경상,승용,남,44세,상해없음
2012031700100269,2012년 3월 17일 08시,토요일,광주광역시 남구 월산동,중상사고,0,1,0,0,차대사람 - 횡단중,신호위반,건조,맑음,단일로 - 횡단보도상,승용,남,54세,상해없음,보행자,여,21세,중상
2012031700100340,2012년 3월 17일 11시,토요일,광주광역시 남구 봉선동,경상사고,0,0,1,0,차대사람 - 횡단중,보행자보호의무위반,습기,흐림,단일로 - 횡단보도상,승용,여,52세,상해없음,보행자,남,7세,경상
2012031700100371,2012년 3월 17일 12시,토요일,광주광역시 남구 월산동,중상사고,0,1,0,0,차대사람 - 횡단중,안전운전불이행,습기,흐림,단일로 - 기타,승용,여,30세,상해없음,보행자,여,70세,중상
2012031700100372,2012년 3월 17일 12시,토요일,광주광역시 광산구 월계동,부상신고사고,0,0,0,1,차대차 - 측면직각충돌,교차로운행방법위반,건조,맑음,교차로 - 교차로안,이륜,남,18세,부상신고,승용,여,45세,상해없음
2012031700100373,2012년 3월 17일 12시,토요일,광주광역시 광산구 선암동,중상사고,0,2,0,0,차대차 - 추돌 - 진행중,안전운전불이행,건조,맑음,단일로 - 기타,승합,남,64세,상해없음,승용,남,39세,상해없음
2012031700100404,2012년 3월 17일 13시,토요일,광주광역시 서구 치평동,경상사고,0,0,1,0,차대차 - 측면직각충돌,신호위반,건조,흐림,교차로 - 교차로안,승용,여,59세,상해없음,승용,남,54세,상해없음
2012031700100406,2012년 3월 17일 13시,토요일,광주광역시 남구 월산동,경상사고,0,0,4,0,차대차 - 추돌 - 진행중,안전거리미확보,건조,맑음,단일로 - 기타,승용,여,44세,상해없음,승용,여,46세,경상
2012031700100438,2012년 3월 17일 14시,토요일,광주광역시 북구 삼각동,경상사고,0,0,1,0,차대차 - 측면직각충돌,중앙선침범,건조,맑음,교차로 - 교차로부근,승용,남,51세,상해없음,승용,남,49세,경상
2012031700100471,2012년 3월 17일 15시,토요일,광주광역시 서구 풍암동,경상사고,0,0,1,0,차대차 - 기타,안전운전불이행,습기,흐림,교차로 - 교차로안,승용,남,53세,상해없음,자전거,남,25세,경상
2012031700100523,2012년 3월 17일 17시,토요일,광주광역시 남구 주월동,중상사고,0,1,0,0,차대차 - 측면직각충돌,안전운전불이행,습기,흐림,교차로 - 교차로안,승용,여,54세,상해없음,원동기,남,29세,중상
2012031700100554,2012년 3월 17일 18시,토요일,광주광역시 광산구 쌍암동,경상사고,0,0,1,0,차대사람 - 기타,신호위반,건조,맑음,단일로 - 횡단보도상,기타불명,기타불명,기타불명,기타불명,보행자,남,36세,경상
2012031700100599,2012년 3월 17일 19시,토요일,광주광역시 서구 치평동,경상사고,0,0,3,1,차대차 - 기타,안전운전불이행,건조,흐림,교차로 - 교차로안,승용,여,26세,상해없음,승용,남,45세,경상
2012031700100643,2012년 3월 17일 20시,토요일,광주광역시 북구 각화동,경상사고,0,0,1,0,차대차 - 측면직각충돌,신호위반,건조,맑음,교차로 - 교차로안,승합,남,41세,상해없음,승용,남,60세,경상
2012031700100644,2012년 3월 17일 20시,토요일,광주광역시 북구 두암동,경상사고,0,0,2,0,차대차 - 추돌 - 진행중,안전운전불이행,건조,맑음,단일로 - 기타,승용,남,58세,상해없음,승용,남,27세,경상
2012031700100686,2012년 3월 17일 21시,토요일,광주광역시 동구 대인동,중상사고,0,1,1,0,차대사람 - 횡단중,안전운전불이행,건조,흐림,단일로 - 기타,이륜,남,28세,경상,보행자,남,71세,중상
2012031700100687,2012년 3월 17일 21시,토요일,광주광역시 북구 대촌동,경상사고,0,0,2,0,차대차 - 측면직각충돌,안전거리미확보,건조,흐림,교차로 - 교차로부근,승용,남,51세,상해없음,승용,남,34세,경상
2012031700100717,2012년 3월 17일 22시,토요일,광주광역시 서구 쌍촌동,경상사고,0,0,5,0,차대차 - 기타,안전운전불이행,건조,맑음,교차로 - 교차로부근,승용,남,41세,상해없음,승용,남,52세,상해없음
2012031700100744,2012년 3월 17일 23시,토요일,광주광역시 광산구 월곡동,중상사고,0,2,0,0,차량단독 - 전도전복,안전운전불이행,습기,비,단일로 - 기타,이륜,남,16세,중상,,,,
2012031800100050,2012년 3월 18일 01시,일요일,광주광역시 동구 수기동,경상사고,0,0,1,0,차대차 - 추돌 - 주정차중,안전운전불이행,건조,맑음,단일로 - 기타,승용,남,21세,상해없음,승용,남,41세,경상
2012031800100051,2012년 3월 18일 01시,일요일,광주광역시 북구 운암동,중상사고,0,1,0,0,차대차 - 기타,안전운전불이행,건조,맑음,단일로 - 기타,승용,남,48세,상해없음,승용,남,32세,중상
2012031800100052,2012년 3월 18일 01시,일요일,광주광역시 광산구 선암동,경상사고,0,0,1,0,차대차 - 추돌 - 주정차중,안전거리미확보,건조,맑음,단일로 - 기타,승용,남,35세,상해없음,화물,남,44세,경상
2012031800100053,2012년 3월 18일 01시,일요일,광주광역시 광산구 수완동,경상사고,0,0,1,1,차대차 - 측면직각충돌,신호위반,건조,맑음,교차로 - 교차로안,승합,남,43세,부상신고,승용,남,24세,경상
2012031800100093,2012년 3월 18일 03시,일요일,광주광역시 광산구 산월동,경상사고,0,0,5,0,차대차 - 측면직각충돌,신호위반,건조,맑음,교차로 - 교차로안,화물,남,38세,경상,승용,남,26세,경상
2012031800100122,2012년 3월 18일 05시,일요일,광주광역시 북구 용봉동,경상사고,0,0,2,1,차대차 - 측면직각충돌,안전운전불이행,건조,맑음,교차로 - 교차로부근,승용,남,26세,상해없음,승용,남,31세,부상신고
2012031800100146,2012년 3월 18일 07시,일요일,광주광역시 서구 풍암동,경상사고,0,0,1,0,차대차 - 측면직각충돌,안전운전불이행,습기,비,단일로 - 기타,승용,기타불명,기타불명,기타불명,화물,남,40세,경상
2012031800100174,2012년 3월 18일 09시,일요일,광주광역시 남구 행암동,중상사고,0,1,0,0,차대차 - 기타,신호위반,건조,맑음,교차로 - 교차로안,화물,남,60세,상해없음,승용,여,62세,중상
2012031800100264,2012년 3월 18일 14시,일요일,광주광역시 동구 학동,중상사고,0,1,0,0,차대차 - 기타,안전운전불이행,건조,맑음,단일로 - 기타,승용,여,44세,상해없음,자전거,남,62세,중상
2012031800100287,2012년 3월 18일 15시,일요일,광주광역시 북구 운암동,경상사고,0,0,1,0,차대사람 - 길가장자리구역통행중,안전운전불이행,건조,맑음,단일로 - 기타,화물,남,48세,상해없음,보행자,남,41세,경상
2012031800100342,2012년 3월 18일 17시,일요일,광주광역시 서구 치평동,경상사고,0,0,1,0,차대차 - 기타,안전운전불이행,건조,맑음,단일로 - 기타,화물,남,51세,상해없음,승용,남,50세,경상
2012031800100343,2012년 3월 18일 17시,일요일,광주광역시 서구 농성동,경상사고,0,0,1,0,차대차 - 추돌 - 주정차중,안전운전불이행,건조,맑음,단일로 - 기타,승합,남,32세,상해없음,승용,남,29세,경상
2012031800100371,2012년 3월 18일 18시,일요일,광주광역시 서구 동천동,경상사고,0,0,3,0,차대차 - 측면직각충돌,안전거리미확보,건조,맑음,단일로 - 기타,승용,남,57세,상해없음,승용,여,42세,경상
2012031800100372,2012년 3월 18일 18시,일요일,광주광역시 서구 농성동,경상사고,0,0,1,0,차대차 - 추돌 - 진행중,안전거리미확보,건조,맑음,기타 - 기타,승용,남,58세,기타불명,승용,남,63세,경상
2012031800100395,2012년 3월 18일 19시,일요일,광주광역시 광산구 월계동,경상사고,0,0,2,0,차대차 - 측면직각충돌,안전거리미확보,건조,맑음,교차로 - 교차로부근,승용,남,39세,경상,승용,남,43세,경상
2012031800100430,2012년 3월 18일 21시,일요일,광주광역시 남구 봉선동,중상사고,0,1,0,0,차대사람 - 횡단중,안전운전불이행,건조,맑음,단일로 - 기타,이륜,남,16세,상해없음,보행자,여,74세,중상
2012031800100451,2012년 3월 18일 22시,일요일,광주광역시 광산구 월계동,경상사고,0,0,4,0,차대차 - 기타,안전거리미확보,건조,맑음,단일로 - 기타,기타불명,기타불명,기타불명,기타불명,승용,남,23세,경상
2012031800100460,2012년 3월 18일 23시,일요일,광주광역시 북구 매곡동,경상사고,0,0,1,0,차대차 - 추돌 - 진행중,안전운전불이행,건조,맑음,교차로 - 교차로부근,승용,남,35세,상해없음,승용,남,67세,경상
2012031900100010,2012년 3월 19일 00시,월요일,광주광역시 서구 쌍촌동,경상사고,0,0,2,0,차대차 - 기타,안전거리미확보,건조,맑음,기타 - 기타,승용,남,31세,상해없음,승용,남,52세,경상
2012031900100027,2012년 3월 19일 02시,월요일,광주광역시 동구 충장로1가,경상사고,0,0,1,0,차대차 - 기타,안전운전불이행,건조,맑음,단일로 - 기타,승용,남,21세,상해없음,승용,남,33세,경상
2012031900100029,2012년 3월 19일 03시,월요일,광주광역시 서구 세하동,경상사고,0,0,1,0,차대사람 - 길가장자리구역통행중,안전운전불이행,건조,맑음,단일로 - 기타,승용,기타불명,기타불명,기타불명,보행자,여,17세,경상
2012031900100058,2012년 3월 19일 06시,월요일,광주광역시 서구 서창동,경상사고,0,0,1,0,차대차 - 추돌 - 주정차중,안전거리미확보,건조,맑음,교차로 - 교차로부근,화물,남,51세,상해없음,화물,남,43세,경상
2012031900100151,2012년 3월 19일 09시,월요일,광주광역시 동구 소태동,경상사고,0,0,2,0,차대차 - 추돌 - 진행중,안전운전불이행,건조,맑음,단일로 - 기타,이륜,남,26세,경상,승용,남,54세,경상
2012031900100152,2012년 3월 19일 09시,월요일,광주광역시 북구 오치동,중상사고,0,2,1,0,차대차 - 측면직각충돌,신호위반,건조,맑음,교차로 - 교차로안,승용,남,70세,중상,승용,남,63세,중상
2012031900100225,2012년 3월 19일 12시,월요일,광주광역시 동구 금남로5가,경상사고,0,0,1,0,차대차 - 추돌 - 진행중,안전거리미확보,건조,맑음,교차로 - 교차로부근,승용,남,38세,상해없음,승용,여,47세,경상
2012031900100258,2012년 3월 19일 13시,월요일,광주광역시 남구 백운동,경상사고,0,0,1,0,차대차 - 측면직각충돌,신호위반,건조,맑음,교차로 - 교차로부근,화물,남,66세,상해없음,승용,남,60세,경상
2012031900100259,2012년 3월 19일 13시,월요일,광주광역시 북구 두암동,경상사고,0,0,1,0,차대차 - 추돌 - 진행중,안전거리미확보,건조,맑음,단일로 - 기타,이륜,남,31세,상해없음,승용,남,51세,경상
2012031900100286,2012년 3월 19일 14시,월요일,광주광역시 동구 서석동,경상사고,0,0,1,0,차량단독 - 기타,기타,건조,맑음,교차로 - 교차로안,승합,남,54세,상해없음,,,,
2012031900100287,2012년 3월 19일 14시,월요일,광주광역시 서구 쌍촌동,경상사고,0,0,1,0,차대사람 - 횡단중,보행자보호의무위반,건조,맑음,단일로 - 횡단보도상,승용,남,49세,상해없음,보행자,여,20세,경상
2012031900100308,2012년 3월 19일 15시,월요일,광주광역시 동구 계림동,경상사고,0,0,1,0,차대차 - 기타,안전운전불이행,건조,맑음,단일로 - 기타,이륜,남,69세,경상,화물,남,61세,상해없음
2012031900100339,2012년 3월 19일 16시,월요일,광주광역시 서구 쌍촌동,부상신고사고,0,0,0,1,차대사람 - 기타,안전운전불이행,건조,맑음,단일로 - 기타,승용,여,47세,상해없음,보행자,남,63세,부상신고
2012031900100340,2012년 3월 19일 16시,월요일,광주광역시 북구 양산동,사망사고,1,0,0,1,차대사람 - 횡단중,보행자보호의무위반,건조,맑음,단일로 - 횡단보도상,이륜,남,26세,부상신고,보행자,여,63세,사망
2012031900100341,2012년 3월 19일 16시,월요일,광주광역시 광산구 송정동,부상신고사고,0,0,0,1,차대차 - 측면직각충돌,신호위반,건조,맑음,단일로 - 기타,원동기,여,50세,부상신고,승용,남,56세,상해없음
2012031900100374,2012년 3월 19일 17시,월요일,광주광역시 북구 삼각동,경상사고,0,0,2,0,차대차 - 추돌 - 주정차중,안전운전불이행,건조,맑음,단일로 - 기타,승용,남,56세,상해없음,승용,남,44세,경상
2012031900100375,2012년 3월 19일 17시,월요일,광주광역시 북구 중흥동,중상사고,0,1,0,0,차대사람 - 보도통행중,안전운전불이행,건조,맑음,단일로 - 기타,승용,남,28세,상해없음,보행자,남,8세,중상
2012031900100401,2012년 3월 19일 18시,월요일,광주광역시 광산구 신촌동,경상사고,0,0,3,0,차대차 - 측면직각충돌,교차로운행방법위반,건조,맑음,교차로 - 교차로안,승용,남,69세,상해없음,승용,여,42세,경상
2012031900100440,2012년 3월 19일 19시,월요일,광주광역시 동구 금남로5가,경상사고,0,0,2,0,차대차 - 측면직각충돌,안전운전불이행,건조,맑음,교차로 - 교차로안,승용,남,27세,상해없음,이륜,남,22세,경상
2012031900100471,2012년 3월 19일 20시,월요일,광주광역시 북구 문흥동,경상사고,0,0,5,0,차대차 - 기타,안전운전불이행,건조,맑음,교차로 - 교차로안,승용,남,47세,상해없음,승용,여,36세,경상
2012031900100472,2012년 3월 19일 20시,월요일,광주광역시 광산구 우산동,경상사고,0,0,1,0,차대차 - 추돌 - 주정차중,안전운전불이행,건조,맑음,교차로 - 교차로부근,화물,남,52세,상해없음,승용,여,44세,경상
2012031900100563,2012년 3월 19일 23시,월요일,광주광역시 광산구 쌍암동,경상사고,0,0,1,0,차대차 - 측면직각충돌,중앙선침범,건조,맑음,단일로 - 기타,승용,남,46세,상해없음,승용,남,40세,경상
2012032000100039,2012년 3월 20일 01시,화요일,광주광역시 동구 황금동,부상신고사고,0,0,0,1,차대차 - 측면직각충돌,안전운전불이행,건조,맑음,교차로 - 교차로안,승용,남,35세,상해없음,승용,남,23세,상해없음
2012032000100040,2012년 3월 20일 01시,화요일,광주광역시 서구 유촌동,경상사고,0,0,2,0,차대차 - 측면직각충돌,교차로운행방법위반,건조,맑음,교차로 - 교차로안,승용,남,52세,상해없음,승용,남,39세,상해없음
2012032000100120,2012년 3월 20일 07시,화요일,광주광역시 동구 내남동,경상사고,0,0,3,0,차대차 - 추돌 - 주정차중,안전운전불이행,건조,맑음,단일로 - 기타,승용,남,22세,상해없음,승용,남,32세,경상
2012032000100121,2012년 3월 20일 07시,화요일,광주광역시 서구 화정동,경상사고,0,0,2,0,차대차 - 추돌 - 주정차중,안전거리미확보,건조,맑음,단일로 - 기타,화물,남,30세,상해없음,승용,남,51세,경상
2012032000100122,2012년 3월 20일 07시,화요일,광주광역시 남구 진월동,경상사고,0,0,1,0,차대사람 - 횡단중,안전운전불이행,건조,맑음,단일로 - 기타,승용,여,45세,기타불명,보행자,여,12세,경상
2012032000100159,2012년 3월 20일 08시,화요일,광주광역시 남구 송하동,경상사고,0,0,1,0,차대차 - 측면직각충돌,안전운전불이행,건조,맑음,단일로 - 기타,승용,여,31세,상해없음,승용,남,32세,경상
2012032000100160,2012년 3월 20일 08시,화요일,광주광역시 광산구 양산동,경상사고,0,0,1,0,차대사람 - 기타,안전운전불이행,건조,맑음,기타 - 기타,승용,남,34세,상해없음,보행자,남,11세,경상
2012032000100189,2012년 3월 20일 09시,화요일,광주광역시 동구 계림동,경상사고,0,0,1,0,차대차 - 측면직각충돌,교차로운행방법위반,건조,맑음,교차로 - 교차로안,원동기,남,63세,경상,화물,남,43세,상해없음
2012032000100190,2012년 3월 20일 09시,화요일,광주광역시 동구 서석동,중상사고,0,1,0,0,차대사람 - 기타,안전운전불이행,건조,맑음,단일로 - 기타,승용,여,51세,상해없음,보행자,여,20세,중상
2012032000100191,2012년 3월 20일 09시,화요일,광주광역시 북구 운암동,경상사고,0,0,3,0,차대차 - 추돌 - 주정차중,안전거리미확보,건조,맑음,단일로 - 기타,화물,남,35세,상해없음,승용,여,48세,경상
2012032000100263,2012년 3월 20일 12시,화요일,광주광역시 북구 용봉동,경상사고,0,0,3,0,차대차 - 측면직각충돌,안전운전불이행,건조,맑음,단일로 - 기타,승용,여,57세,상해없음,승용,여,30세,경상
2012032000100264,2012년 3월 20일 12시,화요일,광주광역시 북구 용봉동,중상사고,0,1,0,0,차대사람 - 기타,안전운전불이행,건조,맑음,단일로 - 기타,승용,여,28세,상해없음,보행자,여,20세,중상
2012032000100288,2012년 3월 20일 13시,화요일,광주광역시 북구 일곡동,경상사고,0,0,2,0,차대차 - 기타,교차로운행방법위반,건조,맑음,교차로 - 교차로안,이륜,남,16세,경상,승용,여,36세,상해없음
2012032000100316,2012년 3월 20일 14시,화요일,광주광역시 서구 치평동,경상사고,0,0,2,0,차대차 - 기타,교차로운행방법위반,건조,맑음,교차로 - 교차로안,승용,여,35세,상해없음,승용,남,52세,경상
2012032000100317,2012년 3월 20일 14시,화요일,광주광역시 남구 월산동,중상사고,0,1,0,0,차대차 - 측면직각충돌,기타,건조,맑음,교차로 - 교차로안,승용,남,56세,상해없음,자전거,남,34세,중상
2012032000100344,2012년 3월 20일 15시,화요일,광주광역시 서구 치평동,경상사고,0,0,1,0,차대차 - 기타,교차로운행방법위반,건조,맑음,교차로 - 교차로안,승용,남,22세,상해없음,승용,남,33세,경상
2012032000100345,2012년 3월 20일 15시,화요일,광주광역시 북구 북동,중상사고,0,1,0,0,차대사람 - 횡단중,안전운전불이행,건조,맑음,단일로 - 기타,화물,여,56세,상해없음,보행자,여,67세,중상
2012032000100346,2012년 3월 20일 15시,화요일,광주광역시 광산구 신창동,경상사고,0,0,1,0,차대차 - 추돌 - 진행중,안전거리미확보,건조,맑음,단일로 - 기타,화물,남,47세,상해없음,승용,여,49세,경상
2012032000100445,2012년 3월 20일 18시,화요일,광주광역시 북구 매곡동,경상사고,0,0,1,0,차대사람 - 횡단중,보행자보호의무위반,건조,맑음,단일로 - 횡단보도상,승용,여,47세,상해없음,보행자,남,11세,경상
2012032000100446,2012년 3월 20일 18시,화요일,광주광역시 광산구 송정동,경상사고,0,0,1,0,차대차 - 기타,안전운전불이행,건조,맑음,교차로 - 교차로부근,승용,여,47세,상해없음,자전거,여,50세,경상
2012032000100490,2012년 3월 20일 19시,화요일,광주광역시 북구 풍향동,경상사고,0,0,1,0,차대사람 - 기타,안전운전불이행,건조,맑음,단일로 - 기타,기타불명,기타불명,기타불명,기타불명,보행자,남,54세,경상
2012032000100521,2012년 3월 20일 20시,화요일,광주광역시 서구 동천동,경상사고,0,0,1,0,차대사람 - 횡단중,신호위반,건조,맑음,교차로 - 교차로부근,승용,남,21세,상해없음,보행자,남,12세,경상
2012032000100522,2012년 3월 20일 20시,화요일,광주광역시 광산구 우산동,경상사고,0,0,1,0,차대사람 - 차도통행중,안전운전불이행,건조,맑음,단일로 - 기타,승용,남,22세,상해없음,보행자,여,47세,경상
2012032000100550,2012년 3월 20일 21시,화요일,광주광역시 동구 산수동,경상사고,0,0,1,0,차대차 - 기타,신호위반,건조,맑음,교차로 - 교차로부근,이륜,남,19세,경상,승용,남,62세,상해없음
2012032000100551,2012년 3월 20일 21시,화요일,광주광역시 광산구 도산동,경상사고,0,0,1,0,차대사람 - 길가장자리구역통행중,안전운전불이행,건조,맑음,단일로 - 기타,승용,남,65세,상해없음,보행자,여,43세,경상
2012032000100580,2012년 3월 20일 22시,화요일,광주광역시 광산구 월계동,경상사고,0,0,1,0,차대차 - 측면직각충돌,안전운전불이행,건조,맑음,단일로 - 기타,이륜,남,16세,경상,승용,남,32세,상해없음
2012032000100623,2012년 3월 20일 23시,화요일,광주광역시 서구 쌍촌동,경상사고,0,0,1,0,차대차 - 기타,신호위반,건조,맑음,단일로 - 기타,승용,여,34세,상해없음,자전거,남,28세,경상
2012032000100624,2012년 3월 20일 23시,화요일,광주광역시 광산구 운남동,경상사고,0,0,1,0,차대차 - 측면직각충돌,안전운전불이행,건조,맑음,교차로 - 교차로안,승용,남,49세,상해없음,자전거,남,13세,경상
2012032000100625,2012년 3월 20일 23시,화요일,광주광역시 광산구 월계동,중상사고,0,3,2,0,차량단독 - 기타,안전운전불이행,건조,맑음,교차로 - 교차로부근,승용,남,27세,중상,,,,
2012032100100040,2012년 3월 21일 02시,수요일,광주광역시 남구 송하동,경상사고,0,0,1,0,차대사람 - 기타,안전운전불이행,건조,맑음,단일로 - 기타,승용,남,28세,상해없음,보행자,남,26세,경상
2012032100100052,2012년 3월 21일 03시,수요일,광주광역시 남구 양과동,중상사고,0,1,0,0,차량단독 - 공작물충돌,안전운전불이행,건조,맑음,단일로 - 기타,승용,남,25세,중상,,,,
2012032100100069,2012년 3월 21일 05시,수요일,광주광역시 광산구 소촌동,경상사고,0,0,1,0,차대차 - 측면직각충돌,안전운전불이행,건조,맑음,교차로 - 교차로안,승용,남,30세,상해없음,화물,남,57세,경상
2012032100100113,2012년 3월 21일 07시,수요일,광주광역시 서구 광천동,중상사고,0,1,0,0,차대차 - 기타,안전운전불이행,건조,맑음,교차로 - 교차로안,승용,남,61세,상해없음,자전거,남,13세,중상
2012032100100114,2012년 3월 21일 07시,수요일,광주광역시 북구 양산동,경상사고,0,0,2,0,차대사람 - 기타,안전운전불이행,건조,맑음,단일로 - 기타,승용,남,59세,상해없음,보행자,남,61세,경상
2012032100100141,2012년 3월 21일 08시,수요일,광주광역시 동구 동명동,경상사고,0,0,2,0,차대차 - 측면직각충돌,안전거리미확보,건조,맑음,교차로 - 교차로안,승용,여,51세,경상,승용,여,37세,경상
2012032100100143,2012년 3월 21일 08시,수요일,광주광역시 서구 동천동,경상사고,0,0,1,0,차대차 - 측면직각충돌,안전운전불이행,건조,맑음,단일로 - 기타,화물,남,34세,상해없음,승용,여,42세,경상
2012032100100166,2012년 3월 21일 09시,수요일,광주광역시 동구 대인동,경상사고,0,0,1,0,차대차 - 측면직각충돌,중앙선침범,건조,맑음,교차로 - 교차로부근,승용,남,57세,상해없음,승용,남,67세,경상
2012032100100167,2012년 3월 21일 09시,수요일,광주광역시 북구 운암동,중상사고,0,1,0,0,차량단독 - 기타,안전운전불이행,건조,맑음,단일로 - 기타,승합,남,60세,상해없음,,,,
2012032100100188,2012년 3월 21일 10시,수요일,광주광역시 북구 월출동,중상사고,0,3,3,0,차대차 - 측면직각충돌,신호위반,건조,맑음,단일로 - 기타,화물,남,23세,중상,승용,남,47세,중상
2012032100100239,2012년 3월 21일 12시,수요일,광주광역시 서구 금호동,경상사고,0,0,1,0,차대사람 - 기타,안전운전불이행,건조,맑음,교차로 - 교차로부근,승용,남,23세,상해없음,보행자,남,70세,경상
2012032100100266,2012년 3월 21일 13시,수요일,광주광역시 북구 망월동,경상사고,0,0,1,0,차량단독 - 공작물충돌,안전운전불이행,건조,맑음,단일로 - 기타,승용,남,19세,경상,,,,
2012032100100286,2012년 3월 21일 14시,수요일,광주광역시 동구 산수동,경상사고,0,0,1,0,차대차 - 기타,안전운전불이행,건조,맑음,단일로 - 기타,승용,남,54세,상해없음,이륜,남,54세,경상
2012032100100340,2012년 3월 21일 16시,수요일,광주광역시 서구 양동,경상사고,0,0,1,0,차대차 - 추돌 - 진행중,안전거리미확보,건조,맑음,교차로 - 교차로부근,승용,남,53세,상해없음,승용,남,62세,경상
2012032100100376,2012년 3월 21일 17시,수요일,광주광역시 서구 쌍촌동,경상사고,0,0,1,0,차대차 - 추돌 - 진행중,안전거리미확보,건조,맑음,교차로 - 교차로부근,승용,남,28세,상해없음,승용,여,37세,경상
2012032100100377,2012년 3월 21일 17시,수요일,광주광역시 서구 풍암동,경상사고,0,0,1,0,차대차 - 측면직각충돌,중앙선침범,건조,맑음,단일로 - 기타,승용,남,51세,상해없음,승용,남,33세,경상
2012032100100409,2012년 3월 21일 18시,수요일,광주광역시 북구 신안동,중상사고,0,1,0,0,차대차 - 측면직각충돌,중앙선침범,건조,맑음,단일로 - 기타,승용,남,80세,상해없음,원동기,남,24세,중상
2012032100100442,2012년 3월 21일 19시,수요일,광주광역시 동구 계림동,중상사고,0,1,0,0,차량단독 - 기타,기타,건조,맑음,단일로 - 기타,승합,남,45세,상해없음,,,,
2012032100100443,2012년 3월 21일 19시,수요일,광주광역시 광산구 쌍암동,경상사고,0,0,1,0,차대차 - 기타,기타,건조,맑음,단일로 - 기타,승용,여,44세,상해없음,자전거,남,17세,경상
2012032100100507,2012년 3월 21일 21시,수요일,광주광역시 광산구 월계동,경상사고,0,0,1,0,차대차 - 추돌 - 주정차중,안전운전불이행,습기,비,단일로 - 기타,승용,남,26세,상해없음,승용,여,40세,경상
2012032100100534,2012년 3월 21일 22시,수요일,광주광역시 서구 쌍촌동,경상사고,0,0,2,0,차대차 - 측면직각충돌,안전운전불이행,건조,맑음,단일로 - 기타,승용,남,45세,상해없음,승용,남,46세,경상
2012032100100535,2012년 3월 21일 22시,수요일,광주광역시 서구 풍암동,경상사고,0,0,1,0,차대사람 - 길가장자리구역통행중,불법유턴,건조,맑음,단일로 - 기타,승용,기타불명,기타불명,기타불명,보행자,여,14세,경상
2012032100100536,2012년 3월 21일 22시,수요일,광주광역시 광산구 산월동,경상사고,0,0,1,0,차대차 - 측면직각충돌,교차로운행방법위반,건조,맑음,교차로 - 교차로안,승합,남,74세,상해없음,승용,여,60세,상해없음
2012032100100570,2012년 3월 21일 23시,수요일,광주광역시 동구 학동,경상사고,0,0,1,0,차대차 - 추돌 - 주정차중,안전거리미확보,건조,맑음,교차로 - 교차로부근,승용,남,31세,상해없음,승용,남,52세,경상
2012032200100034,2012년 3월 22일 01시,목요일,광주광역시 서구 쌍촌동,부상신고사고,0,0,0,1,차대차 - 추돌 - 주정차중,안전운전불이행,건조,맑음,단일로 - 기타,승용,남,36세,상해없음,승용,남,18세,상해없음
2012032200100049,2012년 3월 22일 03시,목요일,광주광역시 남구 서동,경상사고,0,0,4,1,차대차 - 추돌 - 주정차중,안전운전불이행,건조,맑음,단일로 - 기타,승용,남,26세,부상신고,승용,여,34세,경상
2012032200100079,2012년 3월 22일 06시,목요일,광주광역시 북구 생용동,중상사고,0,1,0,0,차대차 - 측면직각충돌,안전운전불이행,건조,맑음,단일로 - 기타,승용,여,27세,상해없음,이륜,남,46세,중상
2012032200100131,2012년 3월 22일 08시,목요일,광주광역시 북구 중흥동,경상사고,0,0,2,0,차대차 - 측면직각충돌,신호위반,습기,비,단일로 - 기타,승용,여,25세,경상,승용,여,50세,경상
2012032200100132,2012년 3월 22일 08시,목요일,광주광역시 광산구 신가동,중상사고,0,1,1,0,차대차 - 측면직각충돌,신호위반,건조,맑음,교차로 - 교차로안,승용,남,46세,상해없음,승용,여,44세,중상
2012032200100133,2012년 3월 22일 08시,목요일,광주광역시 광산구 장덕동,경상사고,0,0,2,0,차대차 - 측면직각충돌,신호위반,습기,비,교차로 - 교차로안,승용,남,43세,경상,승용,남,33세,경상
2012032200100156,2012년 3월 22일 09시,목요일,광주광역시 서구 쌍촌동,중상사고,0,1,0,0,차대사람 - 횡단중,안전운전불이행,습기,비,교차로 - 교차로부근,승합,남,35세,상해없음,보행자,남,73세,중상