사고번호,사고일시,요일,시군구,사고내용,사망자수,중상자수,경상자수,부상신고자수,사고유형,법규위반,노면상태,기상상태,도로형태,가해운전자 차종,가해운전자 성별,가해운전자 연령,가해운전자 상해정도,피해운전자 차종,피해운전자 성별,피해운전자 연령,피해운전자 상해정도
2012032200100174,2012년 3월 22일 10시,목요일,광주광역시 북구 운암동,경상사고,0,0,1,0,차대차 - 추돌 - 진행중,안전운전불이행,습기,비,교차로 - 교차로부근,화물,남,46세,상해없음,승용,남,64세,경상
2012032200100191,2012년 3월 22일 11시,목요일,광주광역시 남구 봉선동,중상사고,0,1,0,0,차대사람 - 기타,안전운전불이행,건조,맑음,단일로 - 기타,화물,남,20세,상해없음,보행자,여,52세,중상
2012032200100212,2012년 3월 22일 12시,목요일,광주광역시 북구 운암동,경상사고,0,0,1,0,차대차 - 측면직각충돌,신호위반,건조,맑음,교차로 - 교차로안,승용,남,28세,상해없음,승용,남,25세,경상
2012032200100235,2012년 3월 22일 13시,목요일,광주광역시 서구 화정동,경상사고,0,0,1,0,차대차 - 측면직각충돌,교차로운행방법위반,습기,비,교차로 - 교차로안,승용,여,48세,상해없음,승용,남,54세,경상
2012032200100256,2012년 3월 22일 14시,목요일,광주광역시 북구 운암동,경상사고,0,0,1,0,차대차 - 측면직각충돌,안전운전불이행,습기,비,단일로 - 기타,승용,남,27세,상해없음,승용,여,53세,경상
2012032200100294,2012년 3월 22일 15시,목요일,광주광역시 광산구 신창동,경상사고,0,0,1,0,차대사람 - 차도통행중,안전운전불이행,습기,비,단일로 - 기타,승용,남,38세,상해없음,보행자,남,7세,경상
2012032200100362,2012년 3월 22일 17시,목요일,광주광역시 남구 월성동,경상사고,0,0,1,0,차대차 - 기타,안전운전불이행,습기,비,단일로 - 기타,화물,남,56세,상해없음,승용,여,36세,경상
2012032200100363,2012년 3월 22일 17시,목요일,광주광역시 광산구 쌍암동,경상사고,0,0,1,0,차대사람 - 차도통행중,안전운전불이행,습기,비,단일로 - 기타,원동기,남,37세,상해없음,보행자,남,28세,경상
2012032200100397,2012년 3월 22일 18시,목요일,광주광역시 북구 일곡동,경상사고,0,0,1,0,차대차 - 기타,안전거리미확보,습기,비,교차로 - 교차로부근,승용,남,42세,상해없음,승용,남,51세,상해없음
2012032200100468,2012년 3월 22일 20시,목요일,광주광역시 서구 풍암동,경상사고,0,0,1,0,차대차 - 측면직각충돌,안전운전불이행,습기,비,교차로 - 교차로안,승용,남,49세,상해없음,승용,남,29세,경상
2012032200100469,2012년 3월 22일 20시,목요일,광주광역시 남구 서동,경상사고,0,0,2,0,차대차 - 측면직각충돌,신호위반,습기,비,교차로 - 교차로안,승용,남,64세,상해없음,승용,남,29세,경상
2012032200100470,2012년 3월 22일 20시,목요일,광주광역시 북구 두암동,경상사고,0,0,2,0,차대사람 - 횡단중,신호위반,건조,맑음,단일로 - 횡단보도상,승용,여,41세,상해없음,보행자,여,39세,경상
2012032200100518,2012년 3월 22일 21시,목요일,광주광역시 서구 광천동,경상사고,0,0,1,0,차대차 - 측면직각충돌,안전운전불이행,건조,맑음,단일로 - 기타,승용,여,26세,상해없음,승합,남,29세,경상
2012032200100519,2012년 3월 22일 21시,목요일,광주광역시 광산구 월계동,경상사고,0,0,2,0,차대차 - 추돌 - 진행중,안전운전불이행,습기,비,단일로 - 기타,승용,남,62세,상해없음,승용,남,37세,경상
2012032200100567,2012년 3월 22일 22시,목요일,광주광역시 광산구 월곡동,경상사고,0,0,1,0,차대차 - 추돌 - 진행중,불법유턴,습기,비,교차로 - 교차로부근,승용,남,44세,상해없음,승용,남,38세,경상
2012032200100611,2012년 3월 22일 23시,목요일,광주광역시 서구 풍암동,경상사고,0,0,1,0,차대사람 - 길가장자리구역통행중,안전운전불이행,습기,비,단일로 - 기타,승용,남,32세,기타불명,보행자,남,30세,경상
2012032200100612,2012년 3월 22일 23시,목요일,광주광역시 서구 금호동,경상사고,0,0,2,0,차대차 - 측면직각충돌,안전운전불이행,습기,비,단일로 - 기타,승용,남,42세,상해없음,승용,여,26세,경상
2012032200100613,2012년 3월 22일 23시,목요일,광주광역시 광산구 월계동,경상사고,0,0,1,0,차대차 - 기타,안전운전불이행,습기,비,단일로 - 기타,원동기,남,18세,경상,승용,남,35세,상해없음
2012032200100614,2012년 3월 22일 23시,목요일,광주광역시 광산구 산월동,경상사고,0,0,1,0,차대차 - 측면직각충돌,안전운전불이행,습기,비,단일로 - 기타,이륜,남,20세,경상,화물,여,43세,상해없음
2012032300100028,2012년 3월 23일 00시,금요일,광주광역시 서구 금호동,경상사고,0,0,1,0,차대차 - 측면직각충돌,중앙선침범,습기,비,교차로 - 교차로부근,승용,남,49세,상해없음,승용,여,52세,경상
2012032300100029,2012년 3월 23일 00시,금요일,광주광역시 북구 오치동,경상사고,0,0,1,0,차대차 - 측면직각충돌,신호위반,습기,비,교차로 - 교차로안,승용,남,19세,상해없음,승합,여,40세,상해없음
2012032300100030,2012년 3월 23일 00시,금요일,광주광역시 광산구 신창동,사망사고,2,0,2,0,차대차 - 정면충돌,중앙선침범,습기,비,교차로 - 교차로부근,승용,남,36세,사망,화물,남,53세,경상
2012032300100054,2012년 3월 23일 01시,금요일,광주광역시 남구 주월동,경상사고,0,0,1,0,차대사람 - 기타,안전운전불이행,습기,비,교차로 - 교차로안,승용,남,30세,상해없음,보행자,남,24세,경상
2012032300100055,2012년 3월 23일 01시,금요일,광주광역시 북구 동림동,경상사고,0,0,4,1,차대차 - 측면직각충돌,안전거리미확보,습기,비,단일로 - 기타,승용,남,34세,상해없음,승용,남,53세,경상
2012032300100087,2012년 3월 23일 03시,금요일,광주광역시 동구 대의동,중상사고,0,1,0,0,차량단독 - 기타,안전운전불이행,건조,맑음,교차로 - 교차로부근,승용,남,61세,기타불명,,,,
2012032300100142,2012년 3월 23일 07시,금요일,광주광역시 서구 금호동,경상사고,0,0,1,0,차대차 - 추돌 - 진행중,차로위반,습기,비,단일로 - 기타,승용,남,33세,상해없음,승합,남,53세,경상
2012032300100143,2012년 3월 23일 07시,금요일,광주광역시 서구 풍암동,경상사고,0,0,1,0,차대사람 - 차도통행중,안전운전불이행,건조,맑음,단일로 - 기타,승용,남,55세,상해없음,보행자,남,16세,경상
2012032300100144,2012년 3월 23일 07시,금요일,광주광역시 광산구 쌍암동,부상신고사고,0,0,0,1,차대차 - 추돌 - 진행중,안전거리미확보,건조,맑음,단일로 - 기타,승용,남,52세,부상신고,승용,남,27세,상해없음
2012032300100145,2012년 3월 23일 07시,금요일,광주광역시 광산구 송정동,경상사고,0,0,1,0,차대사람 - 차도통행중,안전운전불이행,습기,비,교차로 - 교차로부근,승용,기타불명,기타불명,기타불명,보행자,남,13세,경상
2012032300100198,2012년 3월 23일 09시,금요일,광주광역시 동구 산수동,경상사고,0,0,2,0,차대차 - 측면직각충돌,교차로운행방법위반,습기,비,교차로 - 교차로안,승용,남,50세,경상,승용,여,52세,경상
2012032300100233,2012년 3월 23일 10시,금요일,광주광역시 북구 중흥동,경상사고,0,0,1,0,차대차 - 측면직각충돌,신호위반,습기,비,교차로 - 교차로안,승용,남,32세,상해없음,승용,여,59세,경상
2012032300100234,2012년 3월 23일 10시,금요일,광주광역시 북구 중흥동,중상사고,0,1,3,0,차대차 - 측면직각충돌,교차로운행방법위반,습기,비,교차로 - 교차로안,이륜,남,51세,경상,승용,남,30세,경상
2012032300100268,2012년 3월 23일 11시,금요일,광주광역시 서구 화정동,경상사고,0,0,1,0,차대차 - 기타,안전운전불이행,습기,비,교차로 - 교차로부근,승용,여,56세,상해없음,승용,여,30세,경상
2012032300100269,2012년 3월 23일 11시,금요일,광주광역시 서구 화정동,경상사고,0,0,1,0,차대차 - 기타,안전운전불이행,습기,비,교차로 - 교차로부근,승용,남,44세,상해없음,승용,여,56세,경상
2012032300100270,2012년 3월 23일 11시,금요일,광주광역시 북구 중흥동,중상사고,0,1,4,0,차대차 - 측면직각충돌,안전운전불이행,습기,비,단일로 - 기타,승용,남,69세,상해없음,승용,여,50세,중상
2012032300100299,2012년 3월 23일 12시,금요일,광주광역시 서구 광천동,경상사고,0,0,1,0,차대사람 - 기타,신호위반,습기,비,단일로 - 횡단보도상,화물,남,41세,상해없음,보행자,여,30세,경상
2012032300100300,2012년 3월 23일 12시,금요일,광주광역시 광산구 소촌동,경상사고,0,0,32,0,차대차 - 측면직각충돌,안전거리미확보,습기,비,단일로 - 기타,승용,남,50세,경상,승합,남,28세,경상
2012032300100338,2012년 3월 23일 13시,금요일,광주광역시 북구 신안동,경상사고,0,0,3,0,차대차 - 측면직각충돌,안전운전불이행,습기,비,단일로 - 기타,승용,여,40세,경상,승합,여,46세,경상
2012032300100369,2012년 3월 23일 14시,금요일,광주광역시 서구 쌍촌동,경상사고,0,0,1,0,차대차 - 기타,안전거리미확보,습기,비,교차로 - 교차로부근,승용,남,38세,상해없음,승용,남,60세,상해없음
2012032300100370,2012년 3월 23일 14시,금요일,광주광역시 광산구 소촌동,경상사고,0,0,1,0,차대차 - 추돌 - 진행중,안전운전불이행,습기,비,교차로 - 교차로부근,승용,남,44세,상해없음,승용,남,22세,경상
2012032300100402,2012년 3월 23일 15시,금요일,광주광역시 남구 송하동,경상사고,0,0,2,0,차대차 - 추돌 - 진행중,안전운전불이행,습기,비,교차로 - 교차로안,기타불명,기타불명,기타불명,기타불명,승용,남,44세,경상
2012032300100403,2012년 3월 23일 15시,금요일,광주광역시 광산구 소촌동,경상사고,0,0,1,0,차대차 - 추돌 - 주정차중,안전운전불이행,습기,맑음,교차로 - 교차로부근,승합,남,60세,상해없음,화물,남,62세,경상
2012032300100459,2012년 3월 23일 17시,금요일,광주광역시 북구 생용동,경상사고,0,0,4,0,차대차 - 측면직각충돌,안전거리미확보,건조,맑음,교차로 - 교차로부근,승용,남,41세,경상,승용,남,27세,경상
2012032300100460,2012년 3월 23일 17시,금요일,광주광역시 광산구 산정동,중상사고,0,1,6,0,차대차 - 측면직각충돌,신호위반,건조,맑음,교차로 - 교차로안,화물,남,47세,상해없음,승합,남,71세,중상
2012032300100505,2012년 3월 23일 18시,금요일,광주광역시 서구 광천동,경상사고,0,0,1,0,차대차 - 기타,교차로운행방법위반,건조,맑음,교차로 - 교차로안,특수,남,31세,상해없음,승용,남,44세,경상
2012032300100571,2012년 3월 23일 19시,금요일,광주광역시 남구 방림동,경상사고,0,0,8,0,차대차 - 측면직각충돌,안전운전불이행,습기,비,교차로 - 교차로안,승용,남,42세,경상,승용,여,34세,경상
2012032300100572,2012년 3월 23일 19시,금요일,광주광역시 광산구 수완동,경상사고,0,0,1,0,차대차 - 측면직각충돌,중앙선침범,습기,비,단일로 - 기타,승용,남,47세,상해없음,승용,남,36세,경상
2012032300100645,2012년 3월 23일 20시,금요일,광주광역시 서구 금호동,경상사고,0,0,1,0,차대차 - 기타,불법유턴,건조,맑음,교차로 - 교차로부근,승용,남,28세,상해없음,승용,남,29세,경상
2012032300100728,2012년 3월 23일 21시,금요일,광주광역시 북구 동림동,경상사고,0,0,1,0,차대차 - 측면직각충돌,신호위반,건조,맑음,교차로 - 교차로안,승용,남,40세,상해없음,승용,남,30세,경상
2012032300100729,2012년 3월 23일 21시,금요일,광주광역시 북구 중흥동,사망사고,1,0,2,0,차대차 - 추돌 - 진행중,중앙선침범,습기,비,교차로 - 교차로안,승용,남,51세,사망,승용,남,28세,경상
2012032300100796,2012년 3월 23일 22시,금요일,광주광역시 서구 금호동,중상사고,0,1,0,0,차대차 - 기타,안전운전불이행,건조,맑음,단일로 - 기타,승용,기타불명,기타불명,기타불명,화물,남,55세,중상
2012032300100797,2012년 3월 23일 22시,금요일,광주광역시 서구 금호동,경상사고,0,0,5,0,차대차 - 기타,안전운전불이행,습기,비,교차로 - 교차로부근,승용,여,35세,상해없음,승용,남,48세,경상
2012032300100798,2012년 3월 23일 22시,금요일,광주광역시 광산구 신촌동,경상사고,0,0,3,0,차대차 - 추돌 - 진행중,안전운전불이행,건조,맑음,교차로 - 교차로부근,승용,남,40세,상해없음,승용,남,30세,경상
2012032300100848,2012년 3월 23일 23시,금요일,광주광역시 광산구 신가동,중상사고,0,1,1,0,차대차 - 추돌 - 주정차중,안전운전불이행,습기,흐림,단일로 - 기타,승용,남,38세,상해없음,승용,남,25세,경상
2012032300100849,2012년 3월 23일 23시,금요일,광주광역시 광산구 월계동,경상사고,0,0,1,0,차대사람 - 차도통행중,안전운전불이행,건조,맑음,단일로 - 기타,승용,남,31세,상해없음,보행자,남,16세,경상
2012032400100041,2012년 3월 24일 00시,토요일,광주광역시 광산구 월곡동,경상사고,0,0,3,0,차대차 - 추돌 - 주정차중,안전운전불이행,습기,흐림,교차로 - 교차로부근,승용,남,30세,상해없음,승용,남,36세,경상
2012032400100042,2012년 3월 24일 00시,토요일,광주광역시 광산구 우산동,경상사고,0,0,1,0,차대차 - 측면직각충돌,안전운전불이행,습기,비,단일로 - 기타,승용,남,41세,상해없음,승용,여,27세,경상
2012032400100084,2012년 3월 24일 01시,토요일,광주광역시 서구 광천동,경상사고,0,0,1,0,차대차 - 기타,안전거리미확보,습기,비,단일로 - 기타,승용,여,27세,상해없음,승용,남,48세,경상
2012032400100085,2012년 3월 24일 01시,토요일,광주광역시 북구 용봉동,경상사고,0,0,2,0,차대차 - 추돌 - 진행중,안전운전불이행,습기,비,교차로 - 교차로부근,승용,남,29세,상해없음,승용,남,46세,경상
2012032400100146,2012년 3월 24일 03시,토요일,광주광역시 북구 일곡동,경상사고,0,0,3,0,차대차 - 추돌 - 진행중,안전운전불이행,건조,맑음,교차로 - 교차로안,승용,남,25세,상해없음,승용,남,51세,경상
2012032400100147,2012년 3월 24일 03시,토요일,광주광역시 광산구 유계동,경상사고,0,0,2,0,차량단독 - 공작물충돌,안전운전불이행,건조,맑음,교차로 - 교차로안,승용,남,24세,경상,,,,
2012032400100167,2012년 3월 24일 04시,토요일,광주광역시 서구 농성동,경상사고,0,0,1,0,차대차 - 정면충돌,신호위반,건조,맑음,교차로 - 교차로안,승용,기타불명,기타불명,기타불명,승용,남,39세,경상
2012032400100184,2012년 3월 24일 05시,토요일,광주광역시 서구 치평동,경상사고,0,0,1,0,차대차 - 기타,안전운전불이행,건조,맑음,교차로 - 교차로부근,승용,남,28세,상해없음,승용,여,55세,경상
2012032400100185,2012년 3월 24일 05시,토요일,광주광역시 북구 두암동,중상사고,0,1,0,0,차대사람 - 횡단중,안전운전불이행,습기,비,단일로 - 기타,승용,남,24세,상해없음,보행자,여,71세,중상
2012032400100203,2012년 3월 24일 06시,토요일,광주광역시 동구 불로동,경상사고,0,0,1,0,차대차 - 측면직각충돌,교차로운행방법위반,습기,흐림,단일로 - 기타,승용,남,28세,기타불명,승용,남,36세,경상
2012032400100204,2012년 3월 24일 06시,토요일,광주광역시 남구 노대동,중상사고,0,1,0,0,차대사람 - 차도통행중,안전운전불이행,건조,맑음,단일로 - 기타,기타불명,기타불명,기타불명,기타불명,보행자,남,46세,중상
2012032400100205,2012년 3월 24일 06시,토요일,광주광역시 북구 임동,경상사고,0,0,1,0,차량단독 - 공작물충돌,안전운전불이행,건조,맑음,단일로 - 기타,승용,남,21세,경상,,,,
2012032400100251,2012년 3월 24일 08시,토요일,광주광역시 북구 우산동,중상사고,0,1,0,0,차대사람 - 기타,안전운전불이행,건조,맑음,단일로 - 기타,승용,남,28세,상해없음,보행자,여,71세,중상
2012032400100270,2012년 3월 24일 09시,토요일,광주광역시 서구 금호동,경상사고,0,0,3,0,차대차 - 추돌 - 진행중,안전거리미확보,건조,맑음,교차로 - 교차로안,승용,남,34세,상해없음,승용,여,47세,경상
2012032400100300,2012년 3월 24일 10시,토요일,광주광역시 광산구 장덕동,경상사고,0,0,6,0,차대차 - 측면직각충돌,신호위반,건조,맑음,교차로 - 교차로안,승용,남,39세,경상,승합,남,50세,경상
2012032400100358,2012년 3월 24일 12시,토요일,광주광역시 북구 오치동,경상사고,0,0,1,0,차대차 - 기타,안전운전불이행,건조,맑음,단일로 - 기타,화물,남,40세,상해없음,원동기,남,34세,경상
2012032400100359,2012년 3월 24일 12시,토요일,광주광역시 북구 두암동,중상사고,0,1,0,0,차대차 - 기타,교차로운행방법위반,건조,맑음,교차로 - 교차로안,승용,남,34세,상해없음,원동기,남,61세,중상
2012032400100360,2012년 3월 24일 12시,토요일,광주광역시 북구 임동,경상사고,0,0,2,0,차대차 - 추돌 - 진행중,안전운전불이행,건조,맑음,교차로 - 교차로부근,원동기,남,29세,경상,화물,남,44세,경상
2012032400100407,2012년 3월 24일 13시,토요일,광주광역시 서구 화정동,경상사고,0,0,1,0,차대사람 - 횡단중,보행자보호의무위반,건조,맑음,단일로 - 횡단보도상,승용,여,36세,상해없음,보행자,남,11세,경상
2012032400100442,2012년 3월 24일 14시,토요일,광주광역시 북구 두암동,경상사고,0,0,2,0,차대차 - 기타,안전거리미확보,건조,맑음,단일로 - 기타,승용,남,31세,상해없음,승용,여,28세,경상
2012032400100486,2012년 3월 24일 15시,토요일,광주광역시 북구 두암동,경상사고,0,0,1,0,차대사람 - 기타,안전운전불이행,건조,맑음,단일로 - 기타,기타불명,기타불명,기타불명,기타불명,보행자,남,51세,경상
2012032400100522,2012년 3월 24일 16시,토요일,광주광역시 북구 우산동,부상신고사고,0,0,0,1,차대차 - 측면직각충돌,안전운전불이행,건조,맑음,단일로 - 기타,승용,남,70세,상해없음,자전거,남,72세,부상신고
2012032400100561,2012년 3월 24일 17시,토요일,광주광역시 광산구 쌍암동,경상사고,0,0,1,0,차대차 - 측면직각충돌,안전거리미확보,건조,맑음,단일로 - 기타,이륜,남,40세,경상,승용,남,41세,상해없음
2012032400100599,2012년 3월 24일 18시,토요일,광주광역시 서구 화정동,경상사고,0,0,4,0,차대차 - 측면직각충돌,신호위반,건조,맑음,교차로 - 교차로안,승용,남,38세,상해없음,승용,남,32세,경상
2012032400100600,2012년 3월 24일 18시,토요일,광주광역시 북구 용봉동,경상사고,0,0,1,0,차대차 - 기타,안전운전불이행,건조,맑음,단일로 - 기타,화물,남,42세,상해없음,자전거,여,20세,경상
2012032400100601,2012년 3월 24일 18시,토요일,광주광역시 광산구 월곡동,경상사고,0,0,5,0,차대차 - 측면직각충돌,교차로운행방법위반,건조,맑음,교차로 - 교차로안,승용,여,46세,경상,승용,남,41세,경상
2012032400100643,2012년 3월 24일 19시,토요일,광주광역시 서구 쌍촌동,경상사고,0,0,2,0,차대차 - 측면직각충돌,교차로운행방법위반,건조,맑음,교차로 - 교차로안,승용,남,56세,경상,승용,남,63세,경상
2012032400100644,2012년 3월 24일 19시,토요일,광주광역시 광산구 우산동,경상사고,0,0,1,0,차대차 - 측면직각충돌,안전운전불이행,건조,맑음,교차로 - 교차로부근,승용,남,46세,상해없음,승용,남,58세,경상
2012032400100645,2012년 3월 24일 19시,토요일,광주광역시 광산구 소촌동,경상사고,0,0,1,0,차대사람 - 기타,안전운전불이행,건조,맑음,단일로 - 기타,기타불명,기타불명,기타불명,기타불명,보행자,남,53세,경상
2012032400100704,2012년 3월 24일 21시,토요일,광주광역시 북구 일곡동,중상사고,0,1,0,0,차대사람 - 횡단중,보행자보호의무위반,건조,맑음,단일로 - 기타,승용,남,44세,상해없음,보행자,남,3세,중상
2012032400100705,2012년 3월 24일 21시,토요일,광주광역시 광산구 우산동,경상사고,0,0,6,0,차대차 - 측면직각충돌,교차로운행방법위반,건조,맑음,교차로 - 교차로안,승용,남,44세,상해없음,승용,남,46세,경상
2012032400100732,2012년 3월 24일 22시,토요일,광주광역시 서구 치평동,경상사고,0,0,1,0,차대차 - 추돌 - 주정차중,안전거리미확보,건조,맑음,교차로 - 교차로부근,승용,남,46세,상해없음,승용,여,33세,경상
2012032400100733,2012년 3월 24일 22시,토요일,광주광역시 남구 양림동,경상사고,0,0,1,0,차대사람 - 차도통행중,안전운전불이행,건조,맑음,교차로 - 교차로안,승용,남,42세,상해없음,보행자,남,55세,경상
2012032400100756,2012년 3월 24일 23시,토요일,광주광역시 서구 치평동,경상사고,0,0,3,0,차대차 - 측면직각충돌,교차로운행방법위반,건조,맑음,교차로 - 교차로안,승용,남,27세,상해없음,승용,여,45세,경상
2012032500100027,2012년 3월 25일 00시,일요일,광주광역시 서구 치평동,경상사고,0,0,1,0,차대차 - 측면직각충돌,안전거리미확보,건조,맑음,단일로 - 기타,승용,남,28세,상해없음,승용,남,41세,경상
2012032500100028,2012년 3월 25일 00시,일요일,광주광역시 북구 동림동,경상사고,0,0,2,0,차대차 - 기타,신호위반,건조,맑음,교차로 - 교차로안,승용,남,35세,상해없음,승용,남,28세,경상
2012032500100029,2012년 3월 25일 00시,일요일,광주광역시 광산구 월계동,경상사고,0,0,2,0,차대차 - 추돌 - 진행중,신호위반,건조,맑음,교차로 - 교차로안,승용,남,36세,상해없음,승용,여,37세,경상
2012032500100040,2012년 3월 25일 01시,일요일,광주광역시 동구 대인동,경상사고,0,0,3,0,차대차 - 추돌 - 주정차중,안전운전불이행,건조,맑음,교차로 - 교차로부근,승용,남,39세,상해없음,승용,남,24세,경상
2012032500100041,2012년 3월 25일 01시,일요일,광주광역시 북구 신안동,경상사고,0,0,3,0,차대차 - 추돌 - 진행중,안전운전불이행,건조,맑음,교차로 - 교차로부근,승용,남,44세,경상,승용,남,39세,경상
2012032500100073,2012년 3월 25일 03시,일요일,광주광역시 북구 용봉동,경상사고,0,0,3,0,차대차 - 측면직각충돌,신호위반,건조,맑음,교차로 - 교차로안,승용,남,47세,상해없음,승용,남,40세,경상
2012032500100085,2012년 3월 25일 04시,일요일,광주광역시 광산구 수완동,경상사고,0,0,1,0,차대차 - 추돌 - 주정차중,안전운전불이행,건조,맑음,단일로 - 기타,승용,여,34세,상해없음,승용,남,31세,경상
2012032500100099,2012년 3월 25일 05시,일요일,광주광역시 서구 유촌동,경상사고,0,0,4,0,차대차 - 추돌 - 주정차중,안전운전불이행,건조,맑음,교차로 - 교차로부근,승용,남,62세,상해없음,승합,여,36세,경상
2012032500100100,2012년 3월 25일 05시,일요일,광주광역시 북구 오치동,경상사고,0,0,1,0,차대사람 - 차도통행중,안전운전불이행,건조,맑음,단일로 - 기타,승용,남,31세,상해없음,보행자,여,72세,경상
2012032500100101,2012년 3월 25일 05시,일요일,광주광역시 북구 용봉동,경상사고,0,0,1,0,차대차 - 기타,신호위반,건조,맑음,교차로 - 교차로안,승용,남,49세,상해없음,승용,남,53세,경상
2012032500100113,2012년 3월 25일 06시,일요일,광주광역시 동구 산수동,경상사고,0,0,1,0,차대차 - 정면충돌,중앙선침범,건조,맑음,교차로 - 교차로부근,승용,남,47세,상해없음,승용,남,53세,경상
2012032500100126,2012년 3월 25일 07시,일요일,광주광역시 광산구 하산동,경상사고,0,0,2,0,차대차 - 추돌 - 주정차중,안전운전불이행,건조,맑음,교차로 - 교차로부근,승용,남,26세,상해없음,화물,여,43세,경상
2012032500100182,2012년 3월 25일 12시,일요일,광주광역시 서구 매월동,중상사고,0,2,0,0,차량단독 - 공작물충돌,안전운전불이행,건조,맑음,기타 - 기타,승용,남,38세,상해없음,,,,
2012032500100222,2012년 3월 25일 14시,일요일,광주광역시 북구 우산동,경상사고,0,0,4,0,차대차 - 측면직각충돌,중앙선침범,건조,맑음,단일로 - 기타,승용,여,57세,상해없음,승용,남,25세,경상
2012032500100223,2012년 3월 25일 14시,일요일,광주광역시 광산구 월계동,경상사고,0,0,1,0,차대차 - 측면직각충돌,중앙선침범,건조,맑음,교차로 - 교차로부근,자전거,남,11세,경상,이륜,남,39세,상해없음
2012032500100279,2012년 3월 25일 16시,일요일,광주광역시 서구 화정동,경상사고,0,0,2,0,차대차 - 추돌 - 진행중,차로위반,건조,맑음,교차로 - 교차로부근,승용,남,58세,상해없음,승용,남,33세,경상
2012032500100324,2012년 3월 25일 18시,일요일,광주광역시 남구 송하동,경상사고,0,0,1,0,차대차 - 측면직각충돌,중앙선침범,건조,맑음,단일로 - 기타,승용,남,45세,상해없음,승용,남,31세,경상
2012032500100325,2012년 3월 25일 18시,일요일,광주광역시 북구 오치동,경상사고,0,0,1,0,차량단독 - 기타,안전운전불이행,건조,맑음,기타 - 기타,승합,남,51세,상해없음,,,,
2012032500100350,2012년 3월 25일 19시,일요일,광주광역시 북구 삼각동,경상사고,0,0,1,1,차대차 - 측면직각충돌,안전운전불이행,건조,맑음,단일로 - 기타,이륜,남,13세,부상신고,승용,남,33세,상해없음
2012032500100379,2012년 3월 25일 20시,일요일,광주광역시 동구 대인동,중상사고,0,1,0,0,차대사람 - 기타,안전운전불이행,건조,맑음,단일로 - 기타,승용,여,34세,상해없음,보행자,남,70세,중상
2012032500100400,2012년 3월 25일 21시,일요일,광주광역시 북구 용봉동,경상사고,0,0,1,0,차대차 - 측면직각충돌,차로위반,건조,맑음,단일로 - 기타,승용,남,23세,상해없음,원동기,남,19세,경상
2012032500100418,2012년 3월 25일 22시,일요일,광주광역시 서구 금호동,경상사고,0,0,1,0,차대차 - 기타,차로위반,건조,맑음,기타 - 기타,승용,여,55세,상해없음,이륜,남,17세,경상
2012032500100419,2012년 3월 25일 22시,일요일,광주광역시 북구 유동,중상사고,0,1,0,0,차대사람 - 횡단중,안전운전불이행,건조,맑음,단일로 - 기타,승용,남,43세,상해없음,보행자,남,51세,중상
2012032600100015,2012년 3월 26일 00시,월요일,광주광역시 북구 삼각동,경상사고,0,0,2,0,차대차 - 측면직각충돌,중앙선침범,건조,맑음,단일로 - 기타,승용,남,20세,상해없음,승용,남,49세,경상
2012032600100016,2012년 3월 26일 00시,월요일,광주광역시 북구 용봉동,경상사고,0,0,1,0,차대차 - 기타,안전거리미확보,건조,맑음,기타 - 기타,승용,남,27세,상해없음,원동기,남,18세,경상
2012032600100025,2012년 3월 26일 01시,월요일,광주광역시 서구 치평동,경상사고,0,0,2,0,차대차 - 기타,신호위반,건조,맑음,교차로 - 교차로안,승용,남,43세,상해없음,승용,남,53세,상해없음
2012032600100026,2012년 3월 26일 01시,월요일,광주광역시 북구 두암동,중상사고,0,1,2,0,차대차 - 정면충돌,신호위반,건조,맑음,교차로 - 교차로안,승용,남,32세,상해없음,승용,남,55세,중상
2012032600100027,2012년 3월 26일 01시,월요일,광주광역시 북구 임동,경상사고,0,0,3,0,차대차 - 측면직각충돌,안전운전불이행,건조,맑음,단일로 - 기타,승용,남,72세,상해없음,승용,남,61세,상해없음
2012032600100043,2012년 3월 26일 04시,월요일,광주광역시 동구 대인동,경상사고,0,0,1,0,차대차 - 기타,신호위반,건조,맑음,교차로 - 교차로안,승용,남,32세,상해없음,승용,여,49세,경상
2012032600100094,2012년 3월 26일 07시,월요일,광주광역시 북구 운암동,경상사고,0,0,1,0,차대차 - 기타,안전운전불이행,건조,맑음,단일로 - 기타,승용,남,27세,상해없음,승합,남,52세,상해없음
2012032600100132,2012년 3월 26일 08시,월요일,광주광역시 서구 화정동,경상사고,0,0,1,0,차대차 - 기타,차로위반,건조,맑음,단일로 - 기타,승용,여,49세,상해없음,승용,남,35세,경상
2012032600100133,2012년 3월 26일 08시,월요일,광주광역시 서구 광천동,경상사고,0,0,1,0,차대차 - 기타,안전거리미확보,건조,기타,단일로 - 기타,승용,남,42세,상해없음,승용,여,38세,경상
2012032600100134,2012년 3월 26일 08시,월요일,광주광역시 광산구 하남동,경상사고,0,0,2,0,차대차 - 추돌 - 진행중,교차로운행방법위반,건조,맑음,교차로 - 교차로안,승용,여,36세,상해없음,화물,남,54세,상해없음