사고번호,사고일시,요일,시군구,사고내용,사망자수,중상자수,경상자수,부상신고자수,사고유형,법규위반,노면상태,기상상태,도로형태,가해운전자 차종,가해운전자 성별,가해운전자 연령,가해운전자 상해정도,피해운전자 차종,피해운전자 성별,피해운전자 연령,피해운전자 상해정도
2012040500100459,2012년 4월 5일 18시,목요일,광주광역시 북구 운암동,경상사고,0,0,1,0,차대차 - 추돌 - 주정차중,안전거리미확보,건조,맑음,단일로 - 기타,승용,남,48세,상해없음,승용,여,54세,경상
2012040500100460,2012년 4월 5일 18시,목요일,광주광역시 광산구 월계동,경상사고,0,0,1,0,차대사람 - 횡단중,신호위반,건조,맑음,단일로 - 횡단보도상,기타불명,기타불명,기타불명,기타불명,보행자,여,14세,경상
2012040500100532,2012년 4월 5일 20시,목요일,광주광역시 광산구 월계동,경상사고,0,0,2,0,차대차 - 추돌 - 진행중,안전운전불이행,건조,맑음,단일로 - 기타,이륜,남,20세,경상,승용,남,41세,경상
2012040500100561,2012년 4월 5일 21시,목요일,광주광역시 서구 금호동,경상사고,0,0,1,0,차대사람 - 기타,안전운전불이행,건조,맑음,교차로 - 교차로안,승용,기타불명,기타불명,기타불명,보행자,남,45세,경상
2012040500100562,2012년 4월 5일 21시,목요일,광주광역시 광산구 운남동,경상사고,0,0,1,0,차대차 - 측면직각충돌,교차로운행방법위반,건조,맑음,교차로 - 교차로안,승용,기타불명,기타불명,기타불명,승용,여,45세,경상
2012040500100601,2012년 4월 5일 22시,목요일,광주광역시 남구 진월동,경상사고,0,0,1,0,차대사람 - 길가장자리구역통행중,안전운전불이행,건조,맑음,단일로 - 기타,승용,여,46세,상해없음,보행자,여,17세,경상
2012040500100602,2012년 4월 5일 22시,목요일,광주광역시 북구 매곡동,경상사고,0,0,1,0,차량단독 - 기타,안전운전불이행,건조,맑음,단일로 - 기타,승용,남,51세,상해없음,,,,
2012040500100628,2012년 4월 5일 23시,목요일,광주광역시 서구 치평동,경상사고,0,0,4,0,차대차 - 측면직각충돌,안전거리미확보,건조,맑음,교차로 - 교차로부근,승용,남,43세,상해없음,승용,남,27세,경상
2012040500100629,2012년 4월 5일 23시,목요일,광주광역시 광산구 송정동,경상사고,0,0,1,0,차대사람 - 기타,안전운전불이행,건조,맑음,단일로 - 기타,이륜,남,31세,상해없음,보행자,남,18세,경상
2012040600100037,2012년 4월 6일 01시,금요일,광주광역시 북구 두암동,경상사고,0,0,2,0,차대차 - 측면직각충돌,안전거리미확보,건조,맑음,교차로 - 교차로부근,승용,여,50세,상해없음,승용,남,32세,경상
2012040600100061,2012년 4월 6일 03시,금요일,광주광역시 광산구 장덕동,중상사고,0,1,0,1,차대차 - 추돌 - 주정차중,안전운전불이행,건조,맑음,교차로 - 교차로부근,승용,남,24세,중상,특수,남,30세,부상신고
2012040600100069,2012년 4월 6일 04시,금요일,광주광역시 서구 광천동,경상사고,0,0,1,0,차대사람 - 횡단중,보행자보호의무위반,건조,맑음,교차로 - 교차로부근,기타불명,기타불명,기타불명,기타불명,보행자,남,24세,경상
2012040600100070,2012년 4월 6일 04시,금요일,광주광역시 서구 쌍촌동,경상사고,0,0,2,0,차대차 - 측면직각충돌,교차로운행방법위반,건조,맑음,교차로 - 교차로안,승용,여,46세,경상,승용,남,42세,경상
2012040600100080,2012년 4월 6일 05시,금요일,광주광역시 남구 노대동,경상사고,0,0,1,0,차대차 - 추돌 - 주정차중,안전거리미확보,건조,맑음,단일로 - 기타,승용,남,34세,상해없음,화물,남,40세,경상
2012040600100197,2012년 4월 6일 09시,금요일,광주광역시 서구 치평동,경상사고,0,0,2,0,차대차 - 추돌 - 진행중,안전거리미확보,건조,맑음,교차로 - 교차로부근,화물,남,42세,상해없음,승용,남,64세,경상
2012040600100198,2012년 4월 6일 09시,금요일,광주광역시 북구 누문동,경상사고,0,0,1,0,차대사람 - 기타,직진우회전진행방해,건조,맑음,교차로 - 교차로안,승용,여,44세,상해없음,보행자,여,48세,경상
2012040600100199,2012년 4월 6일 09시,금요일,광주광역시 광산구 월계동,경상사고,0,0,2,0,차대차 - 추돌 - 주정차중,안전거리미확보,건조,맑음,교차로 - 교차로부근,승용,남,58세,상해없음,승용,남,67세,경상
2012040600100281,2012년 4월 6일 13시,금요일,광주광역시 서구 화정동,경상사고,0,0,1,0,차대차 - 추돌 - 진행중,안전운전불이행,건조,맑음,단일로 - 기타,승용,남,29세,상해없음,승용,남,60세,경상
2012040600100377,2012년 4월 6일 16시,금요일,광주광역시 서구 화정동,중상사고,0,1,0,0,차대사람 - 기타,신호위반,건조,맑음,단일로 - 횡단보도상,승용,남,55세,상해없음,보행자,남,5세,중상
2012040600100415,2012년 4월 6일 17시,금요일,광주광역시 서구 금호동,부상신고사고,0,0,0,1,차대차 - 측면직각충돌,교차로운행방법위반,건조,맑음,교차로 - 교차로안,승용,남,41세,상해없음,화물,남,62세,부상신고
2012040600100416,2012년 4월 6일 17시,금요일,광주광역시 북구 임동,경상사고,0,0,1,0,차대차 - 측면직각충돌,안전운전불이행,건조,맑음,단일로 - 기타,이륜,남,22세,상해없음,원동기,여,43세,경상
2012040600100417,2012년 4월 6일 17시,금요일,광주광역시 광산구 신가동,경상사고,0,0,2,0,차대차 - 측면직각충돌,중앙선침범,건조,맑음,교차로 - 교차로부근,승용,여,60세,상해없음,자전거,남,13세,경상
2012040600100457,2012년 4월 6일 18시,금요일,광주광역시 북구 중흥동,중상사고,0,1,0,0,차대사람 - 횡단중,안전운전불이행,건조,맑음,단일로 - 기타,승용,남,36세,상해없음,보행자,남,66세,중상
2012040600100507,2012년 4월 6일 19시,금요일,광주광역시 북구 각화동,중상사고,0,1,0,0,차량단독 - 기타,기타,건조,맑음,단일로 - 기타,승합,남,44세,상해없음,,,,
2012040600100508,2012년 4월 6일 19시,금요일,광주광역시 광산구 월계동,경상사고,0,0,2,0,차대차 - 측면직각충돌,교차로운행방법위반,건조,맑음,교차로 - 교차로안,승용,여,54세,경상,승용,남,39세,경상
2012040600100548,2012년 4월 6일 20시,금요일,광주광역시 남구 진월동,경상사고,0,0,1,0,차대사람 - 횡단중,보행자보호의무위반,건조,맑음,단일로 - 횡단보도상,기타불명,기타불명,기타불명,기타불명,보행자,여,18세,경상
2012040600100575,2012년 4월 6일 21시,금요일,광주광역시 동구 금남로2가,경상사고,0,0,1,0,차대사람 - 차도통행중,안전운전불이행,건조,맑음,단일로 - 기타,승용,남,49세,상해없음,보행자,여,17세,경상
2012040600100611,2012년 4월 6일 22시,금요일,광주광역시 서구 화정동,경상사고,0,0,2,0,차대차 - 측면직각충돌,안전운전불이행,건조,맑음,단일로 - 기타,승용,기타불명,기타불명,기타불명,승용,여,45세,경상
2012040600100612,2012년 4월 6일 22시,금요일,광주광역시 광산구 송정동,경상사고,0,0,8,0,차대차 - 측면직각충돌,안전거리미확보,건조,맑음,단일로 - 기타,승용,남,33세,경상,승용,남,26세,경상
2012040600100650,2012년 4월 6일 23시,금요일,광주광역시 서구 치평동,경상사고,0,0,1,0,차대사람 - 횡단중,보행자보호의무위반,건조,맑음,교차로 - 교차로부근,승용,남,25세,상해없음,보행자,남,32세,경상
2012040600100651,2012년 4월 6일 23시,금요일,광주광역시 서구 치평동,경상사고,0,0,3,0,차대차 - 추돌 - 주정차중,안전거리미확보,건조,맑음,교차로 - 교차로부근,승용,남,65세,상해없음,승용,여,27세,경상
2012040600100652,2012년 4월 6일 23시,금요일,광주광역시 광산구 동림동,부상신고사고,0,0,0,1,차대차 - 추돌 - 주정차중,안전운전불이행,건조,맑음,단일로 - 기타,승용,남,26세,상해없음,승용,남,55세,부상신고
2012040700100026,2012년 4월 7일 00시,토요일,광주광역시 서구 유촌동,경상사고,0,0,3,0,차대차 - 추돌 - 진행중,차로위반,건조,맑음,교차로 - 교차로부근,승용,여,45세,상해없음,승용,남,41세,경상
2012040700100027,2012년 4월 7일 00시,토요일,광주광역시 서구 치평동,경상사고,0,0,2,0,차대차 - 측면직각충돌,안전거리미확보,건조,맑음,단일로 - 기타,승용,남,27세,상해없음,승용,남,20세,경상
2012040700100047,2012년 4월 7일 01시,토요일,광주광역시 남구 주월동,경상사고,0,0,2,0,차대차 - 추돌 - 진행중,안전운전불이행,건조,맑음,단일로 - 기타,승용,남,56세,상해없음,승용,남,45세,경상
2012040700100068,2012년 4월 7일 02시,토요일,광주광역시 동구 황금동,경상사고,0,0,1,0,차대사람 - 보도통행중,안전운전불이행,건조,맑음,기타 - 기타,승용,남,19세,상해없음,보행자,남,18세,경상
2012040700100069,2012년 4월 7일 02시,토요일,광주광역시 서구 농성동,중상사고,0,1,0,0,차대사람 - 길가장자리구역통행중,안전운전불이행,건조,맑음,단일로 - 기타,승용,기타불명,기타불명,기타불명,보행자,남,19세,중상
2012040700100070,2012년 4월 7일 02시,토요일,광주광역시 북구 동림동,경상사고,0,0,2,0,차대차 - 추돌 - 진행중,안전운전불이행,기타,기타,기타 - 기타,승용,남,35세,상해없음,승용,여,52세,경상
2012040700100171,2012년 4월 7일 08시,토요일,광주광역시 서구 매월동,경상사고,0,0,1,0,차대차 - 측면직각충돌,신호위반,건조,맑음,교차로 - 교차로안,승용,남,35세,상해없음,승합,남,58세,경상
2012040700100280,2012년 4월 7일 12시,토요일,광주광역시 서구 치평동,경상사고,0,0,3,0,차대차 - 기타,신호위반,건조,맑음,교차로 - 교차로안,승용,남,51세,상해없음,승용,남,31세,경상
2012040700100314,2012년 4월 7일 13시,토요일,광주광역시 서구 금호동,경상사고,0,0,1,0,차대사람 - 기타,기타,건조,맑음,단일로 - 기타,승용,남,29세,상해없음,보행자,여,29세,경상
2012040700100355,2012년 4월 7일 14시,토요일,광주광역시 광산구 월곡동,경상사고,0,0,4,0,차대차 - 측면직각충돌,교차로운행방법위반,건조,맑음,교차로 - 교차로부근,승용,남,24세,상해없음,승용,남,31세,경상
2012040700100429,2012년 4월 7일 16시,토요일,광주광역시 북구 용봉동,경상사고,0,0,1,0,차대사람 - 횡단중,안전운전불이행,건조,맑음,단일로 - 기타,승용,남,61세,상해없음,보행자,여,18세,경상
2012040700100468,2012년 4월 7일 17시,토요일,광주광역시 서구 화정동,경상사고,0,0,1,0,차대차 - 추돌 - 진행중,안전운전불이행,건조,맑음,단일로 - 기타,승용,남,57세,상해없음,승용,남,48세,경상
2012040700100469,2012년 4월 7일 17시,토요일,광주광역시 북구 중흥동,경상사고,0,0,1,0,차대사람 - 횡단중,안전운전불이행,건조,맑음,단일로 - 기타,승용,여,35세,상해없음,보행자,남,22세,경상
2012040700100512,2012년 4월 7일 18시,토요일,광주광역시 서구 풍암동,경상사고,0,0,1,0,차대차 - 기타,신호위반,건조,맑음,단일로 - 기타,승용,남,65세,상해없음,이륜,남,37세,경상
2012040700100513,2012년 4월 7일 18시,토요일,광주광역시 북구 운암동,경상사고,0,0,1,0,차대차 - 추돌 - 주정차중,안전운전불이행,건조,맑음,단일로 - 기타,승용,남,40세,상해없음,승용,남,35세,경상
2012040700100514,2012년 4월 7일 18시,토요일,광주광역시 북구 양산동,경상사고,0,0,1,0,차대차 - 측면직각충돌,안전거리미확보,건조,맑음,교차로 - 교차로부근,승용,남,40세,상해없음,승용,남,54세,경상
2012040700100515,2012년 4월 7일 18시,토요일,광주광역시 광산구 송정동,경상사고,0,0,1,0,차대차 - 기타,안전운전불이행,건조,맑음,단일로 - 기타,자전거,남,56세,경상,승용,남,32세,상해없음
2012040700100516,2012년 4월 7일 18시,토요일,광주광역시 광산구 산정동,경상사고,0,0,2,0,차대차 - 측면직각충돌,신호위반,건조,맑음,교차로 - 교차로안,승용,남,53세,경상,승용,남,25세,경상
2012040700100547,2012년 4월 7일 19시,토요일,광주광역시 동구 산수동,경상사고,0,0,1,0,차대차 - 추돌 - 진행중,안전거리미확보,건조,맑음,단일로 - 기타,승용,여,41세,상해없음,이륜,남,40세,경상
2012040700100615,2012년 4월 7일 21시,토요일,광주광역시 광산구 신가동,경상사고,0,0,1,0,차대차 - 추돌 - 진행중,안전거리미확보,건조,맑음,단일로 - 기타,이륜,남,15세,경상,승용,남,27세,상해없음
2012040700100676,2012년 4월 7일 23시,토요일,광주광역시 광산구 송정동,중상사고,0,1,2,0,차대차 - 정면충돌,중앙선침범,건조,맑음,단일로 - 기타,승용,남,44세,경상,승용,남,53세,중상
2012040800100029,2012년 4월 8일 00시,일요일,광주광역시 동구 계림동,경상사고,0,0,2,0,차대차 - 측면직각충돌,신호위반,건조,맑음,교차로 - 교차로안,승용,남,32세,상해없음,승용,여,41세,경상
2012040800100030,2012년 4월 8일 00시,일요일,광주광역시 남구 주월동,경상사고,0,0,3,0,차대차 - 추돌 - 진행중,안전거리미확보,건조,맑음,단일로 - 기타,승용,남,29세,상해없음,승용,남,55세,경상
2012040800100031,2012년 4월 8일 00시,일요일,광주광역시 광산구 월계동,경상사고,0,0,1,0,차대차 - 추돌 - 주정차중,안전운전불이행,건조,맑음,단일로 - 기타,승용,남,42세,경상,화물,남,48세,기타불명
2012040800100053,2012년 4월 8일 01시,일요일,광주광역시 서구 농성동,경상사고,0,0,1,0,차량단독 - 공작물충돌,안전운전불이행,건조,맑음,단일로 - 기타,승용,남,30세,경상,,,,
2012040800100054,2012년 4월 8일 01시,일요일,광주광역시 서구 치평동,경상사고,0,0,1,0,차대차 - 기타,안전거리미확보,건조,맑음,단일로 - 기타,승용,남,32세,상해없음,승용,남,53세,상해없음
2012040800100081,2012년 4월 8일 02시,일요일,광주광역시 서구 광천동,부상신고사고,0,0,0,1,차량단독 - 기타,안전운전불이행,건조,맑음,기타 - 기타,승용,남,25세,부상신고,,,,
2012040800100090,2012년 4월 8일 03시,일요일,광주광역시 북구 신안동,경상사고,0,0,3,0,차대차 - 추돌 - 진행중,교차로운행방법위반,건조,맑음,교차로 - 교차로안,승용,남,22세,상해없음,승용,남,61세,경상
2012040800100101,2012년 4월 8일 04시,일요일,광주광역시 북구 누문동,경상사고,0,0,2,0,차대차 - 측면직각충돌,안전거리미확보,건조,맑음,단일로 - 기타,승용,남,37세,상해없음,승용,남,19세,경상
2012040800100195,2012년 4월 8일 10시,일요일,광주광역시 북구 중흥동,중상사고,0,1,2,0,차대차 - 측면직각충돌,교차로운행방법위반,건조,맑음,교차로 - 교차로안,승용,여,44세,상해없음,승용,남,25세,경상
2012040800100208,2012년 4월 8일 11시,일요일,광주광역시 북구 연제동,경상사고,0,0,2,0,차대차 - 추돌 - 진행중,안전운전불이행,건조,맑음,단일로 - 기타,승용,남,30세,상해없음,승용,남,40세,경상
2012040800100245,2012년 4월 8일 12시,일요일,광주광역시 동구 동명동,중상사고,0,1,0,0,차대차 - 측면직각충돌,교차로운행방법위반,건조,맑음,교차로 - 교차로안,승용,여,37세,상해없음,이륜,남,48세,중상
2012040800100246,2012년 4월 8일 12시,일요일,광주광역시 북구 용봉동,경상사고,0,0,2,0,차대차 - 추돌 - 진행중,안전운전불이행,건조,맑음,단일로 - 기타,승용,여,35세,상해없음,화물,남,26세,경상
2012040800100247,2012년 4월 8일 12시,일요일,광주광역시 북구 신안동,중상사고,0,1,0,0,차대사람 - 횡단중,안전운전불이행,건조,맑음,단일로 - 횡단보도상,화물,남,62세,상해없음,보행자,남,14세,중상
2012040800100248,2012년 4월 8일 12시,일요일,광주광역시 광산구 송대동,경상사고,0,0,1,0,차대차 - 기타,안전운전불이행,건조,맑음,단일로 - 기타,승용,여,52세,상해없음,자전거,남,77세,경상
2012040800100280,2012년 4월 8일 13시,일요일,광주광역시 남구 백운동,경상사고,0,0,4,0,차대차 - 측면직각충돌,신호위반,건조,맑음,교차로 - 교차로안,승용,남,31세,상해없음,승용,남,47세,경상
2012040800100281,2012년 4월 8일 13시,일요일,광주광역시 북구 중흥동,경상사고,0,0,1,0,차대사람 - 기타,안전운전불이행,건조,맑음,단일로 - 기타,승용,기타불명,기타불명,기타불명,보행자,여,80세,경상
2012040800100317,2012년 4월 8일 14시,일요일,광주광역시 광산구 소촌동,중상사고,0,1,2,0,차대차 - 측면직각충돌,안전운전불이행,건조,맑음,단일로 - 기타,화물,남,70세,상해없음,승용,여,60세,경상
2012040800100356,2012년 4월 8일 15시,일요일,광주광역시 동구 학동,경상사고,0,0,1,0,차대차 - 추돌 - 진행중,안전거리미확보,건조,맑음,단일로 - 기타,승용,여,64세,상해없음,이륜,남,56세,경상
2012040800100357,2012년 4월 8일 15시,일요일,광주광역시 동구 금남로4가,경상사고,0,0,1,0,차대차 - 측면직각충돌,안전거리미확보,건조,맑음,단일로 - 기타,승용,남,29세,상해없음,승합,남,28세,경상
2012040800100358,2012년 4월 8일 15시,일요일,광주광역시 동구 학동,경상사고,0,0,1,0,차대사람 - 횡단중,보행자보호의무위반,건조,맑음,단일로 - 횡단보도상,승용,여,39세,상해없음,보행자,여,8세,경상
2012040800100359,2012년 4월 8일 15시,일요일,광주광역시 남구 사동,중상사고,0,1,0,0,차대사람 - 횡단중,안전운전불이행,건조,맑음,단일로 - 횡단보도부근,승용,남,32세,상해없음,보행자,남,62세,중상
2012040800100360,2012년 4월 8일 15시,일요일,광주광역시 북구 연제동,경상사고,0,0,1,0,차대차 - 추돌 - 주정차중,안전운전불이행,건조,맑음,단일로 - 기타,승합,여,56세,상해없음,승용,남,36세,경상
2012040800100361,2012년 4월 8일 15시,일요일,광주광역시 광산구 도산동,중상사고,0,1,0,0,차대차 - 기타,안전운전불이행,건조,맑음,단일로 - 기타,기타불명,기타불명,기타불명,기타불명,자전거,남,75세,중상
2012040800100389,2012년 4월 8일 16시,일요일,광주광역시 서구 광천동,경상사고,0,0,1,0,차대차 - 추돌 - 주정차중,안전운전불이행,건조,맑음,교차로 - 교차로안,승용,남,51세,상해없음,승용,남,53세,경상
2012040800100390,2012년 4월 8일 16시,일요일,광주광역시 광산구 신창동,경상사고,0,0,1,0,차대차 - 정면충돌,안전운전불이행,건조,맑음,단일로 - 기타,자전거,여,45세,상해없음,자전거,남,8세,경상
2012040800100455,2012년 4월 8일 18시,일요일,광주광역시 서구 용두동,경상사고,0,0,1,0,차대차 - 측면직각충돌,안전운전불이행,건조,맑음,교차로 - 교차로안,승용,남,30세,상해없음,승용,남,48세,경상
2012040800100456,2012년 4월 8일 18시,일요일,광주광역시 남구 구동,중상사고,0,1,0,0,차대사람 - 기타,안전운전불이행,건조,맑음,단일로 - 기타,승용,여,38세,상해없음,보행자,남,66세,중상
2012040800100515,2012년 4월 8일 20시,일요일,광주광역시 서구 쌍촌동,경상사고,0,0,2,0,차대차 - 측면직각충돌,안전운전불이행,건조,맑음,단일로 - 기타,승용,여,26세,상해없음,승용,남,28세,경상
2012040800100563,2012년 4월 8일 22시,일요일,광주광역시 북구 두암동,경상사고,0,0,3,0,차대차 - 측면직각충돌,신호위반,기타,기타,교차로 - 교차로안,승용,여,34세,상해없음,승용,남,29세,경상
2012040900100013,2012년 4월 9일 00시,월요일,광주광역시 동구 소태동,경상사고,0,0,2,0,차대차 - 기타,불법유턴,건조,맑음,단일로 - 기타,승용,남,42세,상해없음,승용,남,42세,경상
2012040900100040,2012년 4월 9일 03시,월요일,광주광역시 북구 망월동,경상사고,0,0,2,0,차대차 - 추돌 - 주정차중,안전운전불이행,건조,맑음,교차로 - 교차로부근,승용,남,28세,기타불명,승용,여,28세,경상
2012040900100082,2012년 4월 9일 07시,월요일,광주광역시 북구 임동,경상사고,0,0,1,0,차대차 - 측면직각충돌,신호위반,건조,맑음,교차로 - 교차로안,승용,남,54세,상해없음,승용,남,58세,경상
2012040900100120,2012년 4월 9일 08시,월요일,광주광역시 서구 광천동,부상신고사고,0,0,0,1,차대차 - 기타,교차로운행방법위반,건조,맑음,교차로 - 교차로안,승용,남,71세,상해없음,승용,남,30세,부상신고
2012040900100121,2012년 4월 9일 08시,월요일,광주광역시 북구 운암동,경상사고,0,0,1,0,차대차 - 측면직각충돌,안전운전불이행,건조,맑음,교차로 - 교차로안,화물,기타불명,기타불명,기타불명,이륜,남,72세,경상
2012040900100143,2012년 4월 9일 09시,월요일,광주광역시 북구 임동,부상신고사고,0,0,0,2,차대차 - 측면직각충돌,차로위반,건조,맑음,교차로 - 교차로부근,화물,남,52세,상해없음,이륜,남,19세,부상신고
2012040900100194,2012년 4월 9일 11시,월요일,광주광역시 서구 광천동,중상사고,0,1,0,0,차대사람 - 기타,안전운전불이행,건조,맑음,단일로 - 기타,승용,남,50세,상해없음,보행자,여,68세,중상
2012040900100253,2012년 4월 9일 13시,월요일,광주광역시 서구 풍암동,경상사고,0,0,3,0,차대차 - 기타,안전운전불이행,건조,맑음,교차로 - 교차로부근,승용,남,42세,상해없음,승용,여,38세,경상
2012040900100281,2012년 4월 9일 14시,월요일,광주광역시 서구 화정동,경상사고,0,0,4,0,차대차 - 추돌 - 주정차중,안전운전불이행,건조,맑음,교차로 - 교차로부근,승합,남,51세,상해없음,화물,남,42세,경상
2012040900100312,2012년 4월 9일 15시,월요일,광주광역시 북구 신안동,경상사고,0,0,3,0,차대차 - 기타,중앙선침범,건조,맑음,단일로 - 기타,승용,남,29세,경상,이륜,남,28세,경상
2012040900100313,2012년 4월 9일 15시,월요일,광주광역시 북구 월출동,경상사고,0,0,3,0,차대차 - 정면충돌,중앙선침범,건조,맑음,단일로 - 기타,승용,여,39세,상해없음,승용,여,34세,경상
2012040900100347,2012년 4월 9일 16시,월요일,광주광역시 남구 사동,경상사고,0,0,1,0,차대차 - 기타,안전운전불이행,건조,맑음,단일로 - 기타,승용,여,24세,상해없음,자전거,남,71세,경상
2012040900100348,2012년 4월 9일 16시,월요일,광주광역시 광산구 장덕동,경상사고,0,0,1,0,차대사람 - 횡단중,보행자보호의무위반,건조,맑음,단일로 - 횡단보도상,화물,남,45세,상해없음,보행자,여,13세,경상
2012040900100381,2012년 4월 9일 17시,월요일,광주광역시 북구 운암동,경상사고,0,0,1,0,차대차 - 추돌 - 주정차중,안전운전불이행,건조,맑음,단일로 - 기타,화물,남,51세,상해없음,승용,여,35세,경상
2012040900100418,2012년 4월 9일 18시,월요일,광주광역시 동구 용산동,중상사고,0,1,2,0,차량단독 - 공작물충돌,안전운전불이행,건조,흐림,단일로 - 기타,화물,남,42세,중상,,,,
2012040900100492,2012년 4월 9일 20시,월요일,광주광역시 남구 주월동,경상사고,0,0,1,0,차대사람 - 횡단중,신호위반,건조,맑음,단일로 - 기타,승용,여,60세,상해없음,보행자,남,24세,경상
2012040900100525,2012년 4월 9일 21시,월요일,광주광역시 동구 학동,경상사고,0,0,1,0,차대사람 - 차도통행중,안전운전불이행,건조,맑음,단일로 - 기타,승용,여,25세,상해없음,보행자,남,33세,경상
2012040900100526,2012년 4월 9일 21시,월요일,광주광역시 서구 쌍촌동,경상사고,0,0,3,0,차대차 - 추돌 - 진행중,안전거리미확보,건조,맑음,교차로 - 교차로부근,승용,남,20세,상해없음,승용,남,45세,경상
2012040900100527,2012년 4월 9일 21시,월요일,광주광역시 서구 치평동,중상사고,0,2,0,0,차대차 - 측면직각충돌,신호위반,건조,맑음,교차로 - 교차로안,승용,남,38세,상해없음,승용,여,44세,중상
2012040900100528,2012년 4월 9일 21시,월요일,광주광역시 서구 풍암동,경상사고,0,0,1,0,차대차 - 측면직각충돌,교차로운행방법위반,건조,맑음,교차로 - 교차로안,승용,여,26세,상해없음,승용,여,46세,경상
2012040900100558,2012년 4월 9일 22시,월요일,광주광역시 동구 산수동,경상사고,0,0,1,0,차대차 - 측면직각충돌,직진우회전진행방해,건조,흐림,교차로 - 교차로부근,화물,남,23세,상해없음,이륜,남,17세,경상
2012040900100581,2012년 4월 9일 23시,월요일,광주광역시 북구 용봉동,경상사고,0,0,1,0,차대차 - 측면직각충돌,안전운전불이행,건조,맑음,단일로 - 기타,승용,남,54세,상해없음,승용,남,31세,경상
2012041000100056,2012년 4월 10일 03시,화요일,광주광역시 북구 유동,중상사고,0,1,3,1,차대차 - 측면직각충돌,신호위반,건조,맑음,교차로 - 교차로안,승용,남,27세,부상신고,승용,남,25세,중상
2012041000100061,2012년 4월 10일 04시,화요일,광주광역시 남구 봉선동,중상사고,0,1,0,0,차량단독 - 도로외이탈 - 기타,안전운전불이행,건조,맑음,단일로 - 기타,승용,여,43세,중상,,,,
2012041000100073,2012년 4월 10일 05시,화요일,광주광역시 북구 신안동,경상사고,0,0,1,0,차대차 - 측면직각충돌,신호위반,건조,맑음,교차로 - 교차로안,승용,남,34세,상해없음,승용,남,39세,경상
2012041000100074,2012년 4월 10일 05시,화요일,광주광역시 광산구 오선동,경상사고,0,0,1,0,차대차 - 측면직각충돌,교차로운행방법위반,건조,맑음,교차로 - 교차로안,승용,남,43세,경상,화물,남,60세,상해없음
2012041000100082,2012년 4월 10일 06시,화요일,광주광역시 광산구 임곡동,경상사고,0,0,1,0,차대차 - 추돌 - 주정차중,기타,건조,흐림,교차로 - 교차로부근,승용,남,46세,상해없음,승용,남,56세,경상
2012041000100154,2012년 4월 10일 08시,화요일,광주광역시 남구 주월동,경상사고,0,0,1,0,차대차 - 측면직각충돌,안전운전불이행,건조,맑음,교차로 - 교차로부근,승용,여,39세,상해없음,승용,여,55세,경상
2012041000100155,2012년 4월 10일 08시,화요일,광주광역시 북구 운암동,경상사고,0,0,1,0,차대차 - 기타,안전운전불이행,습기,흐림,단일로 - 기타,승용,남,53세,상해없음,승용,남,58세,경상
2012041000100156,2012년 4월 10일 08시,화요일,광주광역시 북구 신안동,중상사고,0,1,0,0,차대사람 - 횡단중,보행자보호의무위반,습기,비,교차로 - 교차로안,승용,남,58세,상해없음,보행자,여,41세,중상
2012041000100157,2012년 4월 10일 08시,화요일,광주광역시 광산구 신창동,경상사고,0,0,1,0,차대차 - 측면직각충돌,교차로운행방법위반,건조,흐림,교차로 - 교차로안,승용,여,32세,상해없음,자전거,남,16세,경상
2012041000100233,2012년 4월 10일 11시,화요일,광주광역시 광산구 하남동,경상사고,0,0,1,0,차대차 - 추돌 - 진행중,안전거리미확보,습기,흐림,교차로 - 교차로부근,화물,남,42세,상해없음,화물,남,34세,경상
2012041000100294,2012년 4월 10일 13시,화요일,광주광역시 북구 양산동,경상사고,0,0,1,0,차대차 - 측면직각충돌,중앙선침범,건조,맑음,단일로 - 기타,승합,남,61세,상해없음,승용,남,45세,경상
2012041000100324,2012년 4월 10일 14시,화요일,광주광역시 북구 풍향동,경상사고,0,0,1,0,차량단독 - 기타,기타,건조,맑음,단일로 - 기타,승합,남,46세,상해없음,,,,
2012041000100461,2012년 4월 10일 18시,화요일,광주광역시 광산구 쌍암동,경상사고,0,0,1,0,차대차 - 측면직각충돌,교차로운행방법위반,습기,비,교차로 - 교차로안,이륜,남,37세,경상,승용,남,60세,상해없음
2012041000100504,2012년 4월 10일 19시,화요일,광주광역시 서구 광천동,경상사고,0,0,1,0,차대사람 - 횡단중,중앙선침범,건조,맑음,단일로 - 횡단보도상,승용,남,52세,상해없음,보행자,여,51세,경상
2012041000100505,2012년 4월 10일 19시,화요일,광주광역시 북구 신안동,경상사고,0,0,1,0,차대차 - 추돌 - 주정차중,안전운전불이행,습기,비,단일로 - 기타,승용,남,18세,상해없음,승용,여,40세,경상
2012041000100506,2012년 4월 10일 19시,화요일,광주광역시 북구 오치동,경상사고,0,0,1,0,차대차 - 추돌 - 주정차중,안전거리미확보,건조,맑음,교차로 - 교차로부근,승용,남,53세,상해없음,승용,남,39세,경상
2012041000100507,2012년 4월 10일 19시,화요일,광주광역시 광산구 박호동,경상사고,0,0,1,0,차량단독 - 도로외이탈 - 기타,안전운전불이행,습기,비,단일로 - 기타,승용,남,38세,상해없음,,,,
2012041000100614,2012년 4월 10일 21시,화요일,광주광역시 북구 운암동,경상사고,0,0,1,0,차대차 - 추돌 - 주정차중,안전운전불이행,습기,비,단일로 - 기타,승용,남,56세,상해없음,승용,여,44세,경상