사고번호,사고일시,요일,시군구,사고내용,사망자수,중상자수,경상자수,부상신고자수,사고유형,법규위반,노면상태,기상상태,도로형태,가해운전자 차종,가해운전자 성별,가해운전자 연령,가해운전자 상해정도,피해운전자 차종,피해운전자 성별,피해운전자 연령,피해운전자 상해정도
2012041000100615,2012년 4월 10일 21시,화요일,광주광역시 광산구 하남동,경상사고,0,0,2,1,차대차 - 측면직각충돌,신호위반,습기,비,교차로 - 교차로안,승용,남,46세,부상신고,승용,남,26세,경상
2012041000100678,2012년 4월 10일 22시,화요일,광주광역시 서구 농성동,경상사고,0,0,3,0,차대차 - 측면직각충돌,교차로운행방법위반,습기,흐림,교차로 - 교차로안,승용,남,25세,경상,승용,남,31세,경상
2012041000100679,2012년 4월 10일 22시,화요일,광주광역시 남구 월산동,경상사고,0,0,1,0,차대차 - 측면직각충돌,차로위반,습기,비,단일로 - 기타,승용,남,47세,상해없음,원동기,남,39세,경상
2012041000100680,2012년 4월 10일 22시,화요일,광주광역시 광산구 장덕동,경상사고,0,0,1,0,차대차 - 추돌 - 주정차중,안전운전불이행,습기,비,단일로 - 기타,화물,남,35세,상해없음,승용,여,46세,경상
2012041000100681,2012년 4월 10일 22시,화요일,광주광역시 광산구 수완동,경상사고,0,0,1,0,차대차 - 추돌 - 주정차중,안전운전불이행,습기,비,교차로 - 교차로부근,승용,여,45세,상해없음,화물,남,42세,경상
2012041000100753,2012년 4월 10일 23시,화요일,광주광역시 서구 농성동,경상사고,0,0,1,0,차대차 - 측면직각충돌,차로위반,습기,흐림,교차로 - 교차로부근,승용,남,26세,상해없음,승용,남,46세,상해없음
2012041000100754,2012년 4월 10일 23시,화요일,광주광역시 북구 문흥동,중상사고,0,1,0,0,차대사람 - 횡단중,안전운전불이행,습기,흐림,교차로 - 교차로부근,승용,여,49세,상해없음,보행자,여,50세,중상
2012041100100048,2012년 4월 11일 00시,수요일,광주광역시 서구 광천동,경상사고,0,0,1,0,차량단독 - 공작물충돌,안전운전불이행,건조,맑음,교차로 - 교차로안,화물,남,35세,경상,,,,
2012041100100049,2012년 4월 11일 00시,수요일,광주광역시 서구 광천동,경상사고,0,0,1,0,차대차 - 측면직각충돌,안전운전불이행,건조,맑음,단일로 - 기타,승용,기타불명,기타불명,기타불명,승용,남,59세,경상
2012041100100050,2012년 4월 11일 00시,수요일,광주광역시 남구 서동,중상사고,0,1,2,1,차대차 - 측면직각충돌,신호위반,습기,비,교차로 - 교차로안,화물,남,31세,부상신고,승용,남,40세,경상
2012041100100051,2012년 4월 11일 00시,수요일,광주광역시 북구 동림동,사망사고,1,0,0,0,차량단독 - 공작물충돌,안전운전불이행,습기,비,단일로 - 기타,승용,남,19세,사망,,,,
2012041100100052,2012년 4월 11일 00시,수요일,광주광역시 북구 동림동,경상사고,0,0,2,0,차대차 - 측면직각충돌,신호위반,습기,비,교차로 - 교차로안,승용,남,52세,상해없음,승용,남,44세,상해없음
2012041100100076,2012년 4월 11일 01시,수요일,광주광역시 광산구 우산동,경상사고,0,0,2,0,차대차 - 측면직각충돌,교차로운행방법위반,습기,비,교차로 - 교차로안,승용,남,40세,상해없음,승용,남,52세,경상
2012041100100077,2012년 4월 11일 01시,수요일,광주광역시 광산구 쌍암동,경상사고,0,0,1,0,차대차 - 추돌 - 주정차중,안전운전불이행,건조,맑음,교차로 - 교차로부근,승용,남,48세,상해없음,원동기,남,22세,경상
2012041100100132,2012년 4월 11일 03시,수요일,광주광역시 북구 신안동,경상사고,0,0,2,0,차대차 - 측면직각충돌,안전거리미확보,습기,비,단일로 - 기타,승용,남,51세,상해없음,승용,남,45세,경상
2012041100100133,2012년 4월 11일 03시,수요일,광주광역시 북구 운암동,중상사고,0,1,4,0,차대차 - 추돌 - 주정차중,안전운전불이행,습기,흐림,교차로 - 교차로부근,화물,남,18세,상해없음,승용,남,18세,중상
2012041100100175,2012년 4월 11일 05시,수요일,광주광역시 서구 동천동,경상사고,0,0,1,0,차대사람 - 길가장자리구역통행중,안전운전불이행,습기,비,단일로 - 기타,승용,남,30세,상해없음,보행자,여,48세,경상
2012041100100176,2012년 4월 11일 05시,수요일,광주광역시 북구 오치동,경상사고,0,0,2,0,차대차 - 측면직각충돌,신호위반,습기,비,교차로 - 교차로안,승용,여,35세,상해없음,승용,남,49세,경상
2012041100100177,2012년 4월 11일 05시,수요일,광주광역시 북구 매곡동,중상사고,0,2,0,0,차량단독 - 공작물충돌,안전운전불이행,건조,맑음,교차로 - 교차로부근,승용,남,26세,중상,,,,
2012041100100302,2012년 4월 11일 11시,수요일,광주광역시 서구 유촌동,경상사고,0,0,1,0,차대차 - 추돌 - 진행중,안전운전불이행,건조,맑음,교차로 - 교차로부근,화물,남,29세,상해없음,승용,여,29세,경상
2012041100100303,2012년 4월 11일 11시,수요일,광주광역시 광산구 도산동,경상사고,0,0,1,0,차량단독 - 기타,안전운전불이행,건조,맑음,단일로 - 기타,승합,남,47세,상해없음,,,,
2012041100100397,2012년 4월 11일 14시,수요일,광주광역시 서구 농성동,경상사고,0,0,1,0,차대차 - 추돌 - 진행중,안전운전불이행,건조,맑음,단일로 - 기타,승용,남,54세,상해없음,승용,여,35세,경상
2012041100100398,2012년 4월 11일 14시,수요일,광주광역시 남구 송하동,경상사고,0,0,2,0,차량단독 - 기타,안전운전불이행,건조,맑음,단일로 - 기타,승합,남,57세,상해없음,,,,
2012041100100399,2012년 4월 11일 14시,수요일,광주광역시 광산구 신가동,경상사고,0,0,1,0,차대차 - 추돌 - 주정차중,안전운전불이행,건조,맑음,단일로 - 기타,승용,남,46세,상해없음,승용,남,34세,경상
2012041100100440,2012년 4월 11일 15시,수요일,광주광역시 북구 두암동,경상사고,0,0,2,0,차대사람 - 기타,안전운전불이행,건조,맑음,단일로 - 기타,승합,남,34세,상해없음,보행자,여,27세,경상
2012041100100466,2012년 4월 11일 16시,수요일,광주광역시 광산구 수완동,경상사고,0,0,1,0,차대차 - 기타,안전운전불이행,건조,맑음,단일로 - 기타,승용,남,49세,경상,승용,남,28세,상해없음
2012041100100499,2012년 4월 11일 17시,수요일,광주광역시 광산구 월계동,경상사고,0,0,1,0,차대차 - 추돌 - 진행중,안전거리미확보,건조,맑음,교차로 - 교차로부근,화물,남,60세,상해없음,승용,남,42세,경상
2012041100100528,2012년 4월 11일 18시,수요일,광주광역시 동구 황금동,부상신고사고,0,0,0,1,차대사람 - 기타,안전운전불이행,건조,맑음,단일로 - 기타,승용,남,68세,상해없음,보행자,여,19세,부상신고
2012041100100597,2012년 4월 11일 20시,수요일,광주광역시 서구 풍암동,중상사고,0,1,0,0,차대차 - 측면직각충돌,안전거리미확보,건조,맑음,단일로 - 기타,승용,남,50세,상해없음,이륜,남,47세,중상
2012041100100598,2012년 4월 11일 20시,수요일,광주광역시 북구 용봉동,경상사고,0,0,1,0,차대차 - 측면직각충돌,교차로운행방법위반,건조,맑음,교차로 - 교차로안,승용,남,23세,상해없음,자전거,남,32세,경상
2012041100100629,2012년 4월 11일 21시,수요일,광주광역시 북구 금곡동,경상사고,0,0,2,0,차대차 - 측면직각충돌,중앙선침범,기타,기타,단일로 - 기타,기타불명,기타불명,기타불명,기타불명,승용,남,21세,경상
2012041100100630,2012년 4월 11일 21시,수요일,광주광역시 광산구 월계동,경상사고,0,0,1,0,차대차 - 추돌 - 진행중,교차로운행방법위반,건조,맑음,교차로 - 교차로안,승용,남,42세,상해없음,원동기,남,25세,경상
2012041100100631,2012년 4월 11일 21시,수요일,광주광역시 광산구 월계동,경상사고,0,0,3,0,차대차 - 추돌 - 주정차중,안전운전불이행,건조,맑음,교차로 - 교차로부근,승용,남,53세,상해없음,승용,남,32세,경상
2012041100100652,2012년 4월 11일 22시,수요일,광주광역시 서구 농성동,경상사고,0,0,1,0,차대차 - 측면직각충돌,중앙선침범,건조,맑음,단일로 - 기타,승용,남,27세,상해없음,승용,남,56세,경상
2012041100100665,2012년 4월 11일 23시,수요일,광주광역시 동구 서석동,중상사고,0,1,0,0,차대사람 - 길가장자리구역통행중,안전운전불이행,건조,맑음,단일로 - 기타,승용,남,26세,상해없음,보행자,여,25세,중상
2012041100100666,2012년 4월 11일 23시,수요일,광주광역시 광산구 신창동,경상사고,0,0,1,0,차대차 - 추돌 - 주정차중,안전운전불이행,건조,맑음,단일로 - 기타,승용,남,42세,상해없음,승용,남,41세,경상
2012041200100012,2012년 4월 12일 00시,목요일,광주광역시 동구 불로동,경상사고,0,0,1,0,차대사람 - 기타,안전운전불이행,건조,맑음,단일로 - 기타,승용,기타불명,기타불명,기타불명,보행자,남,27세,경상
2012041200100013,2012년 4월 12일 00시,목요일,광주광역시 서구 마륵동,중상사고,0,1,0,0,차대차 - 측면직각충돌,신호위반,건조,맑음,교차로 - 교차로안,승용,남,34세,상해없음,승용,남,30세,중상
2012041200100037,2012년 4월 12일 03시,목요일,광주광역시 북구 중흥동,경상사고,0,0,2,1,차대차 - 측면직각충돌,안전거리미확보,건조,맑음,단일로 - 기타,승용,남,27세,상해없음,승용,남,26세,경상
2012041200100069,2012년 4월 12일 06시,목요일,광주광역시 북구 용봉동,중상사고,0,2,0,0,차대사람 - 횡단중,안전운전불이행,습기,흐림,단일로 - 기타,자전거,남,19세,상해없음,보행자,여,65세,중상
2012041200100099,2012년 4월 12일 07시,목요일,광주광역시 광산구 수완동,경상사고,0,0,1,0,차대차 - 추돌 - 진행중,신호위반,건조,맑음,단일로 - 기타,승용,남,26세,상해없음,자전거,남,27세,경상
2012041200100100,2012년 4월 12일 07시,목요일,광주광역시 광산구 도천동,경상사고,0,0,3,0,차대차 - 측면직각충돌,안전운전불이행,건조,맑음,단일로 - 기타,건설기계,남,39세,상해없음,승용,남,39세,경상
2012041200100138,2012년 4월 12일 08시,목요일,광주광역시 서구 금호동,경상사고,0,0,1,0,차대사람 - 길가장자리구역통행중,안전운전불이행,건조,맑음,단일로 - 기타,승용,남,68세,상해없음,보행자,여,62세,경상
2012041200100139,2012년 4월 12일 08시,목요일,광주광역시 서구 쌍촌동,경상사고,0,0,1,0,차대차 - 기타,안전거리미확보,건조,맑음,기타 - 기타,화물,남,39세,상해없음,승용,여,42세,경상
2012041200100168,2012년 4월 12일 09시,목요일,광주광역시 광산구 월곡동,경상사고,0,0,1,0,차대차 - 추돌 - 주정차중,안전거리미확보,건조,맑음,교차로 - 교차로부근,승용,남,27세,상해없음,화물,남,35세,경상
2012041200100202,2012년 4월 12일 10시,목요일,광주광역시 남구 월산동,경상사고,0,0,2,0,차대차 - 추돌 - 진행중,안전거리미확보,건조,기타,교차로 - 교차로부근,승용,남,77세,경상,승용,남,60세,경상
2012041200100203,2012년 4월 12일 10시,목요일,광주광역시 북구 두암동,경상사고,0,0,1,0,차대차 - 측면직각충돌,교차로운행방법위반,건조,맑음,교차로 - 교차로안,승용,여,58세,경상,승용,남,47세,상해없음
2012041200100270,2012년 4월 12일 12시,목요일,광주광역시 남구 봉선동,경상사고,0,0,1,0,차대차 - 기타,안전운전불이행,건조,맑음,교차로 - 교차로안,승용,여,44세,상해없음,승용,남,28세,경상
2012041200100311,2012년 4월 12일 13시,목요일,광주광역시 동구 서석동,경상사고,0,0,1,0,차대사람 - 기타,보행자보호의무위반,건조,맑음,단일로 - 횡단보도상,승용,남,74세,상해없음,보행자,남,28세,경상
2012041200100312,2012년 4월 12일 13시,목요일,광주광역시 북구 양산동,경상사고,0,0,2,0,차대차 - 추돌 - 진행중,차로위반,건조,맑음,단일로 - 기타,승용,남,38세,상해없음,승용,여,49세,경상
2012041200100396,2012년 4월 12일 16시,목요일,광주광역시 서구 농성동,중상사고,0,1,0,0,차대사람 - 횡단중,안전운전불이행,건조,맑음,단일로 - 횡단보도부근,승용,남,66세,상해없음,보행자,여,12세,중상
2012041200100397,2012년 4월 12일 16시,목요일,광주광역시 남구 월산동,경상사고,0,0,1,0,차대차 - 기타,안전운전불이행,건조,맑음,단일로 - 기타,승용,남,35세,상해없음,이륜,남,47세,경상
2012041200100472,2012년 4월 12일 18시,목요일,광주광역시 서구 쌍촌동,경상사고,0,0,2,0,차대차 - 기타,차로위반,건조,맑음,교차로 - 교차로부근,승용,여,60세,경상,화물,남,59세,경상
2012041200100473,2012년 4월 12일 18시,목요일,광주광역시 서구 치평동,경상사고,0,0,1,0,차대차 - 기타,신호위반,건조,맑음,교차로 - 교차로안,이륜,남,67세,상해없음,승용,여,31세,경상
2012041200100474,2012년 4월 12일 18시,목요일,광주광역시 서구 광천동,경상사고,0,0,1,0,차대차 - 기타,안전거리미확보,건조,맑음,단일로 - 기타,승용,남,24세,상해없음,자전거,남,43세,경상
2012041200100475,2012년 4월 12일 18시,목요일,광주광역시 북구 양산동,경상사고,0,0,1,0,차대사람 - 기타,안전운전불이행,건조,맑음,단일로 - 기타,기타불명,기타불명,기타불명,기타불명,보행자,여,12세,경상
2012041200100517,2012년 4월 12일 19시,목요일,광주광역시 서구 치평동,경상사고,0,0,2,0,차대차 - 측면직각충돌,안전거리미확보,건조,맑음,교차로 - 교차로부근,승용,여,22세,경상,승용,여,34세,경상
2012041200100518,2012년 4월 12일 19시,목요일,광주광역시 광산구 월곡동,경상사고,0,0,2,0,차대차 - 추돌 - 주정차중,안전운전불이행,건조,맑음,교차로 - 교차로부근,승용,남,18세,상해없음,승용,여,34세,경상
2012041200100579,2012년 4월 12일 21시,목요일,광주광역시 동구 대인동,경상사고,0,0,1,0,차대차 - 측면직각충돌,중앙선침범,건조,맑음,단일로 - 기타,승용,남,51세,상해없음,승용,여,40세,경상
2012041200100580,2012년 4월 12일 21시,목요일,광주광역시 광산구 산월동,경상사고,0,0,1,0,차대차 - 추돌 - 주정차중,안전운전불이행,건조,맑음,단일로 - 기타,승용,여,37세,상해없음,승용,남,24세,경상
2012041200100631,2012년 4월 12일 23시,목요일,광주광역시 서구 농성동,경상사고,0,0,1,0,차대차 - 기타,교차로운행방법위반,건조,맑음,교차로 - 교차로안,승용,남,51세,상해없음,자전거,남,25세,경상
2012041200100632,2012년 4월 12일 23시,목요일,광주광역시 서구 화정동,중상사고,0,2,1,0,차대사람 - 횡단중,안전운전불이행,건조,맑음,교차로 - 교차로안,이륜,남,16세,경상,보행자,남,51세,중상
2012041300100014,2012년 4월 13일 00시,금요일,광주광역시 북구 중흥동,중상사고,0,1,0,0,차대차 - 측면직각충돌,신호위반,건조,맑음,교차로 - 교차로안,승용,남,45세,상해없음,이륜,남,23세,중상
2012041300100047,2012년 4월 13일 02시,금요일,광주광역시 남구 주월동,경상사고,0,0,1,0,차량단독 - 기타,안전운전불이행,습기,비,단일로 - 기타,승용,남,58세,상해없음,,,,
2012041300100048,2012년 4월 13일 02시,금요일,광주광역시 광산구 운남동,경상사고,0,0,3,1,차대차 - 측면직각충돌,불법유턴,건조,맑음,단일로 - 기타,승용,남,24세,상해없음,승용,남,27세,경상
2012041300100049,2012년 4월 13일 02시,금요일,광주광역시 광산구 월계동,경상사고,0,0,1,0,차대사람 - 길가장자리구역통행중,안전운전불이행,건조,맑음,단일로 - 기타,승용,여,34세,상해없음,보행자,여,18세,경상
2012041300100067,2012년 4월 13일 04시,금요일,광주광역시 광산구 신창동,경상사고,0,0,2,0,차량단독 - 공작물충돌,안전운전불이행,건조,맑음,교차로 - 교차로부근,승용,여,40세,경상,,,,
2012041300100116,2012년 4월 13일 07시,금요일,광주광역시 동구 학동,부상신고사고,0,0,0,1,차대사람 - 차도통행중,안전운전불이행,건조,맑음,단일로 - 기타,기타불명,기타불명,기타불명,기타불명,보행자,여,58세,부상신고
2012041300100117,2012년 4월 13일 07시,금요일,광주광역시 서구 화정동,경상사고,0,0,2,0,차대차 - 추돌 - 주정차중,안전운전불이행,건조,맑음,단일로 - 기타,화물,남,70세,상해없음,승용,남,58세,경상
2012041300100176,2012년 4월 13일 09시,금요일,광주광역시 서구 농성동,경상사고,0,0,1,0,차대차 - 측면직각충돌,안전운전불이행,건조,맑음,단일로 - 기타,승용,여,44세,상해없음,이륜,남,19세,경상
2012041300100177,2012년 4월 13일 09시,금요일,광주광역시 광산구 운수동,경상사고,0,0,1,0,차대차 - 추돌 - 주정차중,안전거리미확보,습기,비,교차로 - 교차로부근,화물,남,28세,상해없음,화물,남,29세,경상
2012041300100275,2012년 4월 13일 13시,금요일,광주광역시 동구 산수동,경상사고,0,0,3,0,차대차 - 측면직각충돌,교차로운행방법위반,건조,맑음,교차로 - 교차로안,승용,남,46세,경상,승용,남,36세,경상
2012041300100276,2012년 4월 13일 13시,금요일,광주광역시 북구 두암동,경상사고,0,0,1,0,차대사람 - 횡단중,안전운전불이행,건조,맑음,단일로 - 기타,승용,남,45세,상해없음,보행자,여,44세,경상
2012041300100389,2012년 4월 13일 17시,금요일,광주광역시 북구 풍향동,경상사고,0,0,1,0,차대사람 - 횡단중,안전운전불이행,건조,흐림,단일로 - 기타,승용,남,49세,상해없음,보행자,남,13세,경상
2012041300100422,2012년 4월 13일 18시,금요일,광주광역시 광산구 신창동,경상사고,0,0,4,0,차대차 - 추돌 - 주정차중,안전운전불이행,건조,맑음,단일로 - 기타,승용,여,40세,경상,승용,남,66세,상해없음
2012041300100423,2012년 4월 13일 18시,금요일,광주광역시 광산구 우산동,경상사고,0,0,1,0,차대차 - 추돌 - 주정차중,안전거리미확보,건조,맑음,단일로 - 기타,승용,남,31세,상해없음,승용,남,36세,경상
2012041300100462,2012년 4월 13일 19시,금요일,광주광역시 서구 농성동,경상사고,0,0,2,0,차대차 - 측면직각충돌,안전운전불이행,건조,맑음,미분류 - 미분류,승용,남,50세,상해없음,승용,남,27세,경상
2012041300100463,2012년 4월 13일 19시,금요일,광주광역시 서구 매월동,경상사고,0,0,3,0,차대차 - 추돌 - 진행중,안전거리미확보,건조,맑음,단일로 - 기타,화물,남,44세,상해없음,승용,남,59세,경상
2012041300100543,2012년 4월 13일 21시,금요일,광주광역시 서구 화정동,경상사고,0,0,1,0,차대차 - 추돌 - 주정차중,안전운전불이행,건조,맑음,교차로 - 교차로부근,승용,남,41세,상해없음,승용,남,43세,경상
2012041300100577,2012년 4월 13일 22시,금요일,광주광역시 북구 풍향동,경상사고,0,0,1,0,차대차 - 측면직각충돌,교차로운행방법위반,건조,맑음,교차로 - 교차로안,승용,여,48세,상해없음,승용,여,42세,경상
2012041300100578,2012년 4월 13일 22시,금요일,광주광역시 북구 용봉동,경상사고,0,0,4,0,차대차 - 측면직각충돌,안전운전불이행,건조,맑음,단일로 - 기타,승용,남,36세,상해없음,승용,남,44세,경상
2012041300100612,2012년 4월 13일 23시,금요일,광주광역시 북구 운암동,중상사고,0,1,0,0,차대사람 - 횡단중,안전운전불이행,건조,맑음,단일로 - 횡단보도부근,승용,남,47세,상해없음,보행자,남,14세,중상
2012041400100040,2012년 4월 14일 01시,토요일,광주광역시 서구 내방동,경상사고,0,0,2,0,차대차 - 기타,안전거리미확보,건조,맑음,교차로 - 교차로부근,승용,남,28세,상해없음,승용,남,52세,경상
2012041400100041,2012년 4월 14일 01시,토요일,광주광역시 광산구 신창동,경상사고,0,0,2,0,차대차 - 측면직각충돌,안전거리미확보,건조,맑음,단일로 - 기타,승용,남,43세,상해없음,승용,남,45세,경상
2012041400100059,2012년 4월 14일 02시,토요일,광주광역시 서구 농성동,경상사고,0,0,2,0,차량단독 - 전도전복,안전운전불이행,건조,맑음,단일로 - 기타,원동기,남,18세,경상,,,,
2012041400100079,2012년 4월 14일 03시,토요일,광주광역시 북구 운암동,경상사고,0,0,4,0,차대차 - 추돌 - 주정차중,안전운전불이행,건조,맑음,단일로 - 기타,승용,남,27세,상해없음,승용,남,51세,경상
2012041400100110,2012년 4월 14일 05시,토요일,광주광역시 서구 화정동,경상사고,0,0,3,0,차대차 - 측면직각충돌,중앙선침범,건조,맑음,교차로 - 교차로부근,승용,남,23세,상해없음,승용,남,57세,경상
2012041400100111,2012년 4월 14일 05시,토요일,광주광역시 서구 양동,중상사고,0,1,0,0,차대사람 - 기타,안전운전불이행,건조,맑음,교차로 - 교차로안,화물,남,45세,상해없음,보행자,여,62세,중상
2012041400100124,2012년 4월 14일 06시,토요일,광주광역시 북구 누문동,경상사고,0,0,2,0,차대차 - 측면직각충돌,안전운전불이행,건조,맑음,교차로 - 교차로안,승용,남,69세,상해없음,승용,남,43세,경상
2012041400100184,2012년 4월 14일 09시,토요일,광주광역시 광산구 선암동,중상사고,0,1,1,0,차대차 - 측면직각충돌,신호위반,건조,맑음,교차로 - 교차로안,승용,남,26세,중상,화물,남,36세,경상
2012041400100213,2012년 4월 14일 10시,토요일,광주광역시 광산구 동산동,중상사고,0,1,0,0,차대사람 - 기타,기타,건조,맑음,단일로 - 기타,승합,남,54세,상해없음,보행자,여,82세,중상
2012041400100249,2012년 4월 14일 11시,토요일,광주광역시 서구 농성동,경상사고,0,0,1,0,차대사람 - 기타,안전운전불이행,건조,맑음,기타 - 기타,승용,남,64세,상해없음,보행자,남,42세,경상
2012041400100250,2012년 4월 14일 11시,토요일,광주광역시 광산구 월계동,경상사고,0,0,1,0,차대차 - 측면직각충돌,신호위반,건조,맑음,교차로 - 교차로부근,자전거,남,77세,경상,승합,남,38세,상해없음
2012041400100292,2012년 4월 14일 12시,토요일,광주광역시 북구 신용동,중상사고,0,1,0,0,차대차 - 측면직각충돌,신호위반,건조,맑음,교차로 - 교차로안,승용,남,52세,상해없음,원동기,남,55세,중상
2012041400100345,2012년 4월 14일 13시,토요일,광주광역시 서구 쌍촌동,경상사고,0,0,5,0,차대차 - 기타,안전운전불이행,건조,맑음,단일로 - 기타,승용,여,47세,상해없음,승용,여,32세,경상
2012041400100387,2012년 4월 14일 14시,토요일,광주광역시 광산구 신가동,경상사고,0,0,1,0,차대차 - 측면직각충돌,안전운전불이행,건조,맑음,교차로 - 교차로부근,화물,남,57세,상해없음,자전거,여,54세,경상
2012041400100506,2012년 4월 14일 17시,토요일,광주광역시 서구 쌍촌동,중상사고,0,1,1,0,차대차 - 기타,신호위반,건조,맑음,교차로 - 교차로안,승용,남,26세,상해없음,승용,남,55세,중상
2012041400100507,2012년 4월 14일 17시,토요일,광주광역시 북구 풍향동,경상사고,0,0,1,0,차대차 - 추돌 - 주정차중,안전운전불이행,건조,맑음,교차로 - 교차로안,승용,남,56세,상해없음,승용,남,31세,상해없음
2012041400100508,2012년 4월 14일 17시,토요일,광주광역시 광산구 운남동,중상사고,0,1,0,0,차대차 - 측면직각충돌,안전운전불이행,건조,맑음,교차로 - 교차로부근,화물,남,29세,상해없음,자전거,남,12세,중상
2012041400100594,2012년 4월 14일 19시,토요일,광주광역시 동구 호남동,경상사고,0,0,1,0,차대사람 - 차도통행중,안전운전불이행,건조,맑음,단일로 - 기타,승용,남,39세,상해없음,보행자,남,75세,경상
2012041400100595,2012년 4월 14일 19시,토요일,광주광역시 광산구 송정동,경상사고,0,0,1,0,차대차 - 측면직각충돌,교차로운행방법위반,건조,맑음,교차로 - 교차로안,이륜,남,15세,경상,승용,여,41세,상해없음
2012041400100596,2012년 4월 14일 19시,토요일,광주광역시 광산구 월계동,경상사고,0,0,4,0,차대차 - 측면직각충돌,신호위반,건조,맑음,교차로 - 교차로부근,승용,남,58세,경상,승합,남,62세,경상
2012041400100671,2012년 4월 14일 21시,토요일,광주광역시 서구 풍암동,사망사고,1,1,0,0,차대차 - 정면충돌,신호위반,건조,맑음,교차로 - 교차로안,승용,남,46세,중상,승용,남,41세,사망
2012041400100692,2012년 4월 14일 22시,토요일,광주광역시 서구 금호동,경상사고,0,0,1,0,차대차 - 측면직각충돌,안전운전불이행,건조,맑음,단일로 - 기타,승용,남,45세,상해없음,승용,남,43세,경상
2012041400100693,2012년 4월 14일 22시,토요일,광주광역시 북구 두암동,경상사고,0,0,1,0,차대차 - 측면직각충돌,안전운전불이행,건조,맑음,교차로 - 교차로안,승용,남,51세,상해없음,자전거,남,15세,경상
2012041400100716,2012년 4월 14일 23시,토요일,광주광역시 광산구 월곡동,경상사고,0,0,1,0,차대차 - 측면직각충돌,교차로운행방법위반,건조,맑음,교차로 - 교차로안,승용,남,39세,상해없음,이륜,남,16세,경상
2012041500100029,2012년 4월 15일 00시,일요일,광주광역시 동구 지산동,경상사고,0,0,1,0,차대사람 - 기타,안전운전불이행,건조,맑음,단일로 - 기타,화물,남,18세,상해없음,보행자,남,22세,경상
2012041500100057,2012년 4월 15일 01시,일요일,광주광역시 동구 광산동,경상사고,0,0,1,0,차대사람 - 기타,안전운전불이행,건조,맑음,단일로 - 기타,승용,남,35세,기타불명,보행자,여,22세,경상
2012041500100058,2012년 4월 15일 01시,일요일,광주광역시 서구 농성동,경상사고,0,0,1,0,차대차 - 기타,안전거리미확보,건조,맑음,단일로 - 기타,승용,남,32세,상해없음,승용,남,30세,경상
2012041500100080,2012년 4월 15일 02시,일요일,광주광역시 동구 광산동,경상사고,0,0,3,0,차대차 - 추돌 - 주정차중,안전운전불이행,건조,맑음,단일로 - 기타,승용,남,26세,상해없음,승용,남,46세,경상
2012041500100081,2012년 4월 15일 02시,일요일,광주광역시 서구 유촌동,경상사고,0,0,1,0,차대차 - 추돌 - 주정차중,안전운전불이행,건조,맑음,교차로 - 교차로안,승용,여,43세,상해없음,승용,남,40세,경상
2012041500100082,2012년 4월 15일 02시,일요일,광주광역시 서구 치평동,경상사고,0,0,1,0,차대차 - 기타,안전운전불이행,건조,맑음,교차로 - 교차로부근,승용,기타불명,기타불명,기타불명,승용,남,34세,상해없음
2012041500100110,2012년 4월 15일 04시,일요일,광주광역시 동구 월남동,경상사고,0,0,1,0,차대차 - 기타,안전운전불이행,건조,맑음,미분류 - 미분류,승용,남,30세,경상,승용,남,48세,상해없음
2012041500100111,2012년 4월 15일 04시,일요일,광주광역시 서구 치평동,경상사고,0,0,2,0,차대차 - 기타,신호위반,건조,맑음,교차로 - 교차로안,승용,남,56세,상해없음,승용,남,22세,경상
2012041500100112,2012년 4월 15일 04시,일요일,광주광역시 북구 운암동,중상사고,0,1,1,0,차대차 - 추돌 - 주정차중,안전운전불이행,건조,맑음,단일로 - 기타,승용,남,22세,상해없음,화물,남,45세,상해없음
2012041500100133,2012년 4월 15일 06시,일요일,광주광역시 북구 매곡동,경상사고,0,0,1,0,차대차 - 측면직각충돌,안전운전불이행,건조,맑음,교차로 - 교차로부근,승용,남,22세,상해없음,자전거,남,66세,경상
2012041500100157,2012년 4월 15일 08시,일요일,광주광역시 남구 봉선동,경상사고,0,0,1,0,차대차 - 측면직각충돌,안전운전불이행,건조,맑음,교차로 - 교차로안,승합,남,60세,상해없음,승용,여,31세,경상
2012041500100179,2012년 4월 15일 09시,일요일,광주광역시 광산구 운남동,경상사고,0,0,1,0,차대차 - 측면직각충돌,교차로운행방법위반,건조,맑음,교차로 - 교차로부근,승용,여,55세,상해없음,승용,여,52세,경상
2012041500100274,2012년 4월 15일 13시,일요일,광주광역시 서구 치평동,경상사고,0,0,4,0,차대차 - 측면직각충돌,신호위반,건조,맑음,교차로 - 교차로안,승용,여,45세,경상,승용,남,33세,경상
2012041500100275,2012년 4월 15일 13시,일요일,광주광역시 서구 금호동,경상사고,0,0,2,0,차대차 - 추돌 - 주정차중,안전거리미확보,건조,맑음,교차로 - 교차로안,승용,남,41세,상해없음,승용,남,50세,경상
2012041500100276,2012년 4월 15일 13시,일요일,광주광역시 서구 쌍촌동,경상사고,0,0,1,0,차대사람 - 횡단중,보행자보호의무위반,건조,맑음,단일로 - 횡단보도상,승용,여,52세,상해없음,보행자,여,38세,경상