사고번호,사고일시,요일,시군구,사고내용,사망자수,중상자수,경상자수,부상신고자수,사고유형,법규위반,노면상태,기상상태,도로형태,가해운전자 차종,가해운전자 성별,가해운전자 연령,가해운전자 상해정도,피해운전자 차종,피해운전자 성별,피해운전자 연령,피해운전자 상해정도
2012042000100510,2012년 4월 20일 18시,금요일,광주광역시 광산구 옥동,경상사고,0,0,2,0,차대차 - 측면직각충돌,안전거리미확보,건조,맑음,교차로 - 교차로부근,화물,남,62세,상해없음,승용,여,37세,경상
2012042000100548,2012년 4월 20일 19시,금요일,광주광역시 북구 임동,경상사고,0,0,4,0,차대차 - 측면직각충돌,안전운전불이행,건조,맑음,교차로 - 교차로안,승용,여,31세,경상,승용,여,25세,경상
2012042000100584,2012년 4월 20일 20시,금요일,광주광역시 서구 매월동,경상사고,0,0,2,0,차대차 - 추돌 - 진행중,안전거리미확보,건조,맑음,교차로 - 교차로안,승용,남,48세,상해없음,승용,남,37세,경상
2012042000100585,2012년 4월 20일 20시,금요일,광주광역시 남구 송하동,경상사고,0,0,1,0,차대차 - 측면직각충돌,안전운전불이행,건조,맑음,단일로 - 기타,승용,남,37세,상해없음,승용,여,28세,경상
2012042000100626,2012년 4월 20일 21시,금요일,광주광역시 남구 주월동,경상사고,0,0,1,0,차대차 - 기타,안전운전불이행,건조,맑음,단일로 - 기타,승용,남,37세,상해없음,원동기,남,17세,경상
2012042000100627,2012년 4월 20일 21시,금요일,광주광역시 광산구 신가동,경상사고,0,0,1,0,차대차 - 측면직각충돌,신호위반,건조,맑음,교차로 - 교차로안,승용,남,41세,경상,승용,여,33세,상해없음
2012042000100673,2012년 4월 20일 22시,금요일,광주광역시 동구 대인동,중상사고,0,1,0,0,차대사람 - 횡단중,안전운전불이행,건조,맑음,단일로 - 기타,승용,남,52세,상해없음,보행자,남,62세,중상
2012042000100674,2012년 4월 20일 22시,금요일,광주광역시 남구 송하동,중상사고,0,1,0,0,차대차 - 추돌 - 주정차중,안전운전불이행,건조,흐림,교차로 - 교차로부근,승용,여,37세,상해없음,승용,여,27세,중상
2012042000100675,2012년 4월 20일 22시,금요일,광주광역시 북구 신안동,경상사고,0,0,1,0,차대차 - 측면직각충돌,교차로운행방법위반,건조,맑음,교차로 - 교차로안,승용,여,29세,상해없음,이륜,남,26세,경상
2012042100100023,2012년 4월 21일 00시,토요일,광주광역시 서구 양동,경상사고,0,0,1,0,차대사람 - 기타,안전운전불이행,건조,맑음,교차로 - 교차로부근,승용,남,33세,상해없음,보행자,남,50세,경상
2012042100100024,2012년 4월 21일 00시,토요일,광주광역시 서구 화정동,경상사고,0,0,2,0,차대차 - 측면직각충돌,안전거리미확보,건조,맑음,교차로 - 교차로부근,승용,남,53세,상해없음,승용,여,54세,경상
2012042100100025,2012년 4월 21일 00시,토요일,광주광역시 광산구 우산동,중상사고,0,1,0,0,차대사람 - 차도통행중,안전운전불이행,건조,맑음,단일로 - 기타,승용,남,29세,상해없음,보행자,남,41세,중상
2012042100100050,2012년 4월 21일 01시,토요일,광주광역시 서구 쌍촌동,경상사고,0,0,2,0,차대차 - 측면직각충돌,교차로운행방법위반,건조,맑음,교차로 - 교차로안,승용,남,25세,상해없음,승용,남,41세,상해없음
2012042100100051,2012년 4월 21일 01시,토요일,광주광역시 남구 행암동,경상사고,0,0,1,0,차대차 - 추돌 - 주정차중,안전운전불이행,건조,맑음,교차로 - 교차로부근,화물,남,38세,상해없음,승용,여,49세,경상
2012042100100078,2012년 4월 21일 02시,토요일,광주광역시 북구 임동,사망사고,1,0,0,0,차대차 - 측면직각충돌,안전운전불이행,건조,흐림,단일로 - 기타,승용,남,65세,상해없음,자전거,남,61세,사망
2012042100100110,2012년 4월 21일 03시,토요일,광주광역시 남구 백운동,경상사고,0,0,7,0,차대차 - 추돌 - 주정차중,안전운전불이행,습기,비,단일로 - 기타,승용,남,23세,상해없음,승용,남,41세,경상
2012042100100124,2012년 4월 21일 04시,토요일,광주광역시 북구 유동,중상사고,0,2,1,0,차량단독 - 공작물충돌,안전운전불이행,습기,비,교차로 - 교차로부근,승용,남,29세,상해없음,,,,
2012042100100142,2012년 4월 21일 05시,토요일,광주광역시 광산구 월곡동,경상사고,0,0,2,0,차대차 - 추돌 - 진행중,안전운전불이행,습기,비,교차로 - 교차로부근,승용,여,36세,상해없음,화물,남,24세,경상
2012042100100179,2012년 4월 21일 07시,토요일,광주광역시 북구 운암동,경상사고,0,0,4,0,차대차 - 측면직각충돌,기타,건조,맑음,단일로 - 기타,승용,남,29세,상해없음,승합,남,45세,상해없음
2012042100100180,2012년 4월 21일 07시,토요일,광주광역시 광산구 안청동,경상사고,0,0,4,0,차대차 - 추돌 - 진행중,안전거리미확보,습기,비,단일로 - 기타,승용,여,47세,경상,승용,여,55세,경상
2012042100100204,2012년 4월 21일 08시,토요일,광주광역시 광산구 본덕동,사망사고,1,0,0,0,차량단독 - 도로외이탈 - 추락,안전운전불이행,습기,비,단일로 - 기타,승용,남,29세,사망,,,,
2012042100100237,2012년 4월 21일 09시,토요일,광주광역시 광산구 도산동,경상사고,0,0,2,0,차대차 - 측면직각충돌,안전운전불이행,습기,비,교차로 - 교차로안,승용,남,74세,경상,승용,남,71세,경상
2012042100100267,2012년 4월 21일 10시,토요일,광주광역시 광산구 수완동,경상사고,0,0,1,0,차대차 - 측면직각충돌,안전거리미확보,건조,맑음,단일로 - 기타,승용,여,47세,상해없음,승용,여,34세,경상
2012042100100374,2012년 4월 21일 13시,토요일,광주광역시 서구 쌍촌동,경상사고,0,0,3,0,차대차 - 추돌 - 진행중,안전거리미확보,습기,비,단일로 - 기타,승용,여,34세,상해없음,승용,여,51세,경상
2012042100100375,2012년 4월 21일 13시,토요일,광주광역시 북구 일곡동,경상사고,0,0,1,0,차대차 - 측면직각충돌,안전운전불이행,습기,흐림,교차로 - 교차로안,승용,여,54세,상해없음,원동기,남,27세,경상
2012042100100376,2012년 4월 21일 13시,토요일,광주광역시 광산구 본덕동,경상사고,0,0,1,0,차대차 - 추돌 - 진행중,안전거리미확보,습기,비,단일로 - 기타,승용,남,32세,상해없음,화물,남,36세,상해없음
2012042100100377,2012년 4월 21일 13시,토요일,광주광역시 광산구 비아동,경상사고,0,0,1,0,차대사람 - 기타,안전운전불이행,건조,맑음,단일로 - 기타,승용,남,63세,상해없음,보행자,남,45세,경상
2012042100100409,2012년 4월 21일 14시,토요일,광주광역시 남구 송하동,부상신고사고,0,0,0,1,차대차 - 추돌 - 주정차중,안전거리미확보,습기,비,미분류 - 미분류,승용,남,57세,상해없음,승용,여,50세,부상신고
2012042100100494,2012년 4월 21일 16시,토요일,광주광역시 서구 화정동,경상사고,0,0,1,0,차대사람 - 기타,안전운전불이행,건조,맑음,단일로 - 기타,승용,남,45세,상해없음,보행자,남,51세,경상
2012042100100495,2012년 4월 21일 16시,토요일,광주광역시 광산구 월계동,경상사고,0,0,1,0,차대차 - 측면직각충돌,교차로운행방법위반,습기,비,교차로 - 교차로안,화물,여,51세,경상,승용,남,50세,상해없음
2012042100100538,2012년 4월 21일 17시,토요일,광주광역시 광산구 도산동,경상사고,0,0,1,0,차대차 - 측면직각충돌,안전운전불이행,습기,비,교차로 - 교차로안,승용,남,42세,상해없음,승용,남,49세,경상
2012042100100589,2012년 4월 21일 18시,토요일,광주광역시 서구 쌍촌동,경상사고,0,0,2,0,차량단독 - 공작물충돌,안전운전불이행,건조,맑음,기타 - 기타,승용,남,49세,경상,,,,
2012042100100646,2012년 4월 21일 19시,토요일,광주광역시 북구 운암동,경상사고,0,0,1,0,차대차 - 측면직각충돌,안전거리미확보,건조,맑음,단일로 - 기타,승용,여,43세,상해없음,원동기,남,51세,경상
2012042100100647,2012년 4월 21일 19시,토요일,광주광역시 북구 매곡동,경상사고,0,0,1,0,차대차 - 추돌 - 진행중,안전운전불이행,습기,비,단일로 - 기타,승용,남,33세,상해없음,승용,남,30세,경상
2012042100100648,2012년 4월 21일 19시,토요일,광주광역시 북구 운암동,경상사고,0,0,3,0,차대차 - 추돌 - 주정차중,안전거리미확보,습기,비,단일로 - 기타,승용,남,52세,상해없음,승용,남,41세,경상
2012042100100649,2012년 4월 21일 19시,토요일,광주광역시 북구 용봉동,중상사고,0,1,0,0,차대사람 - 횡단중,보행자보호의무위반,습기,비,교차로 - 교차로안,승용,여,33세,상해없음,보행자,여,43세,중상
2012042100100650,2012년 4월 21일 19시,토요일,광주광역시 북구 임동,경상사고,0,0,2,0,차대차 - 측면직각충돌,안전운전불이행,습기,비,교차로 - 교차로부근,승용,여,53세,상해없음,승용,남,34세,경상
2012042100100651,2012년 4월 21일 19시,토요일,광주광역시 광산구 월계동,경상사고,0,0,1,0,차대차 - 측면직각충돌,신호위반,습기,비,교차로 - 교차로안,화물,남,53세,상해없음,승용,남,38세,경상
2012042100100713,2012년 4월 21일 20시,토요일,광주광역시 남구 진월동,경상사고,0,0,3,0,차대차 - 추돌 - 진행중,안전거리미확보,습기,비,단일로 - 기타,승용,남,41세,상해없음,승용,남,36세,경상
2012042100100714,2012년 4월 21일 20시,토요일,광주광역시 북구 문흥동,경상사고,0,0,3,0,차대차 - 측면직각충돌,안전운전불이행,습기,비,교차로 - 교차로안,승용,남,48세,상해없음,승용,여,38세,경상
2012042100100788,2012년 4월 21일 21시,토요일,광주광역시 북구 양산동,부상신고사고,0,0,0,1,차대차 - 측면직각충돌,안전운전불이행,기타,기타,단일로 - 기타,기타불명,기타불명,기타불명,기타불명,이륜,남,18세,부상신고
2012042100100789,2012년 4월 21일 21시,토요일,광주광역시 북구 두암동,중상사고,0,1,0,0,차대사람 - 기타,안전운전불이행,건조,맑음,단일로 - 기타,승용,기타불명,기타불명,기타불명,보행자,여,53세,중상
2012042100100908,2012년 4월 21일 23시,토요일,광주광역시 북구 양산동,경상사고,0,0,2,0,차대차 - 측면직각충돌,안전운전불이행,습기,비,단일로 - 기타,승용,남,28세,상해없음,승용,남,46세,경상
2012042100100909,2012년 4월 21일 23시,토요일,광주광역시 북구 일곡동,경상사고,0,0,1,0,차대차 - 측면직각충돌,안전거리미확보,습기,비,교차로 - 교차로부근,승용,여,45세,상해없음,승용,남,46세,경상
2012042100100910,2012년 4월 21일 23시,토요일,광주광역시 광산구 월계동,중상사고,0,1,0,0,차대차 - 추돌 - 주정차중,안전거리미확보,습기,비,교차로 - 교차로부근,승용,여,50세,상해없음,이륜,남,43세,중상
2012042200100049,2012년 4월 22일 00시,일요일,광주광역시 서구 쌍촌동,경상사고,0,0,2,0,차대사람 - 횡단중,신호위반,습기,비,교차로 - 교차로안,이륜,남,23세,상해없음,보행자,남,29세,경상
2012042200100050,2012년 4월 22일 00시,일요일,광주광역시 서구 화정동,중상사고,0,2,0,0,차대사람 - 기타,안전운전불이행,습기,비,단일로 - 기타,이륜,남,18세,중상,보행자,남,54세,중상
2012042200100051,2012년 4월 22일 00시,일요일,광주광역시 남구 주월동,경상사고,0,0,1,0,차대차 - 측면직각충돌,중앙선침범,습기,비,단일로 - 기타,승용,남,37세,상해없음,승용,남,38세,경상
2012042200100052,2012년 4월 22일 00시,일요일,광주광역시 광산구 월곡동,경상사고,0,0,2,0,차대차 - 추돌 - 주정차중,안전운전불이행,습기,비,단일로 - 기타,승용,남,31세,상해없음,승용,남,59세,경상
2012042200100053,2012년 4월 22일 00시,일요일,광주광역시 광산구 신창동,경상사고,0,0,3,0,차대사람 - 횡단중,보행자보호의무위반,습기,비,단일로 - 횡단보도상,승용,남,35세,상해없음,보행자,여,16세,경상
2012042200100089,2012년 4월 22일 01시,일요일,광주광역시 동구 서석동,경상사고,0,0,1,0,차대사람 - 길가장자리구역통행중,안전운전불이행,습기,비,단일로 - 기타,이륜,남,18세,상해없음,보행자,여,23세,경상
2012042200100090,2012년 4월 22일 01시,일요일,광주광역시 북구 두암동,경상사고,0,0,1,0,차대사람 - 기타,안전운전불이행,습기,흐림,단일로 - 기타,승용,남,43세,상해없음,보행자,여,20세,경상
2012042200100124,2012년 4월 22일 02시,일요일,광주광역시 북구 운암동,경상사고,0,0,1,0,차대차 - 기타,안전거리미확보,건조,맑음,기타 - 기타,승용,남,46세,상해없음,승용,남,44세,상해없음
2012042200100154,2012년 4월 22일 03시,일요일,광주광역시 남구 월산동,경상사고,0,0,2,0,차대차 - 측면직각충돌,안전운전불이행,습기,비,교차로 - 교차로안,승용,남,52세,상해없음,승용,남,42세,경상
2012042200100206,2012년 4월 22일 05시,일요일,광주광역시 서구 광천동,경상사고,0,0,1,0,차대차 - 추돌 - 주정차중,안전운전불이행,건조,맑음,교차로 - 교차로부근,승용,남,31세,상해없음,승용,남,31세,경상
2012042200100207,2012년 4월 22일 05시,일요일,광주광역시 광산구 신가동,중상사고,0,1,1,0,차대사람 - 횡단중,안전운전불이행,습기,비,교차로 - 교차로안,승용,남,40세,상해없음,보행자,여,50세,경상
2012042200100216,2012년 4월 22일 06시,일요일,광주광역시 남구 월산동,중상사고,0,1,0,0,차대차 - 측면직각충돌,안전거리미확보,건조,맑음,단일로 - 기타,승합,남,56세,상해없음,승용,남,61세,중상
2012042200100240,2012년 4월 22일 08시,일요일,광주광역시 남구 칠석동,경상사고,0,0,1,0,차대차 - 추돌 - 진행중,신호위반,건조,흐림,교차로 - 교차로부근,승용,남,62세,상해없음,승용,여,30세,경상
2012042200100275,2012년 4월 22일 10시,일요일,광주광역시 북구 운암동,경상사고,0,0,1,0,차대차 - 추돌 - 진행중,안전거리미확보,건조,맑음,교차로 - 교차로부근,승용,여,34세,상해없음,승용,남,45세,경상
2012042200100299,2012년 4월 22일 11시,일요일,광주광역시 북구 신안동,경상사고,0,0,1,0,차대차 - 추돌 - 주정차중,안전운전불이행,건조,맑음,단일로 - 기타,승용,남,62세,상해없음,승용,여,33세,경상
2012042200100300,2012년 4월 22일 11시,일요일,광주광역시 광산구 운수동,경상사고,0,0,1,0,차대차 - 측면직각충돌,안전거리미확보,건조,맑음,단일로 - 기타,건설기계,남,46세,상해없음,승용,남,55세,상해없음
2012042200100338,2012년 4월 22일 13시,일요일,광주광역시 북구 각화동,경상사고,0,0,1,0,차량단독 - 공작물충돌,안전운전불이행,건조,맑음,미분류 - 미분류,승용,남,44세,경상,,,,
2012042200100417,2012년 4월 22일 16시,일요일,광주광역시 서구 치평동,경상사고,0,0,2,0,차대차 - 추돌 - 주정차중,과속,건조,맑음,단일로 - 기타,승용,남,59세,상해없음,승용,여,33세,경상
2012042200100418,2012년 4월 22일 16시,일요일,광주광역시 서구 쌍촌동,경상사고,0,0,2,0,차대차 - 기타,안전운전불이행,건조,흐림,교차로 - 교차로부근,승용,여,21세,상해없음,승용,남,51세,경상
2012042200100444,2012년 4월 22일 17시,일요일,광주광역시 북구 문흥동,경상사고,0,0,2,0,차대차 - 추돌 - 진행중,안전거리미확보,건조,맑음,단일로 - 기타,승용,남,62세,상해없음,승용,남,29세,경상
2012042200100449,2012년 4월 22일 17시,일요일,광주광역시 서구 풍암동,경상사고,0,0,1,0,차대차 - 기타,안전거리미확보,건조,맑음,기타 - 기타,이륜,남,75세,경상,승용,남,37세,상해없음
2012042200100478,2012년 4월 22일 18시,일요일,광주광역시 동구 산수동,경상사고,0,0,1,0,차대차 - 측면직각충돌,안전운전불이행,건조,흐림,교차로 - 교차로안,화물,남,40세,상해없음,이륜,남,20세,경상
2012042200100479,2012년 4월 22일 18시,일요일,광주광역시 북구 풍향동,경상사고,0,0,1,0,차대차 - 추돌 - 진행중,안전운전불이행,건조,맑음,교차로 - 교차로부근,승용,남,55세,상해없음,승용,남,62세,경상
2012042200100480,2012년 4월 22일 18시,일요일,광주광역시 광산구 수완동,경상사고,0,0,2,0,차대차 - 추돌 - 진행중,안전운전불이행,건조,흐림,단일로 - 기타,승용,남,47세,상해없음,승용,남,27세,경상
2012042200100481,2012년 4월 22일 18시,일요일,광주광역시 광산구 쌍암동,경상사고,0,0,1,0,차대사람 - 기타,안전운전불이행,건조,맑음,기타 - 기타,승용,남,34세,상해없음,보행자,남,49세,경상
2012042200100531,2012년 4월 22일 19시,일요일,광주광역시 서구 화정동,경상사고,0,0,1,0,차대차 - 기타,안전운전불이행,건조,맑음,단일로 - 기타,승용,남,47세,상해없음,화물,남,25세,상해없음
2012042200100532,2012년 4월 22일 19시,일요일,광주광역시 서구 유촌동,경상사고,0,0,1,0,차대차 - 기타,안전운전불이행,건조,맑음,단일로 - 기타,승용,여,50세,상해없음,승용,남,42세,경상
2012042200100581,2012년 4월 22일 20시,일요일,광주광역시 북구 운암동,경상사고,0,0,1,0,차대차 - 추돌 - 주정차중,안전운전불이행,건조,맑음,교차로 - 교차로부근,승용,남,57세,상해없음,승용,남,57세,경상
2012042200100582,2012년 4월 22일 20시,일요일,광주광역시 북구 운암동,경상사고,0,0,1,0,차대사람 - 길가장자리구역통행중,안전운전불이행,건조,맑음,단일로 - 횡단보도부근,승용,여,32세,상해없음,보행자,남,54세,경상
2012042200100617,2012년 4월 22일 21시,일요일,광주광역시 광산구 수완동,경상사고,0,0,2,0,차대차 - 측면직각충돌,신호위반,건조,맑음,단일로 - 기타,승용,남,59세,상해없음,승용,남,42세,경상
2012042200100618,2012년 4월 22일 21시,일요일,광주광역시 광산구 송정동,경상사고,0,0,1,0,차대차 - 추돌 - 진행중,안전운전불이행,건조,맑음,교차로 - 교차로부근,화물,남,39세,상해없음,승용,여,26세,경상
2012042200100638,2012년 4월 22일 22시,일요일,광주광역시 북구 용봉동,경상사고,0,0,1,0,차대사람 - 기타,안전운전불이행,건조,맑음,교차로 - 교차로부근,승용,남,53세,상해없음,보행자,남,32세,경상
2012042200100639,2012년 4월 22일 22시,일요일,광주광역시 북구 용봉동,경상사고,0,0,2,0,차대차 - 추돌 - 진행중,신호위반,건조,맑음,교차로 - 교차로안,승용,남,59세,상해없음,승용,남,32세,경상
2012042200100640,2012년 4월 22일 22시,일요일,광주광역시 북구 용봉동,부상신고사고,0,0,0,1,차대차 - 측면직각충돌,안전운전불이행,건조,맑음,단일로 - 기타,승용,남,58세,부상신고,승용,남,37세,상해없음
2012042200100641,2012년 4월 22일 22시,일요일,광주광역시 광산구 신창동,경상사고,0,0,4,0,차대차 - 정면충돌,교차로운행방법위반,건조,흐림,교차로 - 교차로안,승용,남,41세,상해없음,승용,남,42세,경상
2012042200100658,2012년 4월 22일 23시,일요일,광주광역시 서구 금호동,경상사고,0,0,1,0,차대차 - 기타,기타,건조,맑음,단일로 - 기타,승용,남,32세,상해없음,승용,남,40세,상해없음
2012042200100659,2012년 4월 22일 23시,일요일,광주광역시 북구 운암동,경상사고,0,0,1,0,차대차 - 측면직각충돌,안전운전불이행,건조,맑음,교차로 - 교차로안,화물,남,48세,상해없음,승용,여,29세,경상
2012042300100008,2012년 4월 23일 00시,월요일,광주광역시 북구 운암동,경상사고,0,0,3,0,차대차 - 추돌 - 진행중,안전운전불이행,건조,맑음,단일로 - 기타,승용,남,28세,상해없음,승용,남,41세,경상
2012042300100009,2012년 4월 23일 00시,월요일,광주광역시 북구 두암동,중상사고,0,1,0,0,차대사람 - 길가장자리구역통행중,안전운전불이행,건조,맑음,단일로 - 기타,기타불명,기타불명,기타불명,기타불명,보행자,남,49세,중상
2012042300100023,2012년 4월 23일 01시,월요일,광주광역시 서구 금호동,경상사고,0,0,1,0,차대차 - 기타,안전운전불이행,건조,맑음,교차로 - 교차로부근,승용,여,30세,상해없음,승용,남,24세,경상
2012042300100024,2012년 4월 23일 01시,월요일,광주광역시 서구 치평동,중상사고,0,1,1,0,차대차 - 측면직각충돌,교차로운행방법위반,건조,맑음,교차로 - 교차로안,승용,남,22세,상해없음,이륜,남,22세,중상
2012042300100040,2012년 4월 23일 03시,월요일,광주광역시 서구 광천동,경상사고,0,0,2,0,차량단독 - 기타,안전운전불이행,건조,맑음,단일로 - 기타,승용,남,50세,상해없음,,,,
2012042300100095,2012년 4월 23일 07시,월요일,광주광역시 북구 운암동,중상사고,0,1,0,0,차대차 - 측면직각충돌,신호위반,건조,맑음,교차로 - 교차로안,승용,남,31세,상해없음,이륜,남,71세,중상
2012042300100130,2012년 4월 23일 08시,월요일,광주광역시 서구 쌍촌동,경상사고,0,0,2,0,차대차 - 측면직각충돌,교차로운행방법위반,건조,맑음,교차로 - 교차로안,승용,여,39세,상해없음,승용,남,45세,경상
2012042300100180,2012년 4월 23일 10시,월요일,광주광역시 서구 화정동,경상사고,0,0,1,0,차대사람 - 보도통행중,안전운전불이행,건조,맑음,단일로 - 기타,승용,남,56세,상해없음,보행자,남,76세,경상
2012042300100222,2012년 4월 23일 12시,월요일,광주광역시 동구 광산동,경상사고,0,0,1,0,차대사람 - 보도통행중,신호위반,건조,맑음,단일로 - 기타,승용,여,28세,상해없음,보행자,여,57세,경상
2012042300100223,2012년 4월 23일 12시,월요일,광주광역시 동구 계림동,경상사고,0,0,1,0,차대사람 - 차도통행중,안전운전불이행,건조,맑음,교차로 - 교차로부근,승용,여,54세,상해없음,보행자,남,17세,경상
2012042300100224,2012년 4월 23일 12시,월요일,광주광역시 남구 송하동,경상사고,0,0,1,0,차대차 - 측면직각충돌,안전운전불이행,건조,맑음,단일로 - 기타,승용,여,52세,상해없음,원동기,남,64세,경상
2012042300100225,2012년 4월 23일 12시,월요일,광주광역시 북구 중흥동,부상신고사고,0,0,0,1,차대차 - 추돌 - 주정차중,안전거리미확보,건조,맑음,단일로 - 기타,화물,남,40세,상해없음,승용,남,39세,부상신고
2012042300100226,2012년 4월 23일 12시,월요일,광주광역시 광산구 장덕동,경상사고,0,0,1,0,차대차 - 측면직각충돌,안전운전불이행,건조,맑음,교차로 - 교차로부근,이륜,여,22세,경상,화물,남,48세,상해없음
2012042300100253,2012년 4월 23일 13시,월요일,광주광역시 서구 농성동,경상사고,0,0,3,0,차대차 - 측면직각충돌,교차로운행방법위반,건조,맑음,교차로 - 교차로안,승용,남,47세,경상,승용,여,45세,경상
2012042300100254,2012년 4월 23일 13시,월요일,광주광역시 북구 양산동,경상사고,0,0,3,0,차대차 - 추돌 - 주정차중,안전운전불이행,건조,맑음,교차로 - 교차로부근,승용,남,62세,상해없음,승용,남,72세,경상
2012042300100328,2012년 4월 23일 15시,월요일,광주광역시 북구 동림동,중상사고,0,1,0,0,차대차 - 추돌 - 진행중,안전거리미확보,건조,맑음,단일로 - 기타,승용,여,46세,상해없음,화물,남,42세,상해없음
2012042300100330,2012년 4월 23일 15시,월요일,광주광역시 광산구 운남동,중상사고,0,1,0,0,차대사람 - 횡단중,보행자보호의무위반,건조,맑음,교차로 - 교차로부근,승용,여,36세,상해없음,보행자,남,8세,중상
2012042300100356,2012년 4월 23일 16시,월요일,광주광역시 서구 유촌동,중상사고,0,1,0,0,차대차 - 측면직각충돌,신호위반,건조,맑음,교차로 - 교차로안,자전거,남,48세,중상,승용,남,44세,상해없음
2012042300100396,2012년 4월 23일 17시,월요일,광주광역시 서구 풍암동,경상사고,0,0,1,0,차대차 - 측면직각충돌,교차로운행방법위반,건조,맑음,교차로 - 교차로안,승용,남,47세,상해없음,이륜,남,49세,경상
2012042300100435,2012년 4월 23일 18시,월요일,광주광역시 서구 화정동,중상사고,0,1,0,0,차대차 - 측면직각충돌,신호위반,건조,맑음,교차로 - 교차로안,이륜,남,29세,중상,승용,남,44세,상해없음
2012042300100466,2012년 4월 23일 19시,월요일,광주광역시 북구 두암동,경상사고,0,0,1,0,차대차 - 측면직각충돌,안전운전불이행,기타,기타,단일로 - 기타,승용,기타불명,기타불명,기타불명,자전거,남,13세,경상
2012042300100467,2012년 4월 23일 19시,월요일,광주광역시 광산구 우산동,경상사고,0,0,10,0,차대차 - 측면직각충돌,교차로운행방법위반,건조,맑음,교차로 - 교차로부근,승용,남,63세,경상,승합,남,33세,경상
2012042300100502,2012년 4월 23일 20시,월요일,광주광역시 북구 신안동,경상사고,0,0,2,0,차대차 - 측면직각충돌,안전거리미확보,건조,맑음,교차로 - 교차로부근,원동기,남,17세,경상,승용,남,40세,경상
2012042300100546,2012년 4월 23일 21시,월요일,광주광역시 북구 각화동,경상사고,0,0,2,0,차대차 - 추돌 - 주정차중,안전운전불이행,건조,맑음,단일로 - 기타,화물,남,34세,상해없음,승용,여,32세,경상
2012042300100547,2012년 4월 23일 21시,월요일,광주광역시 광산구 신창동,경상사고,0,0,1,0,차대차 - 정면충돌,중앙선침범,건조,맑음,교차로 - 교차로부근,승용,남,27세,상해없음,승용,남,41세,경상
2012042300100573,2012년 4월 23일 22시,월요일,광주광역시 광산구 쌍암동,경상사고,0,0,2,0,차대차 - 추돌 - 진행중,안전거리미확보,건조,맑음,교차로 - 교차로안,화물,남,45세,상해없음,승용,남,45세,경상
2012042300100608,2012년 4월 23일 23시,월요일,광주광역시 북구 양산동,중상사고,0,1,0,0,차대사람 - 횡단중,안전운전불이행,건조,맑음,단일로 - 기타,승용,남,62세,상해없음,보행자,남,54세,중상
2012042400100027,2012년 4월 24일 01시,화요일,광주광역시 서구 유촌동,중상사고,0,1,1,0,차대차 - 정면충돌,중앙선침범,건조,맑음,교차로 - 교차로안,승용,여,27세,경상,승용,여,51세,중상
2012042400100036,2012년 4월 24일 02시,화요일,광주광역시 서구 쌍촌동,경상사고,0,0,1,0,차대사람 - 기타,안전운전불이행,건조,맑음,단일로 - 기타,기타불명,기타불명,기타불명,기타불명,보행자,여,42세,경상
2012042400100108,2012년 4월 24일 07시,화요일,광주광역시 북구 문흥동,경상사고,0,0,1,0,차대사람 - 횡단중,보행자보호의무위반,건조,맑음,교차로 - 교차로부근,승용,여,50세,상해없음,보행자,남,6세,경상
2012042400100145,2012년 4월 24일 08시,화요일,광주광역시 서구 치평동,경상사고,0,0,3,0,차대차 - 기타,차로위반,건조,맑음,기타 - 기타,승용,남,48세,상해없음,승용,남,46세,경상
2012042400100146,2012년 4월 24일 08시,화요일,광주광역시 서구 치평동,경상사고,0,0,1,0,차대차 - 기타,안전거리미확보,건조,맑음,단일로 - 기타,승용,남,44세,상해없음,승용,남,47세,경상
2012042400100147,2012년 4월 24일 08시,화요일,광주광역시 서구 화정동,경상사고,0,0,3,0,차대차 - 측면직각충돌,안전운전불이행,건조,맑음,기타 - 기타,승용,남,28세,경상,이륜,남,23세,경상
2012042400100175,2012년 4월 24일 09시,화요일,광주광역시 동구 운림동,경상사고,0,0,2,0,차대차 - 추돌 - 진행중,중앙선침범,건조,맑음,교차로 - 교차로부근,화물,남,35세,상해없음,승용,남,32세,경상
2012042400100197,2012년 4월 24일 10시,화요일,광주광역시 북구 두암동,경상사고,0,0,1,0,차대차 - 추돌 - 주정차중,안전운전불이행,건조,맑음,단일로 - 기타,화물,남,51세,상해없음,승용,남,64세,경상
2012042400100224,2012년 4월 24일 11시,화요일,광주광역시 남구 주월동,경상사고,0,0,1,0,차대차 - 추돌 - 주정차중,안전운전불이행,건조,맑음,교차로 - 교차로부근,화물,남,68세,상해없음,이륜,남,50세,경상
2012042400100225,2012년 4월 24일 11시,화요일,광주광역시 광산구 신가동,경상사고,0,0,1,0,차대사람 - 횡단중,보행자보호의무위반,건조,맑음,교차로 - 교차로부근,승용,남,62세,상해없음,보행자,남,54세,경상
2012042400100248,2012년 4월 24일 12시,화요일,광주광역시 동구 학동,중상사고,0,1,4,0,차대차 - 측면직각충돌,신호위반,건조,맑음,교차로 - 교차로안,승용,남,69세,상해없음,승용,남,53세,경상
2012042400100249,2012년 4월 24일 12시,화요일,광주광역시 남구 진월동,중상사고,0,1,0,0,차대차 - 기타,안전운전불이행,건조,맑음,교차로 - 교차로부근,승용,여,22세,상해없음,원동기,남,28세,중상