사고번호,사고일시,요일,시군구,사고내용,사망자수,중상자수,경상자수,부상신고자수,사고유형,법규위반,노면상태,기상상태,도로형태,가해운전자 차종,가해운전자 성별,가해운전자 연령,가해운전자 상해정도,피해운전자 차종,피해운전자 성별,피해운전자 연령,피해운전자 상해정도
2012050800100095,2012년 5월 8일 07시,화요일,광주광역시 서구 치평동,경상사고,0,0,1,0,차대차 - 기타,신호위반,건조,맑음,교차로 - 교차로안,기타불명,기타불명,기타불명,기타불명,승합,남,48세,상해없음
2012050800100133,2012년 5월 8일 08시,화요일,광주광역시 서구 쌍촌동,경상사고,0,0,1,0,차대사람 - 횡단중,안전운전불이행,건조,맑음,교차로 - 교차로부근,승용,기타불명,기타불명,기타불명,보행자,여,13세,경상
2012050800100134,2012년 5월 8일 08시,화요일,광주광역시 광산구 하남동,경상사고,0,0,1,0,차대차 - 측면직각충돌,안전거리미확보,건조,맑음,단일로 - 기타,화물,남,54세,상해없음,승용,남,35세,경상
2012050800100135,2012년 5월 8일 08시,화요일,광주광역시 광산구 장덕동,경상사고,0,0,1,0,차대차 - 측면직각충돌,신호위반,건조,맑음,교차로 - 교차로부근,승용,남,27세,상해없음,자전거,남,26세,경상
2012050800100163,2012년 5월 8일 09시,화요일,광주광역시 동구 학동,경상사고,0,0,1,0,차대사람 - 길가장자리구역통행중,안전운전불이행,건조,맑음,단일로 - 기타,화물,남,19세,상해없음,보행자,여,50세,경상
2012050800100194,2012년 5월 8일 10시,화요일,광주광역시 광산구 신창동,경상사고,0,0,4,0,차대차 - 추돌 - 주정차중,안전운전불이행,건조,맑음,교차로 - 교차로부근,승용,여,42세,경상,승용,남,48세,경상
2012050800100335,2012년 5월 8일 15시,화요일,광주광역시 서구 쌍촌동,경상사고,0,0,1,0,차대차 - 추돌 - 진행중,안전거리미확보,건조,맑음,교차로 - 교차로부근,화물,남,24세,상해없음,승용,여,47세,경상
2012050800100336,2012년 5월 8일 15시,화요일,광주광역시 서구 쌍촌동,경상사고,0,0,1,0,차대차 - 추돌 - 주정차중,안전운전불이행,건조,맑음,단일로 - 기타,승용,여,28세,상해없음,승용,남,37세,경상
2012050800100337,2012년 5월 8일 15시,화요일,광주광역시 북구 신용동,경상사고,0,0,1,0,차대차 - 측면직각충돌,신호위반,건조,맑음,교차로 - 교차로안,승용,남,60세,상해없음,승용,여,22세,경상
2012050800100338,2012년 5월 8일 15시,화요일,광주광역시 북구 풍향동,경상사고,0,0,1,0,차대차 - 측면직각충돌,교차로운행방법위반,건조,맑음,교차로 - 교차로안,승용,남,54세,상해없음,승용,남,26세,경상
2012050800100379,2012년 5월 8일 16시,화요일,광주광역시 남구 봉선동,경상사고,0,0,1,0,차대차 - 측면직각충돌,신호위반,건조,맑음,교차로 - 교차로안,승용,여,44세,상해없음,승용,여,51세,경상
2012050800100419,2012년 5월 8일 17시,화요일,광주광역시 서구 풍암동,경상사고,0,0,1,0,차대차 - 기타,안전운전불이행,건조,맑음,교차로 - 교차로부근,자전거,남,51세,경상,승용,여,31세,상해없음
2012050800100420,2012년 5월 8일 17시,화요일,광주광역시 북구 두암동,경상사고,0,0,1,0,차대사람 - 길가장자리구역통행중,안전운전불이행,건조,맑음,단일로 - 횡단보도부근,승용,남,31세,상해없음,보행자,남,56세,경상
2012050800100463,2012년 5월 8일 18시,화요일,광주광역시 북구 동림동,경상사고,0,0,3,0,차대차 - 추돌 - 주정차중,안전거리미확보,건조,맑음,단일로 - 기타,승용,여,43세,상해없음,승용,남,47세,경상
2012050800100464,2012년 5월 8일 18시,화요일,광주광역시 북구 용두동,경상사고,0,0,2,0,차대차 - 측면직각충돌,신호위반,건조,맑음,교차로 - 교차로안,승용,남,23세,경상,승용,남,25세,경상
2012050800100465,2012년 5월 8일 18시,화요일,광주광역시 북구 동림동,경상사고,0,0,1,0,차대차 - 추돌 - 진행중,안전운전불이행,건조,맑음,단일로 - 기타,화물,남,20세,상해없음,승용,남,28세,경상
2012050800100498,2012년 5월 8일 19시,화요일,광주광역시 북구 오치동,경상사고,0,0,1,0,차대사람 - 횡단중,안전운전불이행,건조,맑음,교차로 - 교차로부근,승용,남,50세,상해없음,보행자,여,10세,경상
2012050800100546,2012년 5월 8일 20시,화요일,광주광역시 서구 치평동,중상사고,0,4,1,0,차대차 - 측면직각충돌,교차로운행방법위반,건조,맑음,교차로 - 교차로안,승용,남,57세,경상,승용,남,54세,중상
2012050800100547,2012년 5월 8일 20시,화요일,광주광역시 남구 진월동,중상사고,0,1,0,0,차대사람 - 횡단중,신호위반,건조,맑음,단일로 - 기타,승용,여,29세,상해없음,보행자,여,11세,중상
2012050800100548,2012년 5월 8일 20시,화요일,광주광역시 북구 임동,경상사고,0,0,1,0,차대차 - 기타,안전운전불이행,건조,맑음,단일로 - 기타,이륜,남,23세,상해없음,자전거,여,55세,경상
2012050800100591,2012년 5월 8일 21시,화요일,광주광역시 북구 문흥동,경상사고,0,0,1,0,차대차 - 기타,안전운전불이행,건조,맑음,교차로 - 교차로부근,승용,남,28세,상해없음,원동기,남,59세,경상
2012050800100592,2012년 5월 8일 21시,화요일,광주광역시 광산구 수완동,중상사고,0,1,0,0,차대차 - 측면직각충돌,안전거리미확보,건조,맑음,교차로 - 교차로부근,승용,남,24세,상해없음,원동기,남,26세,중상
2012050800100622,2012년 5월 8일 22시,화요일,광주광역시 광산구 운남동,경상사고,0,0,1,0,차대차 - 측면직각충돌,안전거리미확보,건조,맑음,단일로 - 기타,승용,남,35세,상해없음,이륜,남,17세,경상
2012050900100031,2012년 5월 9일 02시,수요일,광주광역시 북구 용봉동,중상사고,0,1,0,0,차대사람 - 횡단중,안전운전불이행,기타,기타,단일로 - 기타,승용,남,39세,상해없음,보행자,여,53세,중상
2012050900100040,2012년 5월 9일 03시,수요일,광주광역시 남구 봉선동,경상사고,0,0,1,0,차대차 - 기타,안전운전불이행,건조,맑음,단일로 - 기타,기타불명,기타불명,기타불명,기타불명,기타불명,남,71세,경상
2012050900100223,2012년 5월 9일 11시,수요일,광주광역시 남구 봉선동,경상사고,0,0,1,0,차대차 - 기타,안전운전불이행,건조,맑음,단일로 - 기타,승합,남,52세,상해없음,화물,남,39세,경상
2012050900100258,2012년 5월 9일 12시,수요일,광주광역시 동구 학동,경상사고,0,0,1,0,차대사람 - 기타,안전운전불이행,건조,맑음,단일로 - 기타,승용,여,41세,상해없음,보행자,남,60세,경상
2012050900100259,2012년 5월 9일 12시,수요일,광주광역시 서구 화정동,경상사고,0,0,1,0,차대차 - 기타,기타,건조,맑음,단일로 - 기타,승용,남,52세,상해없음,자전거,여,43세,경상
2012050900100309,2012년 5월 9일 14시,수요일,광주광역시 남구 주월동,경상사고,0,0,1,0,차대차 - 측면직각충돌,안전거리미확보,건조,맑음,단일로 - 기타,화물,남,37세,상해없음,승용,남,30세,경상
2012050900100347,2012년 5월 9일 15시,수요일,광주광역시 북구 풍향동,중상사고,0,1,0,0,차대사람 - 차도통행중,안전운전불이행,건조,맑음,단일로 - 기타,승용,여,38세,상해없음,보행자,남,33세,중상
2012050900100348,2012년 5월 9일 15시,수요일,광주광역시 북구 월출동,중상사고,0,2,0,0,차량단독 - 공작물충돌,안전운전불이행,건조,맑음,기타 - 기타,승용,여,38세,중상,,,,
2012050900100377,2012년 5월 9일 16시,수요일,광주광역시 광산구 월곡동,경상사고,0,0,1,0,차대사람 - 차도통행중,안전운전불이행,건조,맑음,단일로 - 기타,승용,여,52세,상해없음,보행자,여,8세,경상
2012050900100478,2012년 5월 9일 19시,수요일,광주광역시 서구 쌍촌동,경상사고,0,0,2,0,차대차 - 기타,안전거리미확보,건조,맑음,단일로 - 기타,승용,남,40세,상해없음,화물,남,46세,경상
2012050900100479,2012년 5월 9일 19시,수요일,광주광역시 서구 화정동,경상사고,0,0,2,0,차대차 - 추돌 - 진행중,안전운전불이행,건조,맑음,단일로 - 기타,원동기,남,16세,상해없음,승용,남,36세,경상
2012050900100480,2012년 5월 9일 19시,수요일,광주광역시 북구 용봉동,경상사고,0,0,1,0,차대차 - 측면직각충돌,안전거리미확보,기타,기타,단일로 - 기타,승용,남,27세,상해없음,승용,남,58세,경상
2012050900100481,2012년 5월 9일 19시,수요일,광주광역시 광산구 장록동,경상사고,0,0,1,0,차대차 - 기타,안전운전불이행,건조,맑음,단일로 - 횡단보도상,건설기계,남,60세,기타불명,자전거,여,36세,경상
2012050900100482,2012년 5월 9일 19시,수요일,광주광역시 광산구 송정동,경상사고,0,0,1,0,차대차 - 측면직각충돌,안전운전불이행,건조,맑음,단일로 - 횡단보도상,승용,기타불명,기타불명,기타불명,자전거,남,14세,경상
2012050900100531,2012년 5월 9일 20시,수요일,광주광역시 북구 임동,경상사고,0,0,2,0,차대차 - 측면직각충돌,안전거리미확보,건조,맑음,단일로 - 기타,승용,남,59세,상해없음,승용,여,24세,경상
2012050900100572,2012년 5월 9일 21시,수요일,광주광역시 남구 백운동,경상사고,0,0,1,0,차대차 - 추돌 - 주정차중,안전운전불이행,건조,맑음,단일로 - 기타,승용,남,45세,기타불명,승용,남,32세,경상
2012050900100601,2012년 5월 9일 22시,수요일,광주광역시 남구 주월동,중상사고,0,1,0,0,차대차 - 기타,안전거리미확보,건조,맑음,단일로 - 기타,승용,남,35세,상해없음,원동기,남,19세,중상
2012050900100602,2012년 5월 9일 22시,수요일,광주광역시 광산구 쌍암동,경상사고,0,0,1,0,차량단독 - 공작물충돌,안전운전불이행,건조,맑음,교차로 - 교차로안,승용,여,40세,경상,,,,
2012050900100611,2012년 5월 9일 23시,수요일,광주광역시 남구 방림동,경상사고,0,0,2,0,차대차 - 기타,신호위반,건조,맑음,교차로 - 교차로안,승용,남,36세,상해없음,승용,남,35세,경상
2012051000100079,2012년 5월 10일 04시,목요일,광주광역시 동구 산수동,경상사고,0,0,1,0,차대차 - 측면직각충돌,안전운전불이행,건조,맑음,교차로 - 교차로부근,승용,남,36세,상해없음,승용,남,29세,경상
2012051000100080,2012년 5월 10일 04시,목요일,광주광역시 서구 치평동,중상사고,0,1,1,0,차대차 - 추돌 - 주정차중,안전운전불이행,건조,맑음,단일로 - 기타,승용,남,25세,상해없음,승용,남,29세,중상
2012051000100081,2012년 5월 10일 04시,목요일,광주광역시 북구 용봉동,경상사고,0,0,2,0,차대사람 - 기타,안전운전불이행,건조,맑음,단일로 - 기타,승용,여,22세,상해없음,보행자,여,24세,경상
2012051000100082,2012년 5월 10일 04시,목요일,광주광역시 북구 용봉동,중상사고,0,2,0,0,차대차 - 기타,안전운전불이행,건조,맑음,단일로 - 기타,승용,남,60세,중상,화물,여,57세,상해없음
2012051000100104,2012년 5월 10일 06시,목요일,광주광역시 북구 오치동,경상사고,0,0,2,0,차대차 - 추돌 - 주정차중,안전운전불이행,건조,맑음,교차로 - 교차로부근,승용,남,63세,상해없음,승용,남,51세,경상
2012051000100132,2012년 5월 10일 07시,목요일,광주광역시 광산구 송정동,중상사고,0,1,0,0,차대차 - 기타,기타,건조,맑음,교차로 - 교차로안,자전거,여,49세,중상,기타불명,미분류,기타불명,기타불명
2012051000100175,2012년 5월 10일 08시,목요일,광주광역시 동구 계림동,중상사고,0,1,2,0,차대차 - 추돌 - 진행중,안전거리미확보,건조,맑음,단일로 - 기타,승용,남,32세,상해없음,원동기,남,44세,중상
2012051000100176,2012년 5월 10일 08시,목요일,광주광역시 북구 용봉동,중상사고,0,1,0,0,차대사람 - 횡단중,안전운전불이행,건조,맑음,단일로 - 기타,승용,남,68세,상해없음,보행자,남,22세,중상
2012051000100208,2012년 5월 10일 09시,목요일,광주광역시 북구 중흥동,경상사고,0,0,1,0,차대차 - 측면직각충돌,교차로운행방법위반,건조,맑음,교차로 - 교차로안,승용,남,34세,상해없음,승용,여,49세,경상
2012051000100287,2012년 5월 10일 12시,목요일,광주광역시 동구 소태동,경상사고,0,0,4,0,차대차 - 추돌 - 진행중,안전거리미확보,건조,맑음,단일로 - 기타,승용,남,65세,기타불명,승용,남,51세,상해없음
2012051000100338,2012년 5월 10일 14시,목요일,광주광역시 서구 화정동,경상사고,0,0,1,0,차대사람 - 차도통행중,안전운전불이행,건조,맑음,단일로 - 기타,승용,여,43세,상해없음,보행자,남,18세,경상
2012051000100374,2012년 5월 10일 15시,목요일,광주광역시 북구 양산동,경상사고,0,0,1,0,차대차 - 추돌 - 주정차중,안전거리미확보,건조,맑음,교차로 - 교차로부근,화물,남,42세,상해없음,승용,남,74세,경상
2012051000100375,2012년 5월 10일 15시,목요일,광주광역시 북구 임동,경상사고,0,0,1,0,차대사람 - 횡단중,신호위반,건조,맑음,단일로 - 횡단보도상,승용,여,58세,상해없음,보행자,남,10세,경상
2012051000100376,2012년 5월 10일 15시,목요일,광주광역시 광산구 안청동,경상사고,0,0,2,0,차대차 - 측면직각충돌,안전거리미확보,건조,맑음,교차로 - 교차로부근,건설기계,남,54세,상해없음,승용,남,30세,경상
2012051000100447,2012년 5월 10일 17시,목요일,광주광역시 동구 계림동,경상사고,0,0,2,0,차대차 - 측면직각충돌,안전거리미확보,건조,기타,교차로 - 교차로부근,승용,남,51세,상해없음,승용,남,32세,경상
2012051000100448,2012년 5월 10일 17시,목요일,광주광역시 남구 봉선동,경상사고,0,0,1,0,차대사람 - 횡단중,보행자보호의무위반,건조,맑음,교차로 - 교차로부근,기타불명,기타불명,기타불명,기타불명,보행자,남,12세,경상
2012051000100487,2012년 5월 10일 18시,목요일,광주광역시 광산구 우산동,경상사고,0,0,1,0,차대차 - 측면직각충돌,교차로운행방법위반,건조,맑음,교차로 - 교차로안,화물,남,48세,상해없음,자전거,여,12세,경상
2012051000100590,2012년 5월 10일 21시,목요일,광주광역시 동구 황금동,중상사고,0,1,0,0,차대사람 - 차도통행중,안전운전불이행,건조,맑음,단일로 - 기타,승용,남,53세,상해없음,보행자,여,16세,중상
2012051000100621,2012년 5월 10일 22시,목요일,광주광역시 북구 용봉동,중상사고,0,1,1,0,차대차 - 기타,안전운전불이행,건조,맑음,단일로 - 기타,승용,여,50세,경상,원동기,남,26세,중상
2012051000100654,2012년 5월 10일 23시,목요일,광주광역시 북구 풍향동,경상사고,0,0,2,0,차대차 - 추돌 - 진행중,안전운전불이행,건조,맑음,단일로 - 기타,화물,남,39세,상해없음,승용,남,40세,경상
2012051100100022,2012년 5월 11일 00시,금요일,광주광역시 광산구 월곡동,부상신고사고,0,0,0,1,차대차 - 측면직각충돌,안전거리미확보,건조,맑음,단일로 - 기타,이륜,남,18세,부상신고,승용,남,21세,상해없음
2012051100100065,2012년 5월 11일 02시,금요일,광주광역시 북구 오치동,경상사고,0,0,1,1,차대차 - 기타,신호위반,건조,맑음,교차로 - 교차로안,승용,남,24세,상해없음,승용,남,62세,경상
2012051100100079,2012년 5월 11일 03시,금요일,광주광역시 북구 운암동,경상사고,0,0,3,0,차대차 - 측면직각충돌,교차로운행방법위반,건조,맑음,교차로 - 교차로안,승용,기타불명,기타불명,기타불명,승용,남,30세,경상
2012051100100095,2012년 5월 11일 05시,금요일,광주광역시 북구 일곡동,부상신고사고,0,0,0,1,차대차 - 측면직각충돌,중앙선침범,기타,기타,단일로 - 기타,승용,기타불명,기타불명,기타불명,승합,남,46세,부상신고
2012051100100096,2012년 5월 11일 05시,금요일,광주광역시 북구 중흥동,경상사고,0,0,2,0,차대차 - 측면직각충돌,신호위반,건조,맑음,교차로 - 교차로안,승용,남,30세,상해없음,승용,남,24세,경상
2012051100100113,2012년 5월 11일 06시,금요일,광주광역시 남구 월산동,경상사고,0,0,1,0,차대차 - 측면직각충돌,차로위반,건조,맑음,단일로 - 기타,승용,남,35세,상해없음,승용,남,36세,경상
2012051100100138,2012년 5월 11일 07시,금요일,광주광역시 남구 지석동,경상사고,0,0,1,0,차대차 - 측면직각충돌,안전운전불이행,건조,맑음,단일로 - 기타,승용,남,42세,상해없음,화물,남,33세,경상
2012051100100173,2012년 5월 11일 08시,금요일,광주광역시 동구 선교동,중상사고,0,1,0,0,차대차 - 기타,안전운전불이행,건조,흐림,단일로 - 기타,건설기계,남,58세,상해없음,자전거,남,64세,중상
2012051100100174,2012년 5월 11일 08시,금요일,광주광역시 북구 운암동,중상사고,0,1,0,0,차대차 - 측면직각충돌,교차로운행방법위반,건조,맑음,교차로 - 교차로안,승용,남,76세,상해없음,자전거,남,17세,중상
2012051100100207,2012년 5월 11일 09시,금요일,광주광역시 서구 치평동,경상사고,0,0,1,0,차대차 - 추돌 - 주정차중,안전운전불이행,건조,맑음,교차로 - 교차로부근,승용,남,49세,상해없음,화물,남,58세,상해없음
2012051100100208,2012년 5월 11일 09시,금요일,광주광역시 남구 주월동,경상사고,0,0,1,0,차대차 - 측면직각충돌,안전운전불이행,건조,맑음,단일로 - 기타,원동기,여,24세,경상,기타불명,미분류,기타불명,기타불명
2012051100100220,2012년 5월 11일 10시,금요일,광주광역시 서구 양동,경상사고,0,0,1,0,차대차 - 측면직각충돌,중앙선침범,건조,맑음,단일로 - 기타,원동기,남,17세,상해없음,화물,남,33세,상해없음
2012051100100246,2012년 5월 11일 11시,금요일,광주광역시 동구 산수동,경상사고,0,0,1,0,차대사람 - 차도통행중,안전운전불이행,건조,맑음,단일로 - 기타,승용,남,51세,상해없음,보행자,여,61세,경상
2012051100100275,2012년 5월 11일 12시,금요일,광주광역시 남구 송하동,경상사고,0,0,1,0,차대차 - 측면직각충돌,안전운전불이행,건조,맑음,단일로 - 기타,승용,여,51세,상해없음,이륜,남,64세,경상
2012051100100276,2012년 5월 11일 12시,금요일,광주광역시 북구 풍향동,경상사고,0,0,1,0,차량단독 - 기타,안전운전불이행,건조,맑음,단일로 - 기타,승합,남,54세,상해없음,,,,
2012051100100310,2012년 5월 11일 13시,금요일,광주광역시 동구 학동,경상사고,0,0,2,0,차대차 - 추돌 - 진행중,안전거리미확보,건조,흐림,단일로 - 기타,승용,여,60세,상해없음,승합,남,52세,상해없음
2012051100100449,2012년 5월 11일 17시,금요일,광주광역시 동구 호남동,경상사고,0,0,6,0,차대차 - 측면직각충돌,안전운전불이행,건조,맑음,교차로 - 교차로안,승용,남,62세,경상,승용,여,34세,경상
2012051100100450,2012년 5월 11일 17시,금요일,광주광역시 광산구 운수동,경상사고,0,0,1,0,차대차 - 추돌 - 진행중,안전운전불이행,건조,맑음,교차로 - 교차로부근,승합,남,20세,상해없음,승용,남,60세,경상
2012051100100451,2012년 5월 11일 17시,금요일,광주광역시 광산구 운남동,중상사고,0,1,0,0,차대차 - 기타,안전운전불이행,건조,맑음,교차로 - 교차로안,승용,여,26세,상해없음,이륜,남,30세,중상
2012051100100484,2012년 5월 11일 18시,금요일,광주광역시 동구 지산동,중상사고,0,1,0,0,차대사람 - 차도통행중,안전운전불이행,건조,맑음,교차로 - 교차로부근,승용,여,33세,상해없음,보행자,여,35세,중상
2012051100100485,2012년 5월 11일 18시,금요일,광주광역시 동구 금남로1가,경상사고,0,0,1,0,차대차 - 추돌 - 주정차중,안전운전불이행,건조,맑음,교차로 - 교차로부근,승용,남,71세,상해없음,이륜,남,42세,경상
2012051100100486,2012년 5월 11일 18시,금요일,광주광역시 북구 우산동,경상사고,0,0,1,0,차대차 - 기타,안전운전불이행,건조,맑음,교차로 - 교차로안,화물,남,61세,상해없음,자전거,여,21세,경상
2012051100100531,2012년 5월 11일 19시,금요일,광주광역시 서구 매월동,중상사고,0,3,7,0,차대차 - 기타,안전운전불이행,건조,맑음,교차로 - 교차로안,승용,남,56세,경상,승용,남,33세,경상
2012051100100532,2012년 5월 11일 19시,금요일,광주광역시 광산구 오선동,경상사고,0,0,1,0,차대차 - 측면직각충돌,교차로운행방법위반,건조,맑음,교차로 - 교차로안,승용,남,39세,경상,승용,남,33세,상해없음
2012051100100533,2012년 5월 11일 19시,금요일,광주광역시 광산구 송정동,중상사고,0,1,0,0,차대차 - 측면직각충돌,직진우회전진행방해,건조,맑음,교차로 - 교차로안,승용,남,29세,상해없음,자전거,남,70세,중상
2012051100100534,2012년 5월 11일 19시,금요일,광주광역시 광산구 운수동,경상사고,0,0,1,0,차대차 - 추돌 - 진행중,안전거리미확보,습기,비,단일로 - 기타,승용,여,46세,상해없음,승용,남,32세,경상
2012051100100565,2012년 5월 11일 20시,금요일,광주광역시 남구 방림동,경상사고,0,0,1,0,차대차 - 측면직각충돌,신호위반,건조,맑음,교차로 - 교차로안,승용,남,51세,상해없음,승용,여,22세,경상
2012051100100566,2012년 5월 11일 20시,금요일,광주광역시 북구 오치동,경상사고,0,0,1,0,차대사람 - 기타,안전운전불이행,건조,맑음,단일로 - 기타,승용,남,32세,상해없음,보행자,여,54세,경상
2012051100100599,2012년 5월 11일 21시,금요일,광주광역시 동구 금남로1가,경상사고,0,0,1,0,차대사람 - 기타,안전운전불이행,건조,맑음,단일로 - 기타,승합,남,45세,상해없음,보행자,남,71세,경상
2012051100100600,2012년 5월 11일 21시,금요일,광주광역시 북구 임동,중상사고,0,1,3,1,차대차 - 측면직각충돌,신호위반,건조,맑음,교차로 - 교차로안,승합,남,56세,중상,승용,여,31세,경상
2012051100100601,2012년 5월 11일 21시,금요일,광주광역시 북구 신용동,경상사고,0,0,2,0,차량단독 - 기타,안전운전불이행,건조,맑음,단일로 - 기타,이륜,남,25세,경상,,,,
2012051100100602,2012년 5월 11일 21시,금요일,광주광역시 광산구 신가동,부상신고사고,0,0,0,1,차대차 - 측면직각충돌,중앙선침범,건조,맑음,교차로 - 교차로안,기타불명,기타불명,기타불명,기타불명,승용,남,40세,부상신고
2012051100100641,2012년 5월 11일 22시,금요일,광주광역시 서구 치평동,경상사고,0,0,4,0,차대차 - 측면직각충돌,안전운전불이행,건조,맑음,단일로 - 기타,승용,남,24세,상해없음,승용,남,36세,경상
2012051100100642,2012년 5월 11일 22시,금요일,광주광역시 북구 양산동,경상사고,0,0,2,0,차대차 - 측면직각충돌,신호위반,건조,맑음,교차로 - 교차로안,승용,남,41세,상해없음,승용,남,37세,경상
2012051100100643,2012년 5월 11일 22시,금요일,광주광역시 광산구 월계동,중상사고,0,1,0,0,차대차 - 추돌 - 진행중,안전운전불이행,건조,맑음,단일로 - 기타,승용,남,47세,상해없음,자전거,여,33세,중상
2012051100100678,2012년 5월 11일 23시,금요일,광주광역시 북구 양산동,경상사고,0,0,1,0,차대차 - 측면직각충돌,중앙선침범,건조,맑음,단일로 - 기타,승용,남,26세,상해없음,원동기,남,17세,경상
2012051100100679,2012년 5월 11일 23시,금요일,광주광역시 광산구 도산동,경상사고,0,0,2,0,차대차 - 추돌 - 진행중,중앙선침범,건조,맑음,단일로 - 기타,화물,남,54세,경상,승용,남,34세,경상
2012051100100680,2012년 5월 11일 23시,금요일,광주광역시 광산구 신촌동,중상사고,0,1,0,0,차대차 - 측면직각충돌,안전운전불이행,건조,맑음,단일로 - 기타,이륜,기타불명,기타불명,기타불명,자전거,남,35세,중상
2012051200100025,2012년 5월 12일 00시,토요일,광주광역시 광산구 신가동,중상사고,0,1,0,0,차대차 - 추돌 - 진행중,안전운전불이행,건조,맑음,교차로 - 교차로안,자전거,남,16세,중상,승용,남,32세,상해없음
2012051200100048,2012년 5월 12일 01시,토요일,광주광역시 북구 오치동,경상사고,0,0,1,0,차대차 - 추돌 - 주정차중,안전운전불이행,건조,맑음,교차로 - 교차로부근,승용,남,28세,상해없음,승용,남,28세,경상
2012051200100070,2012년 5월 12일 02시,토요일,광주광역시 서구 치평동,중상사고,0,1,1,0,차대차 - 기타,신호위반,건조,맑음,교차로 - 교차로안,승용,남,61세,중상,승용,남,44세,경상
2012051200100089,2012년 5월 12일 03시,토요일,광주광역시 북구 중흥동,경상사고,0,0,2,0,차대차 - 측면직각충돌,교차로운행방법위반,건조,맑음,교차로 - 교차로안,승용,남,31세,상해없음,승용,남,32세,경상
2012051200100108,2012년 5월 12일 04시,토요일,광주광역시 동구 황금동,경상사고,0,0,4,0,차대사람 - 길가장자리구역통행중,안전운전불이행,건조,흐림,교차로 - 교차로안,승용,여,19세,상해없음,보행자,여,19세,경상
2012051200100126,2012년 5월 12일 05시,토요일,광주광역시 서구 화정동,경상사고,0,0,1,0,차대차 - 측면직각충돌,안전운전불이행,건조,맑음,단일로 - 기타,승용,남,29세,경상,승용,남,28세,기타불명
2012051200100127,2012년 5월 12일 05시,토요일,광주광역시 북구 북동,경상사고,0,0,2,0,차대차 - 측면직각충돌,안전운전불이행,건조,맑음,단일로 - 기타,승용,남,41세,상해없음,승용,남,25세,경상
2012051200100148,2012년 5월 12일 06시,토요일,광주광역시 서구 풍암동,중상사고,0,1,2,0,차량단독 - 공작물충돌,과속,건조,맑음,단일로 - 기타,승용,남,21세,경상,,,,
2012051200100167,2012년 5월 12일 07시,토요일,광주광역시 광산구 우산동,경상사고,0,0,1,0,차대차 - 측면직각충돌,안전거리미확보,건조,맑음,미분류 - 미분류,승용,남,49세,상해없음,승용,여,41세,경상
2012051200100188,2012년 5월 12일 08시,토요일,광주광역시 동구 대인동,경상사고,0,0,2,0,차대차 - 측면직각충돌,신호위반,건조,맑음,교차로 - 교차로안,이륜,남,46세,경상,승용,남,51세,경상
2012051200100246,2012년 5월 12일 10시,토요일,광주광역시 서구 치평동,경상사고,0,0,2,0,차대차 - 측면직각충돌,안전거리미확보,건조,맑음,단일로 - 기타,승용,남,62세,상해없음,승용,남,30세,경상
2012051200100415,2012년 5월 12일 15시,토요일,광주광역시 북구 풍향동,경상사고,0,0,4,0,차대차 - 측면직각충돌,신호위반,건조,맑음,교차로 - 교차로안,승용,남,18세,상해없음,승용,여,46세,경상
2012051200100416,2012년 5월 12일 15시,토요일,광주광역시 광산구 수완동,경상사고,0,0,1,0,차대차 - 측면직각충돌,신호위반,건조,맑음,교차로 - 교차로안,승용,남,33세,상해없음,승용,여,45세,경상
2012051200100450,2012년 5월 12일 16시,토요일,광주광역시 서구 농성동,경상사고,0,0,1,0,차대차 - 기타,안전운전불이행,건조,맑음,단일로 - 기타,승용,남,37세,상해없음,자전거,남,11세,경상
2012051200100451,2012년 5월 12일 16시,토요일,광주광역시 광산구 운남동,경상사고,0,0,1,0,차대차 - 측면직각충돌,교차로운행방법위반,건조,맑음,교차로 - 교차로안,승용,여,62세,상해없음,이륜,남,19세,경상
2012051200100525,2012년 5월 12일 18시,토요일,광주광역시 서구 매월동,경상사고,0,0,1,0,차대차 - 기타,안전거리미확보,건조,맑음,교차로 - 교차로안,승용,남,35세,상해없음,승용,남,51세,경상
2012051200100526,2012년 5월 12일 18시,토요일,광주광역시 북구 두암동,경상사고,0,0,3,0,차대차 - 정면충돌,중앙선침범,건조,맑음,단일로 - 기타,승용,남,62세,경상,승용,남,31세,경상
2012051200100606,2012년 5월 12일 20시,토요일,광주광역시 광산구 신촌동,경상사고,0,0,1,0,차대차 - 추돌 - 주정차중,안전운전불이행,건조,맑음,단일로 - 기타,이륜,남,63세,경상,승용,남,54세,상해없음
2012051200100640,2012년 5월 12일 21시,토요일,광주광역시 북구 신안동,경상사고,0,0,1,0,차대차 - 기타,안전거리미확보,건조,맑음,단일로 - 기타,승용,여,43세,상해없음,이륜,남,17세,경상
2012051200100641,2012년 5월 12일 21시,토요일,광주광역시 광산구 신가동,경상사고,0,0,6,0,차대차 - 측면직각충돌,안전거리미확보,건조,맑음,단일로 - 기타,승용,남,18세,기타불명,승용,남,24세,경상
2012051200100670,2012년 5월 12일 22시,토요일,광주광역시 서구 매월동,경상사고,0,0,3,0,차대차 - 추돌 - 주정차중,안전운전불이행,건조,맑음,교차로 - 교차로부근,승용,남,54세,상해없음,승용,남,49세,경상