사고번호,사고일시,요일,시군구,사고내용,사망자수,중상자수,경상자수,부상신고자수,사고유형,법규위반,노면상태,기상상태,도로형태,가해운전자 차종,가해운전자 성별,가해운전자 연령,가해운전자 상해정도,피해운전자 차종,피해운전자 성별,피해운전자 연령,피해운전자 상해정도
2012051200100671,2012년 5월 12일 22시,토요일,광주광역시 북구 두암동,경상사고,0,0,1,0,차대차 - 추돌 - 진행중,안전운전불이행,건조,맑음,교차로 - 교차로부근,승용,남,42세,상해없음,승용,남,60세,상해없음
2012051200100704,2012년 5월 12일 23시,토요일,광주광역시 북구 오치동,중상사고,0,1,0,0,차대사람 - 차도통행중,안전운전불이행,건조,맑음,단일로 - 기타,화물,남,46세,상해없음,보행자,남,59세,중상
2012051200100705,2012년 5월 12일 23시,토요일,광주광역시 광산구 송정동,경상사고,0,0,2,0,차대차 - 측면직각충돌,안전운전불이행,건조,맑음,교차로 - 교차로안,승용,여,30세,경상,승용,남,25세,경상
2012051300100023,2012년 5월 13일 00시,일요일,광주광역시 동구 계림동,중상사고,0,1,0,0,차대사람 - 횡단중,안전운전불이행,건조,맑음,단일로 - 기타,승용,남,46세,상해없음,보행자,남,43세,중상
2012051300100024,2012년 5월 13일 00시,일요일,광주광역시 남구 방림동,중상사고,0,1,2,0,차대차 - 기타,교차로운행방법위반,건조,맑음,교차로 - 교차로안,승용,남,57세,상해없음,승용,남,29세,중상
2012051300100041,2012년 5월 13일 01시,일요일,광주광역시 북구 문흥동,중상사고,0,1,4,0,차대차 - 기타,중앙선침범,건조,맑음,단일로 - 기타,승용,남,34세,상해없음,승용,남,26세,경상
2012051300100047,2012년 5월 13일 01시,일요일,광주광역시 동구 지산동,중상사고,0,1,0,0,차대차 - 측면직각충돌,안전운전불이행,건조,맑음,교차로 - 교차로부근,승용,남,31세,상해없음,승용,남,28세,상해없음
2012051300100048,2012년 5월 13일 01시,일요일,광주광역시 서구 양동,경상사고,0,0,1,0,차대차 - 기타,안전거리미확보,건조,맑음,단일로 - 기타,승용,여,19세,상해없음,승용,남,46세,경상
2012051300100049,2012년 5월 13일 01시,일요일,광주광역시 광산구 월계동,중상사고,0,1,0,0,차대사람 - 횡단중,보행자보호의무위반,건조,맑음,교차로 - 교차로부근,승용,남,25세,상해없음,보행자,남,41세,중상
2012051300100099,2012년 5월 13일 05시,일요일,광주광역시 동구 광산동,경상사고,0,0,1,0,차대사람 - 기타,안전운전불이행,건조,맑음,단일로 - 기타,승용,남,56세,상해없음,보행자,여,23세,경상
2012051300100100,2012년 5월 13일 05시,일요일,광주광역시 광산구 월곡동,경상사고,0,0,1,0,차대차 - 추돌 - 주정차중,안전운전불이행,건조,맑음,교차로 - 교차로안,승용,남,41세,상해없음,승용,남,48세,경상
2012051300100210,2012년 5월 13일 12시,일요일,광주광역시 북구 오치동,경상사고,0,0,1,0,차대차 - 기타,교차로운행방법위반,건조,맑음,교차로 - 교차로안,자전거,남,13세,경상,승용,남,26세,상해없음
2012051300100239,2012년 5월 13일 13시,일요일,광주광역시 광산구 송정동,경상사고,0,0,3,0,차대사람 - 기타,안전운전불이행,건조,맑음,교차로 - 교차로부근,승용,남,59세,상해없음,보행자,남,45세,경상
2012051300100240,2012년 5월 13일 13시,일요일,광주광역시 광산구 송정동,경상사고,0,0,1,0,차대사람 - 횡단중,신호위반,건조,맑음,단일로 - 횡단보도상,승용,기타불명,기타불명,기타불명,보행자,남,49세,경상
2012051300100301,2012년 5월 13일 15시,일요일,광주광역시 동구 내남동,부상신고사고,0,0,0,1,차량단독 - 기타,기타,건조,맑음,단일로 - 기타,승합,남,51세,상해없음,,,,
2012051300100302,2012년 5월 13일 15시,일요일,광주광역시 광산구 신가동,중상사고,0,1,2,0,차대차 - 추돌 - 진행중,안전운전불이행,건조,맑음,단일로 - 기타,승용,남,63세,경상,승용,여,47세,중상
2012051300100339,2012년 5월 13일 16시,일요일,광주광역시 광산구 월계동,중상사고,0,1,0,0,차대사람 - 횡단중,안전운전불이행,건조,맑음,단일로 - 기타,승용,남,47세,상해없음,보행자,여,52세,중상
2012051300100340,2012년 5월 13일 16시,일요일,광주광역시 광산구 우산동,중상사고,0,1,0,0,차량단독 - 기타,안전운전불이행,건조,맑음,단일로 - 기타,승합,남,56세,상해없음,,,,
2012051300100404,2012년 5월 13일 18시,일요일,광주광역시 서구 풍암동,경상사고,0,0,1,0,차대차 - 측면직각충돌,안전운전불이행,건조,맑음,교차로 - 교차로안,승용,남,47세,상해없음,승용,남,51세,경상
2012051300100405,2012년 5월 13일 18시,일요일,광주광역시 남구 월산동,경상사고,0,0,2,0,차대차 - 추돌 - 진행중,안전운전불이행,건조,맑음,단일로 - 기타,승용,남,48세,상해없음,승용,남,57세,경상
2012051300100407,2012년 5월 13일 18시,일요일,광주광역시 광산구 월계동,경상사고,0,0,1,0,차대사람 - 횡단중,안전운전불이행,건조,맑음,단일로 - 기타,승용,남,39세,상해없음,보행자,남,7세,경상
2012051300100466,2012년 5월 13일 20시,일요일,광주광역시 광산구 송정동,경상사고,0,0,1,0,차대차 - 측면직각충돌,안전운전불이행,건조,맑음,단일로 - 기타,승용,남,43세,상해없음,이륜,남,16세,경상
2012051300100498,2012년 5월 13일 21시,일요일,광주광역시 서구 치평동,경상사고,0,0,4,0,차대차 - 측면직각충돌,신호위반,건조,맑음,교차로 - 교차로안,승용,남,52세,경상,승용,남,32세,경상
2012051300100499,2012년 5월 13일 21시,일요일,광주광역시 서구 치평동,경상사고,0,0,2,0,차대차 - 측면직각충돌,신호위반,건조,맑음,교차로 - 교차로안,이륜,남,16세,경상,승용,남,43세,상해없음
2012051300100542,2012년 5월 13일 23시,일요일,광주광역시 남구 노대동,부상신고사고,0,0,0,1,차대차 - 기타,신호위반,건조,맑음,교차로 - 교차로안,기타불명,기타불명,기타불명,기타불명,승용,남,33세,부상신고
2012051300100543,2012년 5월 13일 23시,일요일,광주광역시 북구 신안동,경상사고,0,0,1,0,차대사람 - 길가장자리구역통행중,안전운전불이행,건조,맑음,단일로 - 기타,기타불명,기타불명,기타불명,기타불명,보행자,여,47세,경상
2012051400100010,2012년 5월 14일 00시,월요일,광주광역시 광산구 월계동,경상사고,0,0,1,0,차대차 - 측면직각충돌,교차로운행방법위반,건조,맑음,교차로 - 교차로안,승용,남,44세,상해없음,승용,남,25세,상해없음
2012051400100065,2012년 5월 14일 06시,월요일,광주광역시 동구 서석동,중상사고,0,1,1,0,차대차 - 측면직각충돌,신호위반,건조,맑음,교차로 - 교차로안,승용,남,25세,상해없음,승용,남,40세,경상
2012051400100089,2012년 5월 14일 07시,월요일,광주광역시 서구 광천동,경상사고,0,0,1,0,차대차 - 측면직각충돌,안전운전불이행,건조,맑음,교차로 - 교차로안,승용,남,56세,상해없음,화물,남,38세,경상
2012051400100090,2012년 5월 14일 07시,월요일,광주광역시 광산구 하남동,경상사고,0,0,2,0,차대차 - 측면직각충돌,교차로운행방법위반,건조,맑음,교차로 - 교차로안,승용,남,46세,상해없음,승용,남,31세,경상
2012051400100127,2012년 5월 14일 08시,월요일,광주광역시 동구 계림동,경상사고,0,0,1,0,차대차 - 측면직각충돌,교차로운행방법위반,습기,비,교차로 - 교차로안,승용,남,27세,상해없음,승용,여,49세,경상
2012051400100128,2012년 5월 14일 08시,월요일,광주광역시 광산구 장록동,부상신고사고,0,0,0,1,차량단독 - 공작물충돌,안전운전불이행,습기,비,단일로 - 기타,특수,남,63세,부상신고,,,,
2012051400100129,2012년 5월 14일 08시,월요일,광주광역시 광산구 신창동,경상사고,0,0,1,0,차대사람 - 횡단중,신호위반,습기,비,교차로 - 교차로안,승용,여,36세,상해없음,보행자,여,14세,경상
2012051400100195,2012년 5월 14일 10시,월요일,광주광역시 서구 농성동,경상사고,0,0,1,0,차대차 - 측면직각충돌,안전거리미확보,건조,맑음,교차로 - 교차로부근,승합,남,64세,상해없음,원동기,남,47세,경상
2012051400100196,2012년 5월 14일 10시,월요일,광주광역시 남구 백운동,경상사고,0,0,1,0,차량단독 - 기타,안전운전불이행,건조,맑음,단일로 - 기타,승합,남,43세,상해없음,,,,
2012051400100232,2012년 5월 14일 11시,월요일,광주광역시 서구 풍암동,경상사고,0,0,6,0,차대차 - 측면직각충돌,교차로운행방법위반,건조,맑음,교차로 - 교차로안,승용,남,43세,경상,승용,남,42세,경상
2012051400100266,2012년 5월 14일 12시,월요일,광주광역시 서구 쌍촌동,경상사고,0,0,1,0,차량단독 - 기타,안전운전불이행,건조,맑음,단일로 - 기타,승용,남,64세,상해없음,,,,
2012051400100267,2012년 5월 14일 12시,월요일,광주광역시 북구 두암동,경상사고,0,0,1,0,차대차 - 기타,안전운전불이행,습기,비,교차로 - 교차로부근,승용,여,39세,상해없음,이륜,남,27세,경상
2012051400100268,2012년 5월 14일 12시,월요일,광주광역시 북구 두암동,경상사고,0,0,1,0,차량단독 - 기타,안전운전불이행,습기,비,단일로 - 기타,승합,남,63세,상해없음,,,,
2012051400100351,2012년 5월 14일 14시,월요일,광주광역시 북구 신안동,경상사고,0,0,3,0,차대차 - 추돌 - 주정차중,안전거리미확보,습기,비,단일로 - 기타,승용,남,70세,상해없음,승용,남,29세,경상
2012051400100352,2012년 5월 14일 14시,월요일,광주광역시 광산구 선암동,중상사고,0,1,2,0,차대차 - 추돌 - 주정차중,안전운전불이행,습기,비,교차로 - 교차로부근,승용,남,72세,중상,승용,남,44세,경상
2012051400100392,2012년 5월 14일 15시,월요일,광주광역시 동구 금남로5가,경상사고,0,0,2,0,차대차 - 추돌 - 주정차중,안전운전불이행,습기,비,교차로 - 교차로부근,승용,남,43세,상해없음,승용,남,37세,경상
2012051400100393,2012년 5월 14일 15시,월요일,광주광역시 광산구 양동,경상사고,0,0,2,0,차대차 - 기타,안전운전불이행,건조,맑음,기타 - 기타,승용,남,64세,상해없음,승용,여,48세,경상
2012051400100394,2012년 5월 14일 15시,월요일,광주광역시 광산구 양산동,경상사고,0,0,1,0,차대차 - 기타,안전운전불이행,건조,맑음,기타 - 기타,승용,남,40세,상해없음,승용,남,28세,경상
2012051400100395,2012년 5월 14일 15시,월요일,광주광역시 광산구 신가동,경상사고,0,0,1,0,차대차 - 추돌 - 진행중,안전거리미확보,습기,비,단일로 - 기타,화물,남,53세,상해없음,승합,남,52세,상해없음
2012051400100515,2012년 5월 14일 18시,월요일,광주광역시 서구 치평동,중상사고,0,1,1,0,차대차 - 추돌 - 진행중,안전거리미확보,건조,맑음,교차로 - 교차로부근,승합,남,44세,상해없음,승용,여,46세,경상
2012051400100516,2012년 5월 14일 18시,월요일,광주광역시 북구 운암동,경상사고,0,0,1,0,차대사람 - 횡단중,보행자보호의무위반,습기,비,단일로 - 횡단보도상,승용,여,43세,상해없음,보행자,여,14세,경상
2012051400100517,2012년 5월 14일 18시,월요일,광주광역시 광산구 운남동,중상사고,0,1,0,0,차대차 - 측면직각충돌,안전운전불이행,습기,비,교차로 - 교차로안,승용,남,38세,상해없음,이륜,남,15세,중상
2012051400100518,2012년 5월 14일 18시,월요일,광주광역시 광산구 운남동,경상사고,0,0,1,0,차대차 - 측면직각충돌,교차로운행방법위반,습기,비,교차로 - 교차로안,승용,여,40세,상해없음,이륜,남,29세,경상
2012051400100576,2012년 5월 14일 19시,월요일,광주광역시 서구 풍암동,경상사고,0,0,2,0,차대차 - 기타,안전운전불이행,건조,맑음,기타 - 기타,승용,여,36세,상해없음,승용,남,42세,경상
2012051400100577,2012년 5월 14일 19시,월요일,광주광역시 서구 풍암동,경상사고,0,0,1,0,차대차 - 측면직각충돌,신호위반,건조,맑음,교차로 - 교차로안,화물,남,57세,상해없음,승용,여,45세,경상
2012051400100578,2012년 5월 14일 19시,월요일,광주광역시 서구 유촌동,경상사고,0,0,1,0,차대차 - 추돌 - 주정차중,안전거리미확보,습기,비,단일로 - 기타,승용,기타불명,기타불명,기타불명,승용,여,32세,경상
2012051400100579,2012년 5월 14일 19시,월요일,광주광역시 광산구 월곡동,경상사고,0,0,1,0,차대사람 - 횡단중,신호위반,습기,비,단일로 - 횡단보도상,이륜,남,19세,상해없음,보행자,여,70세,경상
2012051400100580,2012년 5월 14일 19시,월요일,광주광역시 광산구 운남동,경상사고,0,0,2,0,차대차 - 추돌 - 진행중,안전운전불이행,습기,비,미분류 - 미분류,승용,남,39세,상해없음,승용,남,46세,경상
2012051400100638,2012년 5월 14일 20시,월요일,광주광역시 서구 동천동,경상사고,0,0,2,0,차대차 - 기타,안전거리미확보,건조,맑음,교차로 - 교차로부근,승용,여,25세,상해없음,승용,남,36세,경상
2012051400100639,2012년 5월 14일 20시,월요일,광주광역시 남구 월산동,경상사고,0,0,2,0,차대사람 - 횡단중,신호위반,습기,비,단일로 - 횡단보도상,승용,여,48세,상해없음,보행자,여,23세,경상
2012051400100640,2012년 5월 14일 20시,월요일,광주광역시 남구 방림동,중상사고,0,1,0,0,차대사람 - 횡단중,보행자보호의무위반,습기,비,단일로 - 횡단보도상,승용,남,49세,상해없음,보행자,남,45세,중상
2012051400100678,2012년 5월 14일 21시,월요일,광주광역시 남구 월산동,경상사고,0,0,2,0,차대차 - 추돌 - 진행중,안전운전불이행,습기,비,단일로 - 기타,승용,남,41세,상해없음,승용,남,32세,경상
2012051400100679,2012년 5월 14일 21시,월요일,광주광역시 북구 중흥동,경상사고,0,0,1,0,차대차 - 측면직각충돌,중앙선침범,습기,비,단일로 - 기타,승용,남,41세,상해없음,승용,남,41세,경상
2012051400100717,2012년 5월 14일 22시,월요일,광주광역시 북구 우산동,경상사고,0,0,1,0,차대차 - 추돌 - 주정차중,안전운전불이행,건조,맑음,단일로 - 기타,승용,남,34세,경상,승용,여,52세,상해없음
2012051400100718,2012년 5월 14일 22시,월요일,광주광역시 북구 운암동,경상사고,0,0,2,0,차대차 - 정면충돌,중앙선침범,건조,맑음,단일로 - 기타,승용,남,37세,상해없음,승용,여,29세,경상
2012051400100761,2012년 5월 14일 23시,월요일,광주광역시 동구 수기동,중상사고,0,1,1,0,차대차 - 측면직각충돌,신호위반,습기,비,교차로 - 교차로안,승용,남,33세,상해없음,승용,남,46세,중상
2012051400100762,2012년 5월 14일 23시,월요일,광주광역시 서구 쌍촌동,경상사고,0,0,2,0,차대차 - 추돌 - 주정차중,안전운전불이행,건조,맑음,교차로 - 교차로부근,승용,남,38세,상해없음,승용,남,49세,경상
2012051400100763,2012년 5월 14일 23시,월요일,광주광역시 북구 대촌동,부상신고사고,0,0,0,1,차대차 - 추돌 - 주정차중,안전거리미확보,건조,맑음,단일로 - 기타,승용,남,54세,상해없음,승용,남,30세,부상신고
2012051500100018,2012년 5월 15일 00시,화요일,광주광역시 서구 유촌동,경상사고,0,0,1,0,차대차 - 추돌 - 진행중,안전거리미확보,건조,맑음,교차로 - 교차로부근,승합,남,32세,상해없음,승용,남,30세,경상
2012051500100037,2012년 5월 15일 01시,화요일,광주광역시 광산구 월곡동,중상사고,0,1,0,0,차대차 - 추돌 - 주정차중,안전운전불이행,건조,맑음,단일로 - 기타,승용,남,57세,중상,화물,남,43세,기타불명
2012051500100059,2012년 5월 15일 03시,화요일,광주광역시 북구 운암동,경상사고,0,0,1,0,차대차 - 추돌 - 진행중,과속,습기,비,교차로 - 교차로안,승용,남,31세,상해없음,화물,남,44세,경상
2012051500100077,2012년 5월 15일 05시,화요일,광주광역시 북구 용봉동,경상사고,0,0,1,0,차대차 - 추돌 - 진행중,안전거리미확보,건조,맑음,단일로 - 기타,승용,남,25세,상해없음,화물,남,44세,상해없음
2012051500100089,2012년 5월 15일 06시,화요일,광주광역시 동구 학동,경상사고,0,0,2,0,차대차 - 추돌 - 진행중,신호위반,건조,맑음,교차로 - 교차로안,화물,남,57세,상해없음,승용,남,65세,경상
2012051500100122,2012년 5월 15일 07시,화요일,광주광역시 동구 동명동,중상사고,0,1,0,0,차대사람 - 기타,중앙선침범,건조,맑음,단일로 - 기타,이륜,남,16세,상해없음,보행자,여,54세,중상
2012051500100123,2012년 5월 15일 07시,화요일,광주광역시 서구 동천동,경상사고,0,0,1,0,차대차 - 측면직각충돌,교차로운행방법위반,건조,맑음,교차로 - 교차로안,승용,남,58세,상해없음,승용,남,28세,경상
2012051500100167,2012년 5월 15일 08시,화요일,광주광역시 서구 양동,경상사고,0,0,1,0,차대차 - 추돌 - 주정차중,안전운전불이행,건조,맑음,단일로 - 기타,승용,남,28세,기타불명,승용,여,26세,경상
2012051500100168,2012년 5월 15일 08시,화요일,광주광역시 광산구 운남동,중상사고,0,1,0,0,차대사람 - 횡단중,신호위반,건조,맑음,단일로 - 횡단보도상,승용,여,40세,상해없음,보행자,남,20세,중상
2012051500100169,2012년 5월 15일 08시,화요일,광주광역시 광산구 신가동,경상사고,0,0,1,0,차량단독 - 기타,안전운전불이행,건조,맑음,단일로 - 기타,승합,남,53세,상해없음,,,,
2012051500100194,2012년 5월 15일 09시,화요일,광주광역시 광산구 월전동,중상사고,0,1,0,0,차대차 - 측면직각충돌,신호위반,건조,맑음,단일로 - 횡단보도상,자전거,여,65세,중상,화물,남,48세,상해없음
2012051500100248,2012년 5월 15일 11시,화요일,광주광역시 남구 방림동,경상사고,0,0,1,0,차대차 - 측면직각충돌,신호위반,건조,맑음,교차로 - 교차로안,승용,남,28세,상해없음,승용,남,22세,경상
2012051500100280,2012년 5월 15일 12시,화요일,광주광역시 서구 치평동,경상사고,0,0,1,0,차대차 - 추돌 - 주정차중,안전거리미확보,건조,맑음,단일로 - 기타,승용,남,27세,상해없음,승용,여,64세,경상
2012051500100281,2012년 5월 15일 12시,화요일,광주광역시 남구 주월동,중상사고,0,1,0,0,차대사람 - 기타,안전운전불이행,기타,맑음,단일로 - 기타,승용,남,42세,상해없음,보행자,여,16세,중상
2012051500100282,2012년 5월 15일 12시,화요일,광주광역시 광산구 신가동,경상사고,0,0,1,0,차대차 - 측면직각충돌,교차로운행방법위반,건조,맑음,교차로 - 교차로안,승용,남,56세,상해없음,화물,남,28세,경상
2012051500100380,2012년 5월 15일 15시,화요일,광주광역시 서구 화정동,중상사고,0,1,0,0,차대사람 - 횡단중,안전운전불이행,건조,맑음,단일로 - 기타,승합,남,34세,상해없음,보행자,여,71세,중상
2012051500100382,2012년 5월 15일 15시,화요일,광주광역시 광산구 우산동,경상사고,0,0,1,0,차대차 - 추돌 - 진행중,안전거리미확보,건조,맑음,단일로 - 기타,승용,여,40세,상해없음,원동기,남,39세,경상
2012051500100415,2012년 5월 15일 16시,화요일,광주광역시 서구 치평동,경상사고,0,0,1,0,차대차 - 측면직각충돌,신호위반,건조,맑음,교차로 - 교차로안,승용,여,45세,상해없음,자전거,남,8세,경상
2012051500100455,2012년 5월 15일 17시,화요일,광주광역시 북구 청풍동,중상사고,0,2,0,0,차량단독 - 공작물충돌,안전운전불이행,건조,맑음,단일로 - 기타,승용,남,29세,중상,,,,
2012051500100495,2012년 5월 15일 18시,화요일,광주광역시 서구 광천동,중상사고,0,1,0,0,차대사람 - 횡단중,보행자보호의무위반,건조,맑음,단일로 - 기타,승용,여,56세,상해없음,보행자,여,62세,중상
2012051500100496,2012년 5월 15일 18시,화요일,광주광역시 북구 양산동,경상사고,0,0,2,0,차대차 - 측면직각충돌,교차로운행방법위반,건조,맑음,교차로 - 교차로안,이륜,남,18세,경상,이륜,남,18세,경상
2012051500100497,2012년 5월 15일 18시,화요일,광주광역시 광산구 도산동,경상사고,0,0,1,0,차대차 - 측면직각충돌,안전운전불이행,건조,맑음,기타 - 기타,승용,여,29세,상해없음,자전거,여,6세,경상
2012051500100523,2012년 5월 15일 19시,화요일,광주광역시 북구 운암동,중상사고,0,1,0,0,차대사람 - 횡단중,안전운전불이행,건조,흐림,단일로 - 기타,승용,남,26세,기타불명,보행자,남,17세,중상
2012051500100524,2012년 5월 15일 19시,화요일,광주광역시 북구 신안동,경상사고,0,0,1,0,차대차 - 측면직각충돌,안전운전불이행,건조,맑음,단일로 - 기타,승용,남,62세,상해없음,자전거,남,25세,경상
2012051500100525,2012년 5월 15일 19시,화요일,광주광역시 북구 두암동,중상사고,0,1,0,0,차대사람 - 차도통행중,안전운전불이행,건조,맑음,단일로 - 기타,승용,남,33세,상해없음,보행자,여,44세,중상
2012051500100526,2012년 5월 15일 19시,화요일,광주광역시 광산구 소촌동,경상사고,0,0,1,0,차대차 - 추돌 - 주정차중,안전거리미확보,건조,맑음,교차로 - 교차로부근,자전거,남,16세,경상,승용,남,31세,상해없음
2012051500100569,2012년 5월 15일 20시,화요일,광주광역시 북구 신안동,경상사고,0,0,1,0,차대차 - 기타,교차로운행방법위반,건조,맑음,교차로 - 교차로안,승용,여,46세,상해없음,이륜,남,33세,경상
2012051500100610,2012년 5월 15일 21시,화요일,광주광역시 북구 문흥동,경상사고,0,0,3,0,차대차 - 기타,안전운전불이행,건조,맑음,교차로 - 교차로안,승용,남,63세,상해없음,승용,남,30세,경상
2012051500100647,2012년 5월 15일 22시,화요일,광주광역시 북구 운암동,부상신고사고,0,0,0,1,차대차 - 측면직각충돌,신호위반,건조,맑음,교차로 - 교차로안,승용,남,32세,상해없음,승용,남,39세,부상신고
2012051500100648,2012년 5월 15일 22시,화요일,광주광역시 광산구 신가동,경상사고,0,0,3,0,차대차 - 추돌 - 주정차중,안전운전불이행,건조,맑음,단일로 - 기타,승용,남,54세,상해없음,승용,여,37세,경상
2012051500100679,2012년 5월 15일 23시,화요일,광주광역시 서구 치평동,중상사고,0,1,0,0,차대사람 - 차도통행중,안전운전불이행,건조,맑음,교차로 - 교차로안,승용,여,33세,상해없음,보행자,여,39세,중상
2012051600100022,2012년 5월 16일 00시,수요일,광주광역시 남구 백운동,경상사고,0,0,2,0,차대차 - 측면직각충돌,안전운전불이행,건조,맑음,단일로 - 교량,승용,남,26세,상해없음,승용,남,46세,경상
2012051600100057,2012년 5월 16일 02시,수요일,광주광역시 광산구 우산동,경상사고,0,0,1,0,차대사람 - 기타,불법유턴,습기,비,단일로 - 기타,승용,남,40세,상해없음,보행자,여,19세,경상
2012051600100069,2012년 5월 16일 03시,수요일,광주광역시 서구 금호동,경상사고,0,0,2,0,차대차 - 측면직각충돌,중앙선침범,습기,비,단일로 - 기타,승용,남,36세,상해없음,승용,여,42세,경상
2012051600100070,2012년 5월 16일 03시,수요일,광주광역시 북구 신안동,경상사고,0,0,2,0,차대차 - 추돌 - 진행중,안전거리미확보,건조,맑음,단일로 - 기타,승용,여,25세,상해없음,승용,남,41세,상해없음
2012051600100085,2012년 5월 16일 05시,수요일,광주광역시 광산구 신창동,중상사고,0,1,0,0,차대차 - 추돌 - 진행중,교차로운행방법위반,습기,비,교차로 - 교차로안,승용,남,60세,상해없음,이륜,남,31세,중상
2012051600100100,2012년 5월 16일 06시,수요일,광주광역시 동구 호남동,경상사고,0,0,1,0,차대차 - 측면직각충돌,신호위반,건조,맑음,교차로 - 교차로안,승용,남,69세,상해없음,자전거,남,65세,경상
2012051600100101,2012년 5월 16일 06시,수요일,광주광역시 남구 도금동,사망사고,1,0,0,0,차량단독 - 공작물충돌,안전운전불이행,습기,흐림,단일로 - 기타,승용,여,59세,사망,,,,
2012051600100132,2012년 5월 16일 07시,수요일,광주광역시 서구 화정동,경상사고,0,0,1,0,차대사람 - 횡단중,신호위반,건조,맑음,교차로 - 교차로안,승용,남,62세,상해없음,보행자,남,12세,경상
2012051600100179,2012년 5월 16일 08시,수요일,광주광역시 남구 백운동,중상사고,0,1,0,0,차대차 - 기타,안전운전불이행,건조,맑음,단일로 - 기타,승용,여,40세,상해없음,원동기,남,48세,중상
2012051600100180,2012년 5월 16일 08시,수요일,광주광역시 남구 주월동,경상사고,0,0,1,0,차대사람 - 기타,안전운전불이행,건조,맑음,교차로 - 교차로안,승용,남,44세,상해없음,보행자,여,15세,경상
2012051600100205,2012년 5월 16일 09시,수요일,광주광역시 남구 백운동,경상사고,0,0,1,0,차대사람 - 기타,신호위반,건조,맑음,교차로 - 교차로안,승용,남,56세,상해없음,보행자,여,77세,경상
2012051600100241,2012년 5월 16일 11시,수요일,광주광역시 남구 서동,중상사고,0,1,0,0,차대차 - 측면직각충돌,안전운전불이행,건조,맑음,교차로 - 교차로안,화물,남,35세,상해없음,원동기,남,80세,중상
2012051600100264,2012년 5월 16일 12시,수요일,광주광역시 서구 풍암동,경상사고,0,0,2,0,차대차 - 추돌 - 주정차중,안전운전불이행,건조,맑음,교차로 - 교차로부근,승합,남,34세,상해없음,승용,남,41세,경상
2012051600100334,2012년 5월 16일 14시,수요일,광주광역시 북구 우산동,경상사고,0,0,1,0,차대차 - 추돌 - 진행중,안전거리미확보,건조,맑음,교차로 - 교차로안,이륜,남,69세,상해없음,이륜,남,40세,경상
2012051600100403,2012년 5월 16일 16시,수요일,광주광역시 서구 쌍촌동,경상사고,0,0,2,0,차대차 - 추돌 - 진행중,안전거리미확보,건조,맑음,단일로 - 기타,이륜,남,20세,경상,승용,남,42세,경상
2012051600100474,2012년 5월 16일 18시,수요일,광주광역시 북구 양산동,경상사고,0,0,1,0,차대사람 - 차도통행중,안전운전불이행,건조,맑음,단일로 - 기타,승용,남,36세,상해없음,보행자,남,17세,경상
2012051600100475,2012년 5월 16일 18시,수요일,광주광역시 북구 용두동,경상사고,0,0,1,0,차대차 - 측면직각충돌,안전운전불이행,건조,맑음,교차로 - 교차로부근,승용,남,25세,상해없음,자전거,남,9세,경상
2012051600100476,2012년 5월 16일 18시,수요일,광주광역시 광산구 월곡동,경상사고,0,0,2,0,차대차 - 추돌 - 주정차중,안전운전불이행,건조,맑음,단일로 - 기타,승용,여,44세,상해없음,이륜,남,15세,경상
2012051600100545,2012년 5월 16일 20시,수요일,광주광역시 동구 산수동,중상사고,0,1,0,0,차대차 - 측면직각충돌,안전운전불이행,건조,맑음,단일로 - 횡단보도부근,승용,남,53세,상해없음,자전거,남,12세,중상
2012051600100546,2012년 5월 16일 20시,수요일,광주광역시 북구 신안동,사망사고,1,0,0,0,차대사람 - 횡단중,안전운전불이행,건조,맑음,단일로 - 횡단보도부근,승용,남,64세,상해없음,보행자,여,75세,사망
2012051600100586,2012년 5월 16일 21시,수요일,광주광역시 북구 오치동,경상사고,0,0,2,0,차대차 - 측면직각충돌,중앙선침범,건조,맑음,교차로 - 교차로부근,승용,남,32세,상해없음,승용,남,50세,경상
2012051600100616,2012년 5월 16일 22시,수요일,광주광역시 북구 용봉동,경상사고,0,0,1,0,차대차 - 추돌 - 진행중,안전거리미확보,건조,맑음,단일로 - 기타,이륜,남,18세,경상,승합,남,27세,상해없음
2012051600100617,2012년 5월 16일 22시,수요일,광주광역시 광산구 우산동,경상사고,0,0,2,0,차대차 - 추돌 - 진행중,신호위반,건조,맑음,교차로 - 교차로안,원동기,남,53세,상해없음,승용,남,51세,경상
2012051600100647,2012년 5월 16일 23시,수요일,광주광역시 서구 치평동,경상사고,0,0,1,0,차대차 - 측면직각충돌,교차로운행방법위반,건조,맑음,교차로 - 교차로안,승용,남,42세,상해없음,이륜,남,38세,경상
2012051600100648,2012년 5월 16일 23시,수요일,광주광역시 북구 오치동,경상사고,0,0,1,0,차대차 - 측면직각충돌,안전거리미확보,건조,맑음,단일로 - 기타,승용,남,60세,상해없음,이륜,남,16세,경상
2012051700100025,2012년 5월 17일 00시,목요일,광주광역시 광산구 월곡동,중상사고,0,1,0,0,차대사람 - 횡단중,안전운전불이행,건조,맑음,교차로 - 교차로부근,승용,남,52세,상해없음,보행자,남,33세,중상