사고번호,사고일시,요일,시군구,사고내용,사망자수,중상자수,경상자수,부상신고자수,사고유형,법규위반,노면상태,기상상태,도로형태,가해운전자 차종,가해운전자 성별,가해운전자 연령,가해운전자 상해정도,피해운전자 차종,피해운전자 성별,피해운전자 연령,피해운전자 상해정도
2012052200100060,2012년 5월 22일 04시,화요일,광주광역시 동구 동명동,경상사고,0,0,1,0,차대차 - 추돌 - 진행중,안전운전불이행,건조,맑음,교차로 - 교차로부근,승용,남,48세,상해없음,승용,여,53세,경상
2012052200100061,2012년 5월 22일 04시,화요일,광주광역시 서구 쌍촌동,경상사고,0,0,5,0,차대차 - 측면직각충돌,중앙선침범,건조,맑음,교차로 - 교차로부근,승용,여,51세,상해없음,승용,남,57세,경상
2012052200100094,2012년 5월 22일 06시,화요일,광주광역시 광산구 하산동,사망사고,1,0,0,0,차대사람 - 횡단중,기타,건조,맑음,교차로 - 교차로부근,화물,남,44세,상해없음,보행자,여,74세,사망
2012052200100126,2012년 5월 22일 07시,화요일,광주광역시 서구 쌍촌동,경상사고,0,0,3,0,차대차 - 측면직각충돌,차로위반,건조,맑음,교차로 - 교차로안,승용,남,26세,상해없음,승합,남,62세,경상
2012052200100165,2012년 5월 22일 08시,화요일,광주광역시 동구 학동,중상사고,0,1,0,0,차대차 - 기타,기타,건조,맑음,단일로 - 기타,승용,여,49세,상해없음,자전거,남,32세,중상
2012052200100166,2012년 5월 22일 08시,화요일,광주광역시 남구 진월동,경상사고,0,0,1,0,차대차 - 기타,안전운전불이행,건조,맑음,단일로 - 기타,승용,여,38세,상해없음,원동기,남,30세,경상
2012052200100324,2012년 5월 22일 13시,화요일,광주광역시 서구 치평동,경상사고,0,0,1,0,차대차 - 기타,신호위반,건조,맑음,교차로 - 교차로안,승용,남,49세,상해없음,승용,여,47세,경상
2012052200100325,2012년 5월 22일 13시,화요일,광주광역시 북구 양산동,경상사고,0,0,1,0,차대차 - 추돌 - 진행중,차로위반,건조,맑음,단일로 - 기타,승용,남,37세,상해없음,이륜,남,28세,경상
2012052200100384,2012년 5월 22일 15시,화요일,광주광역시 서구 치평동,중상사고,0,1,0,0,차대사람 - 횡단중,안전운전불이행,건조,맑음,단일로 - 기타,승합,남,59세,상해없음,보행자,남,10세,중상
2012052200100385,2012년 5월 22일 15시,화요일,광주광역시 서구 치평동,경상사고,0,0,1,0,차대차 - 기타,교차로운행방법위반,건조,맑음,교차로 - 교차로안,승용,남,60세,상해없음,승용,남,40세,경상
2012052200100386,2012년 5월 22일 15시,화요일,광주광역시 서구 치평동,경상사고,0,0,1,0,차대차 - 기타,안전운전불이행,건조,맑음,단일로 - 기타,승용,여,29세,상해없음,승용,남,30세,경상
2012052200100419,2012년 5월 22일 16시,화요일,광주광역시 북구 두암동,경상사고,0,0,2,0,차대차 - 추돌 - 주정차중,안전거리미확보,건조,맑음,교차로 - 교차로부근,승용,남,56세,상해없음,승용,남,63세,상해없음
2012052200100467,2012년 5월 22일 17시,화요일,광주광역시 광산구 우산동,경상사고,0,0,1,0,차대차 - 추돌 - 진행중,안전거리미확보,건조,맑음,단일로 - 기타,승용,남,49세,상해없음,승용,남,27세,상해없음
2012052200100504,2012년 5월 22일 18시,화요일,광주광역시 서구 화정동,경상사고,0,0,1,0,차대차 - 기타,안전거리미확보,건조,맑음,기타 - 기타,승용,여,32세,상해없음,승용,남,38세,경상
2012052200100505,2012년 5월 22일 18시,화요일,광주광역시 북구 중흥동,경상사고,0,0,1,0,차대차 - 추돌 - 진행중,안전운전불이행,건조,맑음,단일로 - 기타,이륜,남,53세,경상,승용,남,25세,상해없음
2012052200100580,2012년 5월 22일 20시,화요일,광주광역시 북구 일곡동,경상사고,0,0,1,0,차대차 - 추돌 - 진행중,안전운전불이행,건조,맑음,교차로 - 교차로부근,승용,남,43세,상해없음,승용,남,38세,상해없음
2012052200100613,2012년 5월 22일 21시,화요일,광주광역시 광산구 소촌동,경상사고,0,0,2,0,차대차 - 추돌 - 주정차중,안전운전불이행,건조,맑음,단일로 - 기타,승용,남,54세,상해없음,화물,남,51세,경상
2012052200100614,2012년 5월 22일 21시,화요일,광주광역시 광산구 월계동,경상사고,0,0,1,0,차대차 - 측면직각충돌,안전운전불이행,건조,맑음,단일로 - 기타,승용,남,38세,상해없음,승용,남,31세,경상
2012052200100654,2012년 5월 22일 22시,화요일,광주광역시 북구 신안동,경상사고,0,0,1,0,차대사람 - 기타,안전운전불이행,건조,맑음,교차로 - 교차로안,승용,남,57세,상해없음,보행자,여,54세,경상
2012052300100016,2012년 5월 23일 00시,수요일,광주광역시 동구 동명동,경상사고,0,0,2,0,차대차 - 측면직각충돌,중앙선침범,건조,맑음,단일로 - 기타,승용,남,44세,상해없음,승용,남,27세,경상
2012052300100032,2012년 5월 23일 01시,수요일,광주광역시 광산구 월곡동,경상사고,0,0,1,0,차대차 - 기타,안전운전불이행,건조,맑음,교차로 - 교차로안,승용,기타불명,기타불명,기타불명,이륜,남,19세,상해없음
2012052300100041,2012년 5월 23일 02시,수요일,광주광역시 북구 우산동,경상사고,0,0,2,0,차대차 - 추돌 - 진행중,안전운전불이행,건조,맑음,단일로 - 기타,승용,남,55세,상해없음,승용,남,36세,경상
2012052300100052,2012년 5월 23일 03시,수요일,광주광역시 광산구 우산동,경상사고,0,0,1,0,차대차 - 기타,안전운전불이행,건조,맑음,미분류 - 미분류,이륜,기타불명,기타불명,기타불명,승용,남,45세,상해없음
2012052300100070,2012년 5월 23일 05시,수요일,광주광역시 서구 광천동,경상사고,0,0,2,0,차대차 - 측면직각충돌,안전운전불이행,건조,맑음,교차로 - 교차로부근,승용,남,36세,기타불명,승용,남,25세,경상
2012052300100071,2012년 5월 23일 05시,수요일,광주광역시 북구 용봉동,중상사고,0,1,2,0,차량단독 - 전도전복,안전운전불이행,건조,맑음,단일로 - 기타,승용,남,21세,경상,,,,
2012052300100146,2012년 5월 23일 08시,수요일,광주광역시 서구 치평동,경상사고,0,0,1,0,차대차 - 측면직각충돌,안전운전불이행,건조,맑음,교차로 - 교차로안,승용,남,62세,상해없음,승용,여,61세,경상
2012052300100147,2012년 5월 23일 08시,수요일,광주광역시 서구 농성동,중상사고,0,1,0,0,차대사람 - 횡단중,보행자보호의무위반,건조,맑음,단일로 - 횡단보도상,승용,남,63세,상해없음,보행자,여,23세,중상
2012052300100148,2012년 5월 23일 08시,수요일,광주광역시 남구 주월동,경상사고,0,0,1,0,차대차 - 추돌 - 진행중,안전거리미확보,건조,맑음,단일로 - 횡단보도부근,승용,여,46세,상해없음,승용,여,33세,경상
2012052300100149,2012년 5월 23일 08시,수요일,광주광역시 북구 두암동,경상사고,0,0,2,0,차대차 - 측면직각충돌,안전운전불이행,건조,맑음,교차로 - 교차로부근,승용,남,66세,상해없음,승용,남,35세,경상
2012052300100177,2012년 5월 23일 09시,수요일,광주광역시 북구 본촌동,경상사고,0,0,2,0,차대차 - 측면직각충돌,신호위반,건조,맑음,교차로 - 교차로안,승용,남,43세,상해없음,승용,여,42세,경상
2012052300100178,2012년 5월 23일 09시,수요일,광주광역시 광산구 우산동,경상사고,0,0,1,0,차대차 - 측면직각충돌,안전거리미확보,건조,맑음,단일로 - 기타,승용,남,25세,상해없음,승용,남,52세,경상
2012052300100210,2012년 5월 23일 11시,수요일,광주광역시 남구 봉선동,사망사고,1,0,0,0,차대사람 - 횡단중,안전운전불이행,건조,맑음,단일로 - 기타,건설기계,남,42세,상해없음,보행자,여,71세,사망
2012052300100347,2012년 5월 23일 15시,수요일,광주광역시 북구 운암동,경상사고,0,0,1,0,차대차 - 측면직각충돌,안전운전불이행,건조,맑음,단일로 - 기타,승용,남,36세,상해없음,화물,남,37세,경상
2012052300100382,2012년 5월 23일 16시,수요일,광주광역시 서구 쌍촌동,경상사고,0,0,1,0,차대사람 - 보도통행중,기타,건조,맑음,교차로 - 교차로부근,화물,남,36세,상해없음,보행자,여,49세,경상
2012052300100383,2012년 5월 23일 16시,수요일,광주광역시 서구 서창동,경상사고,0,0,1,0,차대차 - 기타,안전운전불이행,건조,맑음,교차로 - 교차로부근,기타불명,기타불명,기타불명,기타불명,승합,남,54세,상해없음
2012052300100384,2012년 5월 23일 16시,수요일,광주광역시 북구 중흥동,중상사고,0,1,0,0,차대차 - 측면직각충돌,중앙선침범,건조,맑음,단일로 - 기타,승용,남,59세,상해없음,이륜,남,47세,중상
2012052300100436,2012년 5월 23일 17시,수요일,광주광역시 서구 화정동,경상사고,0,0,1,0,차대차 - 추돌 - 주정차중,안전운전불이행,건조,맑음,단일로 - 기타,승용,남,54세,상해없음,화물,남,37세,상해없음
2012052300100481,2012년 5월 23일 18시,수요일,광주광역시 북구 풍향동,경상사고,0,0,1,0,차대차 - 측면직각충돌,차로위반,건조,맑음,단일로 - 기타,승용,남,55세,상해없음,승용,남,35세,경상
2012052300100482,2012년 5월 23일 18시,수요일,광주광역시 광산구 비아동,중상사고,0,1,0,0,차대차 - 측면직각충돌,안전운전불이행,건조,맑음,단일로 - 기타,승합,남,58세,상해없음,승용,남,37세,상해없음
2012052300100483,2012년 5월 23일 18시,수요일,광주광역시 광산구 신창동,경상사고,0,0,1,0,차대차 - 추돌 - 주정차중,안전거리미확보,건조,맑음,교차로 - 교차로부근,승용,남,39세,상해없음,승용,여,30세,경상
2012052300100546,2012년 5월 23일 20시,수요일,광주광역시 서구 마륵동,중상사고,0,1,3,0,차대차 - 측면직각충돌,교차로운행방법위반,건조,맑음,교차로 - 교차로안,승용,여,40세,경상,승용,남,48세,경상
2012052300100547,2012년 5월 23일 20시,수요일,광주광역시 남구 진월동,경상사고,0,0,2,0,차대차 - 추돌 - 진행중,안전거리미확보,건조,맑음,단일로 - 기타,승용,남,65세,상해없음,승용,남,56세,경상
2012052300100583,2012년 5월 23일 21시,수요일,광주광역시 남구 월산동,경상사고,0,0,1,0,차대차 - 기타,교차로운행방법위반,건조,맑음,단일로 - 기타,승용,남,58세,상해없음,이륜,남,18세,경상
2012052300100584,2012년 5월 23일 21시,수요일,광주광역시 광산구 신창동,경상사고,0,0,3,0,차대차 - 추돌 - 진행중,안전거리미확보,건조,맑음,교차로 - 교차로부근,승용,남,35세,상해없음,승용,남,21세,경상
2012052300100623,2012년 5월 23일 22시,수요일,광주광역시 광산구 오선동,경상사고,0,0,1,0,차대차 - 측면직각충돌,안전거리미확보,건조,맑음,교차로 - 교차로안,승용,남,29세,상해없음,화물,남,50세,경상
2012052400100025,2012년 5월 24일 00시,목요일,광주광역시 남구 월산동,경상사고,0,0,1,0,차대사람 - 기타,안전운전불이행,건조,맑음,단일로 - 기타,승용,남,24세,상해없음,보행자,남,38세,경상
2012052400100041,2012년 5월 24일 02시,목요일,광주광역시 남구 월산동,경상사고,0,0,4,0,차대차 - 추돌 - 진행중,안전거리미확보,건조,맑음,단일로 - 기타,승용,남,50세,상해없음,승용,남,27세,경상
2012052400100042,2012년 5월 24일 02시,목요일,광주광역시 광산구 산월동,경상사고,0,0,2,0,차대차 - 기타,안전운전불이행,건조,맑음,단일로 - 기타,기타불명,기타불명,기타불명,기타불명,승용,남,30세,경상
2012052400100073,2012년 5월 24일 05시,목요일,광주광역시 서구 화정동,중상사고,0,1,0,0,차대차 - 측면직각충돌,신호위반,건조,맑음,교차로 - 교차로안,승용,남,72세,상해없음,원동기,남,61세,중상
2012052400100084,2012년 5월 24일 06시,목요일,광주광역시 서구 풍암동,경상사고,0,0,1,0,차대차 - 측면직각충돌,중앙선침범,건조,맑음,단일로 - 기타,승용,남,41세,상해없음,승용,남,59세,경상
2012052400100169,2012년 5월 24일 08시,목요일,광주광역시 남구 백운동,경상사고,0,0,1,0,차대차 - 기타,안전운전불이행,건조,맑음,교차로 - 교차로부근,승용,여,30세,상해없음,화물,남,41세,경상
2012052400100170,2012년 5월 24일 08시,목요일,광주광역시 북구 누문동,중상사고,0,1,0,0,차대사람 - 차도통행중,안전운전불이행,건조,맑음,단일로 - 기타,승용,남,25세,상해없음,보행자,여,64세,중상
2012052400100171,2012년 5월 24일 08시,목요일,광주광역시 북구 운암동,중상사고,0,1,0,0,차대차 - 측면직각충돌,안전거리미확보,건조,맑음,단일로 - 기타,승용,남,28세,상해없음,승용,남,52세,중상
2012052400100172,2012년 5월 24일 08시,목요일,광주광역시 북구 운암동,경상사고,0,0,1,0,차대차 - 추돌 - 주정차중,안전거리미확보,건조,맑음,단일로 - 기타,승용,남,52세,상해없음,화물,남,30세,상해없음
2012052400100195,2012년 5월 24일 09시,목요일,광주광역시 서구 쌍촌동,경상사고,0,0,2,0,차대차 - 측면직각충돌,교차로운행방법위반,건조,맑음,교차로 - 교차로안,승용,여,52세,상해없음,승용,남,27세,경상
2012052400100196,2012년 5월 24일 09시,목요일,광주광역시 광산구 우산동,경상사고,0,0,1,0,차대차 - 측면직각충돌,교차로운행방법위반,건조,맑음,교차로 - 교차로안,승합,남,24세,상해없음,승용,여,45세,경상
2012052400100221,2012년 5월 24일 10시,목요일,광주광역시 동구 금남로5가,경상사고,0,0,1,0,차대차 - 기타,안전거리미확보,건조,맑음,단일로 - 기타,승합,남,46세,상해없음,승용,남,64세,상해없음
2012052400100264,2012년 5월 24일 12시,목요일,광주광역시 북구 연제동,경상사고,0,0,1,0,차대사람 - 기타,안전운전불이행,건조,맑음,교차로 - 교차로부근,기타불명,기타불명,기타불명,기타불명,보행자,여,69세,경상
2012052400100306,2012년 5월 24일 14시,목요일,광주광역시 광산구 신가동,부상신고사고,0,0,0,1,차대차 - 추돌 - 진행중,안전거리미확보,건조,맑음,단일로 - 기타,승용,여,45세,상해없음,승용,남,58세,부상신고
2012052400100368,2012년 5월 24일 16시,목요일,광주광역시 광산구 장록동,경상사고,0,0,2,0,차대차 - 측면직각충돌,교차로운행방법위반,건조,맑음,교차로 - 교차로안,화물,남,62세,경상,화물,남,35세,경상
2012052400100369,2012년 5월 24일 16시,목요일,광주광역시 광산구 신가동,중상사고,0,1,0,0,차대사람 - 횡단중,보행자보호의무위반,건조,맑음,단일로 - 횡단보도상,승용,남,65세,상해없음,보행자,남,7세,중상
2012052400100515,2012년 5월 24일 20시,목요일,광주광역시 서구 화정동,경상사고,0,0,1,0,차대사람 - 횡단중,보행자보호의무위반,건조,맑음,단일로 - 횡단보도상,승용,남,60세,상해없음,보행자,남,62세,경상
2012052400100516,2012년 5월 24일 20시,목요일,광주광역시 광산구 운남동,부상신고사고,0,0,0,1,차대차 - 기타,교차로운행방법위반,건조,맑음,교차로 - 교차로안,승용,기타불명,기타불명,기타불명,자전거,여,9세,부상신고
2012052400100549,2012년 5월 24일 21시,목요일,광주광역시 북구 신안동,사망사고,1,0,0,0,차대사람 - 횡단중,보행자보호의무위반,건조,맑음,단일로 - 횡단보도상,승용,남,30세,상해없음,보행자,여,63세,사망
2012052400100550,2012년 5월 24일 21시,목요일,광주광역시 광산구 쌍암동,경상사고,0,0,1,0,차량단독 - 기타,안전운전불이행,건조,맑음,단일로 - 기타,승합,남,49세,상해없음,,,,
2012052400100587,2012년 5월 24일 22시,목요일,광주광역시 북구 신안동,경상사고,0,0,1,0,차대차 - 측면직각충돌,신호위반,건조,맑음,교차로 - 교차로안,승용,남,37세,상해없음,원동기,남,21세,경상
2012052400100588,2012년 5월 24일 22시,목요일,광주광역시 광산구 신창동,경상사고,0,0,1,0,차대사람 - 횡단중,보행자보호의무위반,건조,맑음,교차로 - 교차로부근,승용,남,36세,상해없음,보행자,남,45세,경상
2012052400100623,2012년 5월 24일 23시,목요일,광주광역시 서구 화정동,경상사고,0,0,1,0,차대차 - 추돌 - 주정차중,안전운전불이행,건조,맑음,교차로 - 교차로안,승용,남,41세,상해없음,승용,남,45세,경상
2012052400100624,2012년 5월 24일 23시,목요일,광주광역시 광산구 송정동,경상사고,0,0,1,0,차대차 - 측면직각충돌,교차로운행방법위반,건조,맑음,교차로 - 교차로안,승용,남,70세,상해없음,원동기,남,16세,경상
2012052500100018,2012년 5월 25일 00시,금요일,광주광역시 서구 치평동,경상사고,0,0,2,0,차대차 - 추돌 - 주정차중,안전운전불이행,건조,맑음,교차로 - 교차로부근,승용,남,41세,상해없음,승용,남,21세,경상
2012052500100019,2012년 5월 25일 00시,금요일,광주광역시 서구 치평동,경상사고,0,0,2,0,차대차 - 기타,안전운전불이행,건조,맑음,교차로 - 교차로부근,화물,남,33세,상해없음,승용,여,41세,경상
2012052500100053,2012년 5월 25일 02시,금요일,광주광역시 동구 지산동,경상사고,0,0,2,0,차대차 - 추돌 - 주정차중,안전운전불이행,건조,맑음,단일로 - 기타,승용,남,42세,상해없음,승용,남,23세,경상
2012052500100110,2012년 5월 25일 07시,금요일,광주광역시 북구 문흥동,경상사고,0,0,1,0,차대차 - 측면직각충돌,교차로운행방법위반,건조,맑음,교차로 - 교차로안,승용,여,37세,상해없음,자전거,남,11세,경상
2012052500100111,2012년 5월 25일 07시,금요일,광주광역시 광산구 운남동,경상사고,0,0,3,0,차대차 - 측면직각충돌,안전운전불이행,건조,맑음,교차로 - 교차로안,승용,여,28세,경상,승용,여,55세,경상
2012052500100112,2012년 5월 25일 07시,금요일,광주광역시 광산구 신촌동,경상사고,0,0,1,0,차대차 - 추돌 - 진행중,안전거리미확보,건조,맑음,단일로 - 기타,승용,남,33세,상해없음,승용,남,54세,경상
2012052500100163,2012년 5월 25일 08시,금요일,광주광역시 남구 방림동,중상사고,0,2,1,0,차대차 - 기타,신호위반,건조,맑음,교차로 - 교차로안,화물,남,32세,상해없음,원동기,남,17세,중상
2012052500100164,2012년 5월 25일 08시,금요일,광주광역시 광산구 흑석동,경상사고,0,0,1,0,차대차 - 측면직각충돌,신호위반,건조,맑음,교차로 - 교차로안,승용,남,48세,상해없음,승용,남,48세,경상
2012052500100165,2012년 5월 25일 08시,금요일,광주광역시 광산구 오선동,중상사고,0,1,2,0,차대차 - 추돌 - 진행중,신호위반,건조,맑음,교차로 - 교차로안,승용,남,38세,경상,승용,남,51세,중상
2012052500100289,2012년 5월 25일 12시,금요일,광주광역시 광산구 운수동,경상사고,0,0,2,0,차대차 - 측면직각충돌,교차로운행방법위반,건조,맑음,교차로 - 교차로안,승용,남,56세,경상,승용,남,45세,경상
2012052500100320,2012년 5월 25일 13시,금요일,광주광역시 광산구 양산동,경상사고,0,0,1,0,차대차 - 측면직각충돌,안전운전불이행,건조,맑음,단일로 - 기타,승용,남,62세,상해없음,승용,여,25세,경상
2012052500100404,2012년 5월 25일 15시,금요일,광주광역시 동구 산수동,경상사고,0,0,1,0,차대차 - 기타,안전운전불이행,건조,맑음,교차로 - 교차로부근,승용,여,38세,상해없음,승용,여,40세,경상
2012052500100405,2012년 5월 25일 15시,금요일,광주광역시 서구 화정동,경상사고,0,0,1,0,차대차 - 추돌 - 주정차중,안전거리미확보,건조,맑음,교차로 - 교차로부근,승용,남,49세,상해없음,승용,남,69세,경상
2012052500100435,2012년 5월 25일 16시,금요일,광주광역시 광산구 운남동,경상사고,0,0,1,0,차대사람 - 횡단중,보행자보호의무위반,건조,맑음,단일로 - 기타,승용,여,39세,상해없음,보행자,여,10세,경상
2012052500100476,2012년 5월 25일 17시,금요일,광주광역시 광산구 용봉동,경상사고,0,0,1,0,차대차 - 측면직각충돌,안전운전불이행,건조,맑음,교차로 - 교차로부근,승용,남,62세,상해없음,승용,남,56세,경상
2012052500100517,2012년 5월 25일 18시,금요일,광주광역시 서구 광천동,경상사고,0,0,1,0,차대차 - 기타,차로위반,건조,맑음,기타 - 기타,승용,남,61세,상해없음,승용,남,22세,경상
2012052500100598,2012년 5월 25일 20시,금요일,광주광역시 서구 금호동,경상사고,0,0,3,0,차대차 - 측면직각충돌,신호위반,건조,맑음,교차로 - 교차로안,승용,여,34세,상해없음,승용,남,30세,경상
2012052500100599,2012년 5월 25일 20시,금요일,광주광역시 광산구 산월동,경상사고,0,0,3,0,차대차 - 추돌 - 주정차중,안전거리미확보,건조,맑음,단일로 - 기타,승용,남,41세,상해없음,승용,여,29세,경상
2012052500100640,2012년 5월 25일 21시,금요일,광주광역시 서구 치평동,경상사고,0,0,2,0,차대차 - 측면직각충돌,신호위반,건조,맑음,교차로 - 교차로안,승용,남,41세,경상,승용,여,30세,경상
2012052500100641,2012년 5월 25일 21시,금요일,광주광역시 남구 월산동,중상사고,0,1,0,0,차대사람 - 횡단중,안전운전불이행,건조,맑음,단일로 - 기타,승용,여,50세,상해없음,보행자,남,43세,중상
2012052500100642,2012년 5월 25일 21시,금요일,광주광역시 북구 일곡동,경상사고,0,0,1,0,차대차 - 추돌 - 주정차중,안전운전불이행,기타,기타,단일로 - 기타,승용,남,61세,상해없음,승용,남,44세,경상
2012052500100643,2012년 5월 25일 21시,금요일,광주광역시 북구 양산동,경상사고,0,0,1,0,차대사람 - 횡단중,안전운전불이행,건조,맑음,단일로 - 기타,승용,남,42세,상해없음,보행자,여,58세,경상
2012052500100674,2012년 5월 25일 22시,금요일,광주광역시 남구 월산동,중상사고,0,1,0,0,차대차 - 기타,안전운전불이행,건조,맑음,교차로 - 교차로안,승용,남,35세,상해없음,원동기,남,16세,중상
2012052500100701,2012년 5월 25일 23시,금요일,광주광역시 서구 화정동,경상사고,0,0,1,0,차대사람 - 기타,안전운전불이행,건조,맑음,단일로 - 기타,승용,남,46세,상해없음,보행자,여,51세,경상
2012052600100057,2012년 5월 26일 01시,토요일,광주광역시 북구 월출동,중상사고,0,1,2,0,차량단독 - 공작물충돌,안전운전불이행,건조,맑음,단일로 - 기타,승용,남,18세,상해없음,,,,
2012052600100071,2012년 5월 26일 02시,토요일,광주광역시 북구 용봉동,경상사고,0,0,2,0,차대차 - 기타,교차로운행방법위반,건조,맑음,교차로 - 교차로안,승용,남,50세,상해없음,승용,남,28세,경상
2012052600100072,2012년 5월 26일 02시,토요일,광주광역시 광산구 흑석동,경상사고,0,0,1,0,차대차 - 측면직각충돌,신호위반,건조,맑음,교차로 - 교차로안,승용,남,38세,상해없음,승용,남,26세,경상
2012052600100091,2012년 5월 26일 03시,토요일,광주광역시 광산구 쌍암동,경상사고,0,0,1,0,차대사람 - 기타,안전운전불이행,건조,맑음,교차로 - 교차로안,승용,기타불명,기타불명,기타불명,보행자,남,30세,경상
2012052600100110,2012년 5월 26일 04시,토요일,광주광역시 남구 사동,경상사고,0,0,1,0,차대차 - 정면충돌,신호위반,건조,맑음,교차로 - 교차로안,승용,남,23세,상해없음,승용,남,26세,경상
2012052600100139,2012년 5월 26일 06시,토요일,광주광역시 광산구 신촌동,경상사고,0,0,3,0,차대차 - 추돌 - 진행중,안전운전불이행,건조,맑음,단일로 - 기타,승용,남,26세,상해없음,승합,남,65세,상해없음
2012052600100212,2012년 5월 26일 09시,토요일,광주광역시 서구 화정동,경상사고,0,0,2,0,차대차 - 기타,안전운전불이행,건조,맑음,단일로 - 기타,승용,남,30세,상해없음,승용,남,45세,경상
2012052600100276,2012년 5월 26일 11시,토요일,광주광역시 서구 쌍촌동,중상사고,0,1,0,0,차대사람 - 기타,기타,건조,맑음,단일로 - 기타,승합,남,49세,상해없음,보행자,여,70세,중상
2012052600100345,2012년 5월 26일 13시,토요일,광주광역시 광산구 우산동,경상사고,0,0,1,0,차대사람 - 횡단중,안전운전불이행,건조,맑음,교차로 - 교차로부근,승용,남,26세,상해없음,보행자,여,27세,경상
2012052600100379,2012년 5월 26일 14시,토요일,광주광역시 광산구 수완동,경상사고,0,0,1,1,차대차 - 추돌 - 진행중,안전운전불이행,건조,맑음,단일로 - 기타,화물,남,42세,상해없음,승용,남,43세,경상
2012052600100422,2012년 5월 26일 15시,토요일,광주광역시 북구 운암동,중상사고,0,1,0,0,차대차 - 추돌 - 주정차중,안전운전불이행,건조,맑음,미분류 - 미분류,특수,남,50세,상해없음,승용,남,61세,중상
2012052600100423,2012년 5월 26일 15시,토요일,광주광역시 광산구 수완동,중상사고,0,2,0,0,차량단독 - 공작물충돌,안전운전불이행,건조,맑음,기타 - 기타,이륜,남,14세,중상,,,,
2012052600100456,2012년 5월 26일 16시,토요일,광주광역시 동구 대인동,경상사고,0,0,1,0,차대사람 - 길가장자리구역통행중,안전운전불이행,건조,맑음,단일로 - 기타,승용,남,30세,상해없음,보행자,여,76세,경상
2012052600100558,2012년 5월 26일 19시,토요일,광주광역시 광산구 월곡동,경상사고,0,0,1,0,차대차 - 측면직각충돌,안전운전불이행,건조,맑음,단일로 - 횡단보도상,승용,남,34세,상해없음,자전거,남,76세,경상
2012052600100599,2012년 5월 26일 20시,토요일,광주광역시 북구 일곡동,경상사고,0,0,1,0,차대차 - 측면직각충돌,안전운전불이행,건조,맑음,교차로 - 교차로안,승용,남,27세,상해없음,승용,남,49세,경상
2012052600100666,2012년 5월 26일 22시,토요일,광주광역시 서구 치평동,경상사고,0,0,3,0,차대차 - 추돌 - 진행중,안전거리미확보,건조,맑음,교차로 - 교차로부근,승용,남,26세,상해없음,승용,남,35세,경상
2012052600100667,2012년 5월 26일 22시,토요일,광주광역시 서구 벽진동,경상사고,0,0,1,0,차대차 - 추돌 - 주정차중,안전거리미확보,건조,맑음,교차로 - 교차로부근,승용,남,54세,상해없음,승용,여,44세,경상
2012052600100668,2012년 5월 26일 22시,토요일,광주광역시 서구 광천동,경상사고,0,0,6,0,차대차 - 추돌 - 진행중,안전운전불이행,건조,맑음,교차로 - 교차로부근,승용,기타불명,기타불명,기타불명,승용,남,49세,경상
2012052600100669,2012년 5월 26일 22시,토요일,광주광역시 광산구 송정동,경상사고,0,0,1,0,차대차 - 측면직각충돌,교차로운행방법위반,건조,맑음,교차로 - 교차로부근,승용,남,32세,상해없음,이륜,남,16세,경상
2012052700100026,2012년 5월 27일 00시,일요일,광주광역시 광산구 오선동,부상신고사고,0,0,0,1,차대차 - 측면직각충돌,신호위반,건조,맑음,교차로 - 교차로안,승용,남,30세,부상신고,화물,남,52세,상해없음
2012052700100071,2012년 5월 27일 02시,일요일,광주광역시 광산구 동림동,경상사고,0,0,2,0,차량단독 - 전도전복,안전운전불이행,건조,맑음,단일로 - 기타,승용,남,26세,경상,,,,
2012052700100072,2012년 5월 27일 02시,일요일,광주광역시 광산구 우산동,경상사고,0,0,4,0,차대차 - 추돌 - 진행중,안전운전불이행,건조,맑음,단일로 - 기타,승용,남,28세,경상,승용,남,30세,경상
2012052700100131,2012년 5월 27일 06시,일요일,광주광역시 북구 임동,경상사고,0,0,3,0,차대차 - 측면직각충돌,신호위반,건조,맑음,교차로 - 교차로안,승용,남,26세,상해없음,승용,남,69세,경상
2012052700100170,2012년 5월 27일 09시,일요일,광주광역시 서구 화정동,중상사고,0,1,0,0,차대사람 - 기타,안전운전불이행,건조,맑음,기타 - 기타,승용,남,43세,기타불명,보행자,여,86세,중상
2012052700100171,2012년 5월 27일 09시,일요일,광주광역시 북구 동림동,경상사고,0,0,2,0,차대차 - 추돌 - 진행중,중앙선침범,건조,맑음,단일로 - 기타,이륜,남,37세,상해없음,승용,남,52세,경상
2012052700100192,2012년 5월 27일 10시,일요일,광주광역시 북구 용봉동,경상사고,0,0,1,0,차대차 - 추돌 - 진행중,안전거리미확보,건조,맑음,단일로 - 기타,승용,남,65세,상해없음,승용,남,58세,상해없음
2012052700100332,2012년 5월 27일 15시,일요일,광주광역시 서구 금호동,경상사고,0,0,2,0,차대차 - 측면직각충돌,안전운전불이행,건조,맑음,단일로 - 기타,승용,남,60세,상해없음,승용,여,56세,경상
2012052700100333,2012년 5월 27일 15시,일요일,광주광역시 남구 진월동,경상사고,0,0,1,0,차대차 - 측면직각충돌,안전운전불이행,건조,맑음,교차로 - 교차로안,원동기,남,16세,경상,승용,남,44세,상해없음