사고번호,사고일시,요일,시군구,사고내용,사망자수,중상자수,경상자수,부상신고자수,사고유형,법규위반,노면상태,기상상태,도로형태,가해운전자 차종,가해운전자 성별,가해운전자 연령,가해운전자 상해정도,피해운전자 차종,피해운전자 성별,피해운전자 연령,피해운전자 상해정도
2012052700100334,2012년 5월 27일 15시,일요일,광주광역시 북구 우산동,경상사고,0,0,7,0,차대차 - 추돌 - 진행중,안전운전불이행,건조,맑음,단일로 - 기타,승용,남,44세,상해없음,승용,남,24세,경상
2012052700100400,2012년 5월 27일 17시,일요일,광주광역시 동구 계림동,경상사고,0,0,3,0,차대차 - 추돌 - 주정차중,안전운전불이행,건조,맑음,단일로 - 횡단보도부근,승합,남,62세,상해없음,승용,남,49세,경상
2012052700100401,2012년 5월 27일 17시,일요일,광주광역시 서구 화정동,경상사고,0,0,1,0,차대차 - 기타,안전운전불이행,건조,맑음,교차로 - 교차로안,승용,남,67세,상해없음,자전거,남,13세,경상
2012052700100434,2012년 5월 27일 18시,일요일,광주광역시 남구 주월동,중상사고,0,1,0,0,차대차 - 기타,중앙선침범,건조,맑음,단일로 - 기타,자전거,남,11세,중상,승용,미분류,기타불명,기타불명
2012052700100435,2012년 5월 27일 18시,일요일,광주광역시 북구 신안동,경상사고,0,0,1,1,차대차 - 추돌 - 진행중,중앙선침범,건조,맑음,단일로 - 기타,승용,남,29세,상해없음,승용,여,50세,경상
2012052700100499,2012년 5월 27일 20시,일요일,광주광역시 서구 농성동,경상사고,0,0,1,0,차대사람 - 횡단중,중앙선침범,건조,맑음,단일로 - 횡단보도부근,승용,남,69세,상해없음,보행자,남,55세,경상
2012052700100526,2012년 5월 27일 21시,일요일,광주광역시 서구 화정동,경상사고,0,0,3,0,차대차 - 측면직각충돌,신호위반,건조,맑음,교차로 - 교차로안,승용,여,33세,경상,승용,남,49세,경상
2012052700100549,2012년 5월 27일 22시,일요일,광주광역시 서구 화정동,경상사고,0,0,3,0,차대차 - 측면직각충돌,안전운전불이행,건조,맑음,교차로 - 교차로안,승용,남,53세,상해없음,승용,남,58세,경상
2012052800100016,2012년 5월 28일 00시,월요일,광주광역시 북구 중흥동,중상사고,0,1,1,0,차대차 - 측면직각충돌,신호위반,건조,맑음,교차로 - 교차로안,승용,남,49세,상해없음,승용,남,47세,상해없음
2012052800100043,2012년 5월 28일 02시,월요일,광주광역시 서구 치평동,경상사고,0,0,3,0,차대차 - 측면직각충돌,중앙선침범,건조,맑음,교차로 - 교차로부근,승용,남,31세,상해없음,승용,남,48세,경상
2012052800100071,2012년 5월 28일 05시,월요일,광주광역시 북구 각화동,사망사고,1,0,0,0,차량단독 - 공작물충돌,안전운전불이행,건조,맑음,단일로 - 기타,승용,남,26세,사망,,,,
2012052800100072,2012년 5월 28일 05시,월요일,광주광역시 광산구 산정동,경상사고,0,0,6,0,차대차 - 측면직각충돌,직진우회전진행방해,건조,맑음,교차로 - 교차로안,승용,남,26세,경상,승용,남,27세,경상
2012052800100089,2012년 5월 28일 06시,월요일,광주광역시 동구 소태동,경상사고,0,0,1,0,차대차 - 측면직각충돌,안전운전불이행,건조,맑음,단일로 - 기타,승용,남,65세,상해없음,승합,남,50세,경상
2012052800100140,2012년 5월 28일 09시,월요일,광주광역시 서구 쌍촌동,경상사고,0,0,1,1,차대차 - 측면직각충돌,안전운전불이행,건조,맑음,단일로 - 기타,이륜,남,76세,부상신고,승용,남,34세,경상
2012052800100193,2012년 5월 28일 11시,월요일,광주광역시 서구 풍암동,경상사고,0,0,1,0,차대차 - 측면직각충돌,중앙선침범,건조,맑음,교차로 - 교차로부근,승용,여,39세,상해없음,승용,여,38세,경상
2012052800100194,2012년 5월 28일 11시,월요일,광주광역시 광산구 월곡동,경상사고,0,0,1,0,차대사람 - 횡단중,안전운전불이행,건조,맑음,단일로 - 횡단보도부근,승용,여,30세,상해없음,보행자,남,12세,경상
2012052800100333,2012년 5월 28일 15시,월요일,광주광역시 서구 매월동,경상사고,0,0,1,0,차대차 - 추돌 - 주정차중,안전운전불이행,건조,맑음,단일로 - 기타,화물,남,45세,상해없음,승용,남,40세,상해없음
2012052800100334,2012년 5월 28일 15시,월요일,광주광역시 북구 두암동,경상사고,0,0,1,0,차대차 - 정면충돌,신호위반,건조,맑음,교차로 - 교차로안,승용,남,53세,상해없음,승용,남,56세,경상
2012052800100400,2012년 5월 28일 17시,월요일,광주광역시 서구 광천동,중상사고,0,1,2,0,차대차 - 측면직각충돌,불법유턴,건조,맑음,단일로 - 기타,승용,남,33세,상해없음,승용,남,54세,경상
2012052800100433,2012년 5월 28일 18시,월요일,광주광역시 서구 화정동,중상사고,0,1,0,0,차량단독 - 공작물충돌,안전운전불이행,건조,맑음,단일로 - 기타,이륜,남,58세,중상,,,,
2012052800100454,2012년 5월 28일 19시,월요일,광주광역시 동구 학동,경상사고,0,0,1,0,차대차 - 추돌 - 진행중,안전거리미확보,건조,맑음,단일로 - 기타,승용,남,39세,상해없음,승용,남,50세,상해없음
2012052800100485,2012년 5월 28일 20시,월요일,광주광역시 서구 풍암동,경상사고,0,0,1,0,차대차 - 기타,안전운전불이행,건조,맑음,단일로 - 기타,기타불명,기타불명,기타불명,기타불명,자전거,남,15세,경상
2012052800100486,2012년 5월 28일 20시,월요일,광주광역시 남구 진월동,중상사고,0,1,0,0,차대차 - 기타,불법유턴,건조,맑음,단일로 - 기타,승용,남,24세,상해없음,원동기,남,18세,중상
2012052800100504,2012년 5월 28일 21시,월요일,광주광역시 북구 문흥동,중상사고,0,2,5,0,차대차 - 기타,기타,건조,맑음,기타 - 기타,승용,여,47세,경상,승용,여,30세,경상
2012052800100509,2012년 5월 28일 21시,월요일,광주광역시 서구 광천동,경상사고,0,0,2,0,차대차 - 기타,중앙선침범,건조,맑음,단일로 - 기타,이륜,남,17세,경상,승용,여,50세,경상
2012052800100533,2012년 5월 28일 22시,월요일,광주광역시 광산구 월계동,경상사고,0,0,1,0,차대차 - 기타,기타,건조,맑음,단일로 - 기타,승합,남,49세,상해없음,이륜,남,16세,상해없음
2012052800100558,2012년 5월 28일 23시,월요일,광주광역시 북구 운암동,중상사고,0,1,3,0,차대차 - 추돌 - 진행중,안전운전불이행,건조,맑음,단일로 - 기타,화물,남,62세,상해없음,승용,남,43세,중상
2012052900100036,2012년 5월 29일 03시,화요일,광주광역시 광산구 수완동,중상사고,0,1,1,0,차량단독 - 공작물충돌,안전운전불이행,건조,맑음,단일로 - 기타,이륜,남,22세,중상,,,,
2012052900100087,2012년 5월 29일 07시,화요일,광주광역시 남구 노대동,중상사고,0,1,0,0,차대사람 - 횡단중,안전운전불이행,건조,맑음,교차로 - 교차로부근,승용,남,42세,상해없음,보행자,남,13세,중상
2012052900100130,2012년 5월 29일 08시,화요일,광주광역시 서구 치평동,경상사고,0,0,3,0,차대차 - 기타,신호위반,건조,맑음,교차로 - 교차로안,승용,남,26세,경상,승용,여,48세,경상
2012052900100131,2012년 5월 29일 08시,화요일,광주광역시 서구 금호동,경상사고,0,0,1,0,차대사람 - 기타,안전운전불이행,건조,맑음,단일로 - 기타,기타불명,기타불명,기타불명,기타불명,보행자,남,13세,경상
2012052900100132,2012년 5월 29일 08시,화요일,광주광역시 남구 백운동,경상사고,0,0,1,0,차대차 - 추돌 - 진행중,안전운전불이행,건조,맑음,단일로 - 기타,승용,남,31세,상해없음,승용,남,48세,상해없음
2012052900100133,2012년 5월 29일 08시,화요일,광주광역시 광산구 도산동,경상사고,0,0,1,0,차대사람 - 횡단중,안전운전불이행,건조,맑음,교차로 - 교차로안,화물,남,32세,상해없음,보행자,여,40세,경상
2012052900100165,2012년 5월 29일 09시,화요일,광주광역시 동구 계림동,중상사고,0,1,11,0,차대차 - 추돌 - 진행중,안전거리미확보,건조,맑음,단일로 - 기타,화물,남,28세,상해없음,승합,여,48세,중상
2012052900100166,2012년 5월 29일 09시,화요일,광주광역시 동구 장동,경상사고,0,0,1,0,차대차 - 측면직각충돌,신호위반,건조,맑음,교차로 - 교차로안,승합,남,62세,상해없음,승용,남,56세,경상
2012052900100231,2012년 5월 29일 12시,화요일,광주광역시 서구 농성동,경상사고,0,0,1,0,차대차 - 측면직각충돌,안전운전불이행,건조,맑음,단일로 - 기타,승용,남,64세,상해없음,승용,남,59세,경상
2012052900100232,2012년 5월 29일 12시,화요일,광주광역시 남구 월산동,경상사고,0,0,1,0,차대차 - 측면직각충돌,기타,건조,맑음,교차로 - 교차로안,승용,남,47세,상해없음,승용,남,56세,경상
2012052900100233,2012년 5월 29일 12시,화요일,광주광역시 남구 송하동,경상사고,0,0,3,0,차대차 - 기타,안전거리미확보,건조,맑음,단일로 - 기타,승용,여,37세,상해없음,승용,남,32세,경상
2012052900100234,2012년 5월 29일 12시,화요일,광주광역시 광산구 신가동,중상사고,0,1,0,0,차대사람 - 횡단중,보행자보호의무위반,건조,맑음,교차로 - 교차로부근,승용,남,44세,상해없음,보행자,여,64세,중상
2012052900100304,2012년 5월 29일 14시,화요일,광주광역시 북구 유동,경상사고,0,0,1,0,차대사람 - 길가장자리구역통행중,안전운전불이행,건조,맑음,단일로 - 기타,승용,남,46세,상해없음,보행자,여,34세,경상
2012052900100339,2012년 5월 29일 15시,화요일,광주광역시 남구 월산동,중상사고,0,1,0,0,차대사람 - 횡단중,안전운전불이행,건조,맑음,단일로 - 기타,승용,남,54세,상해없음,보행자,여,34세,중상
2012052900100407,2012년 5월 29일 17시,화요일,광주광역시 북구 풍향동,경상사고,0,0,1,0,차대차 - 추돌 - 주정차중,안전운전불이행,건조,맑음,단일로 - 기타,승용,남,53세,상해없음,승용,남,55세,경상
2012052900100408,2012년 5월 29일 17시,화요일,광주광역시 광산구 수완동,경상사고,0,0,1,0,차대차 - 추돌 - 주정차중,안전운전불이행,건조,맑음,단일로 - 기타,승용,남,19세,상해없음,화물,남,37세,경상
2012052900100409,2012년 5월 29일 17시,화요일,광주광역시 광산구 우산동,부상신고사고,0,0,0,1,차대사람 - 차도통행중,안전운전불이행,건조,맑음,단일로 - 기타,기타불명,기타불명,기타불명,기타불명,보행자,남,45세,부상신고
2012052900100446,2012년 5월 29일 18시,화요일,광주광역시 서구 광천동,경상사고,0,0,2,0,차대차 - 측면직각충돌,교차로운행방법위반,건조,맑음,교차로 - 교차로안,화물,남,43세,상해없음,승용,여,24세,경상
2012052900100447,2012년 5월 29일 18시,화요일,광주광역시 북구 각화동,중상사고,0,1,0,0,차대사람 - 기타,안전운전불이행,건조,맑음,단일로 - 기타,이륜,남,40세,상해없음,보행자,여,55세,중상
2012052900100474,2012년 5월 29일 19시,화요일,광주광역시 서구 화정동,중상사고,0,1,0,0,차대사람 - 횡단중,안전운전불이행,건조,맑음,교차로 - 교차로안,원동기,남,16세,상해없음,보행자,남,23세,중상
2012052900100475,2012년 5월 29일 19시,화요일,광주광역시 북구 양산동,경상사고,0,0,1,0,차대사람 - 기타,기타,건조,맑음,단일로 - 기타,승용,남,61세,상해없음,보행자,여,7세,경상
2012052900100506,2012년 5월 29일 20시,화요일,광주광역시 남구 주월동,중상사고,0,1,5,0,차대차 - 추돌 - 주정차중,안전거리미확보,건조,맑음,단일로 - 기타,승용,남,48세,상해없음,승용,여,29세,경상
2012052900100507,2012년 5월 29일 20시,화요일,광주광역시 남구 승촌동,중상사고,0,1,0,0,차대사람 - 기타,중앙선침범,건조,맑음,단일로 - 기타,이륜,남,43세,상해없음,보행자,여,59세,중상
2012052900100508,2012년 5월 29일 20시,화요일,광주광역시 북구 우산동,중상사고,0,1,0,0,차대차 - 추돌 - 진행중,안전거리미확보,건조,맑음,교차로 - 교차로안,원동기,남,18세,상해없음,원동기,남,35세,중상
2012052900100509,2012년 5월 29일 20시,화요일,광주광역시 북구 신안동,경상사고,0,0,2,0,차대차 - 기타,교차로운행방법위반,건조,맑음,교차로 - 교차로안,승용,남,60세,상해없음,승합,남,51세,상해없음
2012053000100014,2012년 5월 30일 00시,수요일,광주광역시 서구 쌍촌동,경상사고,0,0,4,0,차대차 - 기타,안전거리미확보,건조,맑음,기타 - 기타,승용,남,65세,상해없음,승용,남,46세,경상
2012053000100047,2012년 5월 30일 03시,수요일,광주광역시 북구 유동,경상사고,0,0,1,0,차대차 - 정면충돌,중앙선침범,건조,맑음,단일로 - 기타,이륜,남,52세,상해없음,승용,남,28세,경상
2012053000100089,2012년 5월 30일 07시,수요일,광주광역시 북구 용봉동,중상사고,0,1,0,0,차대차 - 기타,안전운전불이행,건조,맑음,단일로 - 기타,승용,남,29세,상해없음,자전거,여,20세,중상
2012053000100119,2012년 5월 30일 08시,수요일,광주광역시 북구 각화동,중상사고,0,1,0,0,차대사람 - 기타,안전운전불이행,건조,흐림,기타 - 기타,승용,여,36세,상해없음,보행자,남,51세,중상
2012053000100120,2012년 5월 30일 08시,수요일,광주광역시 북구 중흥동,경상사고,0,0,2,0,차대차 - 측면직각충돌,안전운전불이행,건조,맑음,교차로 - 교차로안,승용,남,28세,경상,승합,남,36세,경상
2012053000100144,2012년 5월 30일 09시,수요일,광주광역시 광산구 산월동,경상사고,0,0,2,0,차대차 - 추돌 - 진행중,안전운전불이행,습기,비,단일로 - 기타,승용,남,58세,경상,승용,여,42세,상해없음
2012053000100227,2012년 5월 30일 12시,수요일,광주광역시 북구 중흥동,경상사고,0,0,4,0,차대차 - 추돌 - 진행중,교차로운행방법위반,건조,맑음,교차로 - 교차로안,승용,여,49세,경상,승용,여,37세,경상
2012053000100228,2012년 5월 30일 12시,수요일,광주광역시 광산구 월곡동,중상사고,0,1,0,0,차대차 - 정면충돌,중앙선침범,건조,기타,단일로 - 기타,승용,남,46세,상해없음,승용,남,53세,중상
2012053000100328,2012년 5월 30일 16시,수요일,광주광역시 북구 운암동,경상사고,0,0,2,0,차대차 - 측면직각충돌,신호위반,건조,맑음,교차로 - 교차로부근,승용,남,16세,상해없음,승용,남,62세,경상
2012053000100405,2012년 5월 30일 18시,수요일,광주광역시 서구 양동,중상사고,0,1,0,0,차대차 - 측면직각충돌,중앙선침범,건조,맑음,단일로 - 기타,원동기,남,74세,상해없음,원동기,남,26세,중상
2012053000100406,2012년 5월 30일 18시,수요일,광주광역시 북구 본촌동,경상사고,0,0,3,0,차대차 - 기타,교차로운행방법위반,건조,맑음,교차로 - 교차로안,승용,남,32세,상해없음,승용,여,52세,경상
2012053000100435,2012년 5월 30일 19시,수요일,광주광역시 남구 진월동,경상사고,0,0,1,0,차대차 - 기타,신호위반,건조,맑음,교차로 - 교차로안,승용,남,42세,상해없음,원동기,남,38세,경상
2012053000100467,2012년 5월 30일 20시,수요일,광주광역시 서구 쌍촌동,경상사고,0,0,3,0,차대차 - 추돌 - 주정차중,안전거리미확보,건조,맑음,교차로 - 교차로부근,승용,기타불명,기타불명,기타불명,승용,남,65세,경상
2012053000100468,2012년 5월 30일 20시,수요일,광주광역시 북구 망월동,경상사고,0,0,1,0,차대차 - 측면직각충돌,안전거리미확보,건조,맑음,단일로 - 기타,승용,남,25세,상해없음,화물,남,57세,경상
2012053000100469,2012년 5월 30일 20시,수요일,광주광역시 북구 연제동,경상사고,0,0,3,0,차대차 - 측면직각충돌,안전운전불이행,건조,맑음,단일로 - 기타,승용,여,41세,상해없음,승용,남,42세,경상
2012053000100499,2012년 5월 30일 21시,수요일,광주광역시 북구 풍향동,경상사고,0,0,2,0,차대차 - 기타,교차로운행방법위반,건조,맑음,교차로 - 교차로부근,승용,남,57세,상해없음,승용,남,58세,경상
2012053000100533,2012년 5월 30일 22시,수요일,광주광역시 동구 학동,경상사고,0,0,1,0,차대차 - 기타,안전운전불이행,습기,흐림,단일로 - 기타,승용,남,28세,상해없음,자전거,남,61세,경상
2012053000100534,2012년 5월 30일 22시,수요일,광주광역시 서구 유촌동,경상사고,0,0,1,0,차대차 - 추돌 - 주정차중,안전거리미확보,건조,맑음,교차로 - 교차로부근,승용,기타불명,기타불명,기타불명,승용,여,44세,경상
2012053000100535,2012년 5월 30일 22시,수요일,광주광역시 남구 진월동,경상사고,0,0,1,0,차대차 - 측면직각충돌,안전운전불이행,건조,맑음,단일로 - 기타,승용,기타불명,기타불명,기타불명,승용,남,35세,경상
2012053000100536,2012년 5월 30일 22시,수요일,광주광역시 광산구 쌍암동,부상신고사고,0,0,0,2,차대차 - 추돌 - 주정차중,안전거리미확보,건조,맑음,단일로 - 기타,승용,남,46세,기타불명,승용,남,29세,부상신고
2012053000100537,2012년 5월 30일 22시,수요일,광주광역시 광산구 쌍암동,경상사고,0,0,1,0,차대차 - 추돌 - 주정차중,불법유턴,건조,맑음,단일로 - 기타,승용,남,44세,상해없음,승용,남,46세,경상
2012053100100021,2012년 5월 31일 00시,목요일,광주광역시 광산구 신창동,경상사고,0,0,1,0,차대차 - 기타,중앙선침범,건조,맑음,단일로 - 기타,승용,여,45세,상해없음,승용,남,51세,경상
2012053100100056,2012년 5월 31일 03시,목요일,광주광역시 광산구 장덕동,경상사고,0,0,2,0,차대차 - 정면충돌,중앙선침범,건조,맑음,단일로 - 기타,승용,남,28세,상해없음,승용,남,33세,경상
2012053100100109,2012년 5월 31일 07시,목요일,광주광역시 북구 중흥동,경상사고,0,0,1,0,차대차 - 기타,교차로운행방법위반,건조,맑음,교차로 - 교차로안,승용,남,41세,상해없음,원동기,남,57세,경상
2012053100100141,2012년 5월 31일 08시,목요일,광주광역시 북구 유동,경상사고,0,0,1,0,차대차 - 기타,안전운전불이행,건조,맑음,단일로 - 기타,승용,남,56세,상해없음,자전거,남,25세,경상
2012053100100164,2012년 5월 31일 09시,목요일,광주광역시 동구 학동,경상사고,0,0,1,0,차대차 - 기타,안전거리미확보,건조,맑음,교차로 - 교차로안,승용,남,61세,상해없음,승용,여,62세,경상
2012053100100165,2012년 5월 31일 09시,목요일,광주광역시 북구 오치동,경상사고,0,0,1,0,차대차 - 추돌 - 진행중,안전거리미확보,건조,맑음,단일로 - 기타,승합,남,36세,상해없음,승용,남,54세,경상
2012053100100193,2012년 5월 31일 10시,목요일,광주광역시 북구 일곡동,부상신고사고,0,0,0,1,차대사람 - 횡단중,안전운전불이행,건조,맑음,단일로 - 기타,승용,기타불명,기타불명,기타불명,보행자,남,14세,부상신고
2012053100100284,2012년 5월 31일 13시,목요일,광주광역시 남구 진월동,경상사고,0,0,4,0,차대차 - 측면직각충돌,교차로운행방법위반,건조,맑음,교차로 - 교차로안,승용,여,37세,경상,승용,남,59세,경상
2012053100100311,2012년 5월 31일 14시,목요일,광주광역시 동구 금동,경상사고,0,0,1,0,차대차 - 추돌 - 진행중,안전운전불이행,건조,맑음,단일로 - 기타,승용,여,41세,상해없음,자전거,여,78세,경상
2012053100100312,2012년 5월 31일 14시,목요일,광주광역시 동구 대인동,중상사고,0,1,0,0,차대사람 - 보도통행중,보행자보호의무위반,건조,맑음,단일로 - 횡단보도상,승용,여,33세,상해없음,보행자,여,80세,중상
2012053100100375,2012년 5월 31일 16시,목요일,광주광역시 서구 치평동,경상사고,0,0,1,0,차대사람 - 횡단중,안전운전불이행,건조,맑음,교차로 - 교차로부근,승용,남,36세,상해없음,보행자,여,12세,경상
2012053100100417,2012년 5월 31일 17시,목요일,광주광역시 서구 치평동,중상사고,0,1,0,0,차대차 - 측면직각충돌,중앙선침범,건조,맑음,단일로 - 기타,자전거,남,13세,중상,승용,여,42세,상해없음
2012053100100418,2012년 5월 31일 17시,목요일,광주광역시 서구 금호동,경상사고,0,0,2,0,차대차 - 추돌 - 진행중,안전거리미확보,건조,맑음,교차로 - 교차로안,승합,남,63세,상해없음,승용,여,62세,경상
2012053100100419,2012년 5월 31일 17시,목요일,광주광역시 광산구 쌍암동,경상사고,0,0,2,0,차대차 - 추돌 - 진행중,안전거리미확보,건조,맑음,단일로 - 기타,승용,남,39세,경상,승합,남,52세,경상
2012053100100466,2012년 5월 31일 18시,목요일,광주광역시 북구 임동,경상사고,0,0,2,0,차대차 - 추돌 - 진행중,안전운전불이행,건조,맑음,단일로 - 기타,화물,남,35세,상해없음,승용,남,30세,경상
2012053100100467,2012년 5월 31일 18시,목요일,광주광역시 광산구 장덕동,경상사고,0,0,2,0,차대사람 - 횡단중,안전운전불이행,건조,맑음,교차로 - 교차로안,승용,여,48세,상해없음,보행자,남,10세,경상
2012053100100493,2012년 5월 31일 19시,목요일,광주광역시 서구 풍암동,경상사고,0,0,1,0,차대차 - 측면직각충돌,안전운전불이행,건조,맑음,교차로 - 교차로안,승용,여,24세,상해없음,이륜,남,39세,경상
2012053100100533,2012년 5월 31일 20시,목요일,광주광역시 동구 계림동,경상사고,0,0,1,0,차대차 - 기타,안전운전불이행,건조,맑음,단일로 - 기타,승용,남,55세,상해없음,이륜,남,45세,경상
2012053100100534,2012년 5월 31일 20시,목요일,광주광역시 광산구 신가동,경상사고,0,0,1,0,차량단독 - 전도전복,안전운전불이행,건조,맑음,단일로 - 기타,원동기,남,48세,경상,,,,
2012053100100580,2012년 5월 31일 21시,목요일,광주광역시 남구 양림동,경상사고,0,0,1,0,차대사람 - 횡단중,안전운전불이행,건조,맑음,교차로 - 교차로안,원동기,남,26세,기타불명,보행자,남,49세,경상
2012053100100621,2012년 5월 31일 22시,목요일,광주광역시 서구 광천동,경상사고,0,0,1,0,차대차 - 추돌 - 주정차중,안전운전불이행,건조,맑음,교차로 - 교차로부근,승용,남,29세,상해없음,승용,남,49세,경상
2012053100100622,2012년 5월 31일 22시,목요일,광주광역시 서구 치평동,경상사고,0,0,2,0,차대차 - 측면직각충돌,교차로운행방법위반,건조,맑음,교차로 - 교차로안,승용,남,40세,경상,승용,남,23세,경상
2012053100100623,2012년 5월 31일 22시,목요일,광주광역시 남구 백운동,경상사고,0,0,2,0,차대차 - 추돌 - 주정차중,안전운전불이행,건조,맑음,교차로 - 교차로부근,승용,남,48세,상해없음,승용,남,48세,경상
2012053100100653,2012년 5월 31일 23시,목요일,광주광역시 동구 금남로5가,경상사고,0,0,1,0,차대사람 - 기타,중앙선침범,건조,맑음,단일로 - 횡단보도상,승용,남,28세,상해없음,보행자,여,57세,경상
2012060100100023,2012년 6월 1일 00시,금요일,광주광역시 광산구 월계동,경상사고,0,0,1,0,차대사람 - 차도통행중,안전운전불이행,건조,맑음,단일로 - 기타,기타불명,기타불명,기타불명,기타불명,보행자,여,48세,경상
2012060100100056,2012년 6월 1일 02시,금요일,광주광역시 동구 남동,경상사고,0,0,4,0,차대차 - 측면직각충돌,직진우회전진행방해,건조,맑음,교차로 - 교차로안,승용,남,20세,경상,승용,남,29세,경상
2012060100100057,2012년 6월 1일 02시,금요일,광주광역시 광산구 월곡동,경상사고,0,0,2,0,차대차 - 추돌 - 주정차중,안전운전불이행,건조,맑음,단일로 - 기타,승용,남,40세,상해없음,승용,남,50세,경상
2012060100100086,2012년 6월 1일 05시,금요일,광주광역시 서구 농성동,경상사고,0,0,1,0,차대차 - 추돌 - 진행중,안전운전불이행,건조,맑음,단일로 - 기타,승용,남,25세,상해없음,승용,남,37세,경상
2012060100100087,2012년 6월 1일 05시,금요일,광주광역시 북구 동림동,경상사고,0,0,3,0,차대차 - 추돌 - 주정차중,안전거리미확보,건조,맑음,단일로 - 기타,승용,남,58세,경상,승용,남,45세,경상
2012060100100103,2012년 6월 1일 06시,금요일,광주광역시 광산구 산정동,경상사고,0,0,1,0,차대차 - 추돌 - 진행중,신호위반,건조,맑음,교차로 - 교차로안,화물,남,65세,상해없음,승용,남,36세,경상
2012060100100131,2012년 6월 1일 07시,금요일,광주광역시 동구 소태동,경상사고,0,0,1,0,차대차 - 측면직각충돌,안전운전불이행,건조,맑음,단일로 - 기타,승용,남,53세,상해없음,승용,여,34세,경상
2012060100100132,2012년 6월 1일 07시,금요일,광주광역시 광산구 월곡동,경상사고,0,0,1,0,차대차 - 추돌 - 주정차중,안전거리미확보,건조,맑음,교차로 - 교차로부근,승합,남,54세,상해없음,승용,남,40세,경상
2012060100100179,2012년 6월 1일 08시,금요일,광주광역시 서구 서창동,경상사고,0,0,2,0,차대차 - 기타,기타,건조,맑음,교차로 - 교차로안,승용,여,35세,경상,승용,여,45세,경상
2012060100100181,2012년 6월 1일 08시,금요일,광주광역시 북구 오치동,중상사고,0,1,0,0,차대사람 - 횡단중,안전운전불이행,건조,흐림,교차로 - 교차로부근,승용,남,26세,상해없음,보행자,남,17세,중상
2012060100100182,2012년 6월 1일 08시,금요일,광주광역시 광산구 운남동,경상사고,0,0,2,0,차대차 - 측면직각충돌,안전거리미확보,건조,맑음,단일로 - 기타,승용,여,51세,경상,승용,여,39세,경상
2012060100100214,2012년 6월 1일 09시,금요일,광주광역시 동구 지산동,중상사고,0,1,0,0,차대사람 - 기타,안전운전불이행,건조,맑음,단일로 - 기타,승용,여,23세,상해없음,보행자,여,21세,중상
2012060100100215,2012년 6월 1일 09시,금요일,광주광역시 서구 치평동,경상사고,0,0,1,0,차대차 - 측면직각충돌,교차로운행방법위반,건조,맑음,교차로 - 교차로안,승용,남,45세,상해없음,승용,남,34세,경상
2012060100100238,2012년 6월 1일 10시,금요일,광주광역시 북구 효령동,경상사고,0,0,2,0,차대차 - 기타,중앙선침범,건조,맑음,교차로 - 교차로부근,승용,남,57세,상해없음,승용,남,52세,경상
2012060100100346,2012년 6월 1일 14시,금요일,광주광역시 동구 학동,중상사고,0,1,0,0,차대사람 - 횡단중,보행자보호의무위반,건조,맑음,단일로 - 횡단보도상,승용,남,78세,상해없음,보행자,여,63세,중상
2012060100100347,2012년 6월 1일 14시,금요일,광주광역시 서구 쌍촌동,중상사고,0,1,0,0,차대사람 - 차도통행중,안전운전불이행,건조,맑음,단일로 - 횡단보도부근,화물,남,61세,상해없음,보행자,남,26세,중상
2012060100100378,2012년 6월 1일 15시,금요일,광주광역시 서구 쌍촌동,경상사고,0,0,1,0,차대차 - 측면직각충돌,교차로운행방법위반,건조,맑음,교차로 - 교차로안,승용,여,42세,상해없음,자전거,여,33세,경상
2012060100100379,2012년 6월 1일 15시,금요일,광주광역시 북구 두암동,경상사고,0,0,2,0,차대사람 - 횡단중,신호위반,건조,흐림,교차로 - 교차로부근,승용,남,67세,상해없음,보행자,남,8세,경상
2012060100100450,2012년 6월 1일 17시,금요일,광주광역시 북구 오치동,경상사고,0,0,1,0,차대차 - 추돌 - 진행중,안전운전불이행,건조,맑음,단일로 - 기타,승용,남,38세,상해없음,승용,남,45세,경상
2012060100100451,2012년 6월 1일 17시,금요일,광주광역시 북구 풍향동,중상사고,0,1,0,0,차대사람 - 횡단중,안전운전불이행,건조,맑음,단일로 - 기타,승합,남,61세,상해없음,보행자,여,74세,중상
2012060100100452,2012년 6월 1일 17시,금요일,광주광역시 북구 양산동,경상사고,0,0,1,0,차대차 - 추돌 - 진행중,안전운전불이행,건조,맑음,단일로 - 기타,자전거,남,16세,경상,승용,남,45세,상해없음
2012060100100489,2012년 6월 1일 18시,금요일,광주광역시 서구 치평동,경상사고,0,0,1,0,차대사람 - 횡단중,안전운전불이행,건조,맑음,단일로 - 횡단보도상,승용,기타불명,기타불명,기타불명,보행자,남,14세,경상
2012060100100490,2012년 6월 1일 18시,금요일,광주광역시 광산구 하남동,경상사고,0,0,2,0,차대차 - 정면충돌,신호위반,건조,맑음,교차로 - 교차로안,승용,남,41세,경상,승용,남,42세,경상
2012060100100519,2012년 6월 1일 19시,금요일,광주광역시 동구 지산동,경상사고,0,0,1,0,차대사람 - 기타,안전운전불이행,건조,맑음,단일로 - 기타,승용,남,26세,상해없음,보행자,남,20세,경상