사고번호,사고일시,요일,시군구,사고내용,사망자수,중상자수,경상자수,부상신고자수,사고유형,법규위반,노면상태,기상상태,도로형태,가해운전자 차종,가해운전자 성별,가해운전자 연령,가해운전자 상해정도,피해운전자 차종,피해운전자 성별,피해운전자 연령,피해운전자 상해정도
2012060100100565,2012년 6월 1일 20시,금요일,광주광역시 서구 쌍촌동,경상사고,0,0,1,0,차대차 - 기타,안전거리미확보,건조,맑음,기타 - 기타,승용,여,27세,상해없음,승용,여,53세,경상
2012060100100566,2012년 6월 1일 20시,금요일,광주광역시 북구 용봉동,중상사고,0,1,0,0,차량단독 - 전도전복,안전운전불이행,건조,맑음,교차로 - 교차로부근,원동기,남,47세,중상,,,,
2012060100100567,2012년 6월 1일 20시,금요일,광주광역시 북구 동림동,경상사고,0,0,2,0,차대차 - 추돌 - 진행중,안전운전불이행,건조,맑음,단일로 - 기타,화물,남,34세,상해없음,승용,남,39세,경상
2012060100100568,2012년 6월 1일 20시,금요일,광주광역시 광산구 장덕동,경상사고,0,0,4,0,차대차 - 추돌 - 주정차중,안전운전불이행,건조,맑음,단일로 - 교량,기타불명,기타불명,기타불명,기타불명,승용,여,32세,경상
2012060100100569,2012년 6월 1일 20시,금요일,광주광역시 광산구 소촌동,경상사고,0,0,2,0,차대차 - 측면직각충돌,안전거리미확보,건조,맑음,교차로 - 교차로안,승용,남,54세,상해없음,승용,여,32세,경상
2012060100100570,2012년 6월 1일 20시,금요일,광주광역시 광산구 신가동,경상사고,0,0,1,0,차대차 - 추돌 - 주정차중,안전운전불이행,건조,맑음,단일로 - 기타,승용,남,46세,경상,승용,남,45세,기타불명
2012060100100606,2012년 6월 1일 21시,금요일,광주광역시 북구 신안동,경상사고,0,0,1,0,차대차 - 측면직각충돌,신호위반,건조,맑음,교차로 - 교차로안,화물,남,62세,상해없음,이륜,남,16세,경상
2012060100100637,2012년 6월 1일 22시,금요일,광주광역시 북구 신용동,경상사고,0,0,1,0,차대사람 - 기타,안전운전불이행,건조,맑음,단일로 - 기타,화물,남,37세,상해없음,보행자,남,33세,경상
2012060100100638,2012년 6월 1일 22시,금요일,광주광역시 북구 용봉동,경상사고,0,0,2,0,차대차 - 추돌 - 진행중,안전운전불이행,건조,맑음,단일로 - 기타,승용,남,30세,상해없음,승용,남,42세,경상
2012060100100677,2012년 6월 1일 23시,금요일,광주광역시 남구 월산동,사망사고,1,0,0,0,차대사람 - 횡단중,안전운전불이행,건조,맑음,단일로 - 기타,화물,남,44세,상해없음,보행자,남,41세,사망
2012060200100056,2012년 6월 2일 01시,토요일,광주광역시 서구 치평동,경상사고,0,0,1,0,차대사람 - 기타,보행자보호의무위반,건조,맑음,단일로 - 기타,승용,남,22세,상해없음,보행자,남,25세,경상
2012060200100082,2012년 6월 2일 03시,토요일,광주광역시 북구 용봉동,경상사고,0,0,1,0,차대차 - 측면직각충돌,중앙선침범,건조,맑음,교차로 - 교차로부근,원동기,기타불명,기타불명,기타불명,이륜,남,16세,경상
2012060200100083,2012년 6월 2일 03시,토요일,광주광역시 광산구 월계동,경상사고,0,0,3,0,차대차 - 추돌 - 주정차중,안전운전불이행,건조,맑음,교차로 - 교차로안,승용,남,28세,상해없음,승용,남,65세,경상
2012060200100100,2012년 6월 2일 04시,토요일,광주광역시 서구 치평동,경상사고,0,0,3,0,차대차 - 측면직각충돌,안전운전불이행,건조,맑음,단일로 - 기타,승용,남,29세,상해없음,승용,남,33세,경상
2012060200100159,2012년 6월 2일 08시,토요일,광주광역시 서구 쌍촌동,경상사고,0,0,2,0,차대사람 - 기타,안전운전불이행,건조,맑음,단일로 - 기타,승용,남,22세,상해없음,보행자,여,21세,경상
2012060200100217,2012년 6월 2일 10시,토요일,광주광역시 남구 백운동,경상사고,0,0,1,0,차대차 - 기타,교차로운행방법위반,건조,맑음,교차로 - 교차로안,승용,여,62세,상해없음,화물,남,48세,경상
2012060200100218,2012년 6월 2일 10시,토요일,광주광역시 북구 오치동,경상사고,0,0,1,1,차대차 - 측면직각충돌,교차로운행방법위반,건조,흐림,교차로 - 교차로안,승용,남,57세,부상신고,승용,남,26세,경상
2012060200100250,2012년 6월 2일 11시,토요일,광주광역시 서구 쌍촌동,경상사고,0,0,1,0,차대사람 - 기타,안전운전불이행,건조,맑음,단일로 - 기타,이륜,기타불명,기타불명,기타불명,보행자,남,72세,경상
2012060200100276,2012년 6월 2일 12시,토요일,광주광역시 북구 일곡동,중상사고,0,1,0,0,차대차 - 기타,직진우회전진행방해,건조,맑음,교차로 - 교차로안,승용,여,24세,상해없음,이륜,남,18세,중상
2012060200100277,2012년 6월 2일 12시,토요일,광주광역시 북구 오룡동,경상사고,0,0,1,0,차대차 - 측면직각충돌,안전운전불이행,건조,맑음,교차로 - 교차로안,승용,남,26세,상해없음,승용,남,39세,경상
2012060200100315,2012년 6월 2일 13시,토요일,광주광역시 서구 광천동,경상사고,0,0,1,0,차대차 - 측면직각충돌,안전거리미확보,건조,맑음,교차로 - 교차로안,건설기계,남,49세,상해없음,승용,여,35세,경상
2012060200100316,2012년 6월 2일 13시,토요일,광주광역시 남구 월산동,경상사고,0,0,3,1,차대차 - 기타,안전거리미확보,건조,맑음,교차로 - 교차로부근,화물,남,52세,상해없음,승용,남,45세,부상신고
2012060200100317,2012년 6월 2일 13시,토요일,광주광역시 북구 동림동,중상사고,0,1,0,0,차량단독 - 기타,기타,건조,흐림,단일로 - 기타,승합,남,28세,상해없음,,,,
2012060200100318,2012년 6월 2일 13시,토요일,광주광역시 북구 운암동,부상신고사고,0,0,0,1,차대차 - 추돌 - 주정차중,안전운전불이행,건조,맑음,단일로 - 기타,승용,남,37세,상해없음,승용,남,37세,부상신고
2012060200100396,2012년 6월 2일 15시,토요일,광주광역시 북구 신안동,경상사고,0,0,2,0,차대차 - 추돌 - 진행중,안전운전불이행,습기,비,교차로 - 교차로안,승합,남,57세,상해없음,화물,남,39세,경상
2012060200100439,2012년 6월 2일 16시,토요일,광주광역시 서구 풍암동,부상신고사고,0,0,0,1,차대차 - 기타,안전운전불이행,건조,맑음,단일로 - 기타,승용,남,44세,상해없음,이륜,남,17세,부상신고
2012060200100441,2012년 6월 2일 16시,토요일,광주광역시 광산구 비아동,경상사고,0,0,3,0,차대차 - 측면직각충돌,신호위반,건조,맑음,교차로 - 교차로안,승용,남,33세,경상,승용,남,29세,경상
2012060200100471,2012년 6월 2일 17시,토요일,광주광역시 광산구 신가동,경상사고,0,0,2,0,차대차 - 추돌 - 진행중,교차로운행방법위반,건조,맑음,교차로 - 교차로안,승용,남,29세,상해없음,승용,여,29세,경상
2012060200100511,2012년 6월 2일 18시,토요일,광주광역시 북구 운암동,경상사고,0,0,1,0,차대차 - 추돌 - 진행중,안전운전불이행,건조,맑음,교차로 - 교차로안,화물,남,36세,상해없음,승용,남,50세,경상
2012060200100548,2012년 6월 2일 19시,토요일,광주광역시 광산구 도산동,경상사고,0,0,1,0,차대사람 - 횡단중,보행자보호의무위반,건조,맑음,교차로 - 교차로부근,이륜,남,44세,상해없음,보행자,남,27세,경상
2012060200100549,2012년 6월 2일 19시,토요일,광주광역시 광산구 오선동,경상사고,0,0,5,0,차대차 - 측면직각충돌,신호위반,건조,맑음,교차로 - 교차로안,승합,남,57세,상해없음,승용,남,49세,경상
2012060200100550,2012년 6월 2일 19시,토요일,광주광역시 광산구 월곡동,경상사고,0,0,1,0,차대차 - 추돌 - 진행중,중앙선침범,건조,맑음,단일로 - 기타,승용,남,53세,상해없음,원동기,남,19세,경상
2012060200100657,2012년 6월 2일 23시,토요일,광주광역시 남구 진월동,경상사고,0,0,1,0,차대차 - 기타,안전거리미확보,건조,맑음,단일로 - 기타,승용,남,21세,상해없음,이륜,남,25세,경상
2012060200100658,2012년 6월 2일 23시,토요일,광주광역시 북구 용봉동,경상사고,0,0,1,0,차대차 - 추돌 - 진행중,안전거리미확보,건조,흐림,단일로 - 기타,승용,남,22세,상해없음,승용,남,57세,경상
2012060200100659,2012년 6월 2일 23시,토요일,광주광역시 북구 두암동,경상사고,0,0,1,0,차대차 - 추돌 - 주정차중,안전거리미확보,건조,맑음,교차로 - 교차로부근,승용,남,39세,상해없음,승용,남,49세,경상
2012060300100018,2012년 6월 3일 00시,일요일,광주광역시 서구 화정동,경상사고,0,0,1,0,차대차 - 추돌 - 진행중,안전운전불이행,건조,맑음,단일로 - 기타,승용,남,40세,상해없음,승용,여,52세,경상
2012060300100033,2012년 6월 3일 01시,일요일,광주광역시 서구 풍암동,경상사고,0,0,2,0,차대차 - 추돌 - 주정차중,안전운전불이행,건조,맑음,교차로 - 교차로부근,승합,남,53세,상해없음,승용,남,43세,경상
2012060300100047,2012년 6월 3일 02시,일요일,광주광역시 북구 우산동,경상사고,0,0,4,0,차대차 - 추돌 - 주정차중,안전운전불이행,건조,맑음,교차로 - 교차로부근,승용,남,59세,경상,승용,남,37세,경상
2012060300100079,2012년 6월 3일 04시,일요일,광주광역시 북구 중흥동,경상사고,0,0,1,0,차대차 - 기타,안전운전불이행,건조,맑음,교차로 - 교차로안,승용,남,61세,상해없음,승용,남,55세,경상
2012060300100108,2012년 6월 3일 06시,일요일,광주광역시 서구 양동,경상사고,0,0,4,0,차대차 - 추돌 - 진행중,안전거리미확보,건조,맑음,단일로 - 기타,승용,남,58세,상해없음,승용,남,27세,경상
2012060300100175,2012년 6월 3일 10시,일요일,광주광역시 북구 중흥동,경상사고,0,0,3,0,차대차 - 기타,신호위반,건조,맑음,교차로 - 교차로안,승용,여,32세,경상,승용,남,59세,경상
2012060300100202,2012년 6월 3일 11시,일요일,광주광역시 북구 운암동,경상사고,0,0,1,0,차대사람 - 횡단중,안전운전불이행,건조,맑음,단일로 - 기타,승용,남,29세,상해없음,보행자,남,10세,경상
2012060300100308,2012년 6월 3일 15시,일요일,광주광역시 북구 운암동,경상사고,0,0,1,1,차대차 - 추돌 - 진행중,안전거리미확보,건조,맑음,단일로 - 기타,이륜,남,75세,상해없음,승용,남,34세,경상
2012060300100309,2012년 6월 3일 15시,일요일,광주광역시 광산구 장덕동,경상사고,0,0,3,0,차대차 - 추돌 - 주정차중,안전운전불이행,건조,맑음,단일로 - 기타,승용,남,57세,상해없음,승용,여,29세,경상
2012060300100310,2012년 6월 3일 15시,일요일,광주광역시 광산구 송정동,경상사고,0,0,1,0,차대차 - 측면직각충돌,안전운전불이행,건조,맑음,단일로 - 기타,원동기,남,33세,경상,승용,여,31세,상해없음
2012060300100335,2012년 6월 3일 16시,일요일,광주광역시 북구 양산동,경상사고,0,0,2,0,차대차 - 추돌 - 진행중,안전운전불이행,건조,맑음,단일로 - 기타,승용,남,44세,상해없음,승용,남,24세,상해없음
2012060300100407,2012년 6월 3일 18시,일요일,광주광역시 북구 오치동,경상사고,0,0,2,0,차대차 - 측면직각충돌,안전운전불이행,건조,맑음,단일로 - 기타,승용,남,55세,상해없음,승용,남,52세,경상
2012060300100477,2012년 6월 3일 20시,일요일,광주광역시 서구 쌍촌동,경상사고,0,0,1,0,차대차 - 기타,교차로운행방법위반,건조,맑음,교차로 - 교차로안,승용,남,43세,상해없음,이륜,남,34세,경상
2012060300100478,2012년 6월 3일 20시,일요일,광주광역시 남구 주월동,경상사고,0,0,1,0,차대사람 - 기타,안전운전불이행,기타,맑음,기타 - 기타,승용,남,20세,상해없음,보행자,남,49세,경상
2012060300100479,2012년 6월 3일 20시,일요일,광주광역시 북구 풍향동,중상사고,0,1,0,0,차대사람 - 횡단중,안전운전불이행,건조,맑음,단일로 - 기타,승용,남,38세,상해없음,보행자,남,58세,중상
2012060300100509,2012년 6월 3일 21시,일요일,광주광역시 광산구 비아동,경상사고,0,0,3,0,차대차 - 추돌 - 주정차중,안전운전불이행,건조,맑음,교차로 - 교차로부근,화물,남,48세,상해없음,승용,남,24세,경상
2012060400100021,2012년 6월 4일 02시,월요일,광주광역시 서구 매월동,경상사고,0,0,1,0,차대차 - 측면직각충돌,신호위반,건조,맑음,교차로 - 교차로안,승용,남,57세,상해없음,승용,남,30세,경상
2012060400100081,2012년 6월 4일 07시,월요일,광주광역시 북구 용봉동,경상사고,0,0,1,0,차대사람 - 기타,보행자보호의무위반,건조,맑음,단일로 - 기타,승용,기타불명,기타불명,기타불명,보행자,여,17세,경상
2012060400100120,2012년 6월 4일 08시,월요일,광주광역시 북구 오치동,경상사고,0,0,1,0,차대사람 - 기타,안전운전불이행,건조,맑음,단일로 - 기타,승용,남,28세,상해없음,보행자,남,10세,경상
2012060400100121,2012년 6월 4일 08시,월요일,광주광역시 광산구 송정동,경상사고,0,0,1,0,차대차 - 추돌 - 주정차중,안전운전불이행,건조,맑음,단일로 - 기타,승용,남,37세,상해없음,승용,남,32세,경상
2012060400100341,2012년 6월 4일 15시,월요일,광주광역시 광산구 장덕동,경상사고,0,0,1,0,차대차 - 측면직각충돌,안전운전불이행,건조,맑음,단일로 - 기타,승용,여,42세,상해없음,자전거,남,14세,경상
2012060400100412,2012년 6월 4일 17시,월요일,광주광역시 동구 동명동,경상사고,0,0,2,0,차대사람 - 횡단중,신호위반,건조,맑음,교차로 - 교차로안,이륜,남,17세,상해없음,보행자,여,20세,경상
2012060400100413,2012년 6월 4일 17시,월요일,광주광역시 북구 양산동,경상사고,0,0,1,0,차대차 - 기타,안전운전불이행,건조,맑음,교차로 - 교차로안,기타불명,기타불명,기타불명,기타불명,승용,남,33세,상해없음
2012060400100414,2012년 6월 4일 17시,월요일,광주광역시 광산구 서봉동,중상사고,0,1,0,0,차대차 - 측면직각충돌,불법유턴,건조,맑음,단일로 - 기타,자전거,남,14세,중상,화물,남,48세,상해없음
2012060400100453,2012년 6월 4일 18시,월요일,광주광역시 남구 월산동,중상사고,0,1,0,0,차대사람 - 기타,안전운전불이행,기타,맑음,단일로 - 기타,화물,남,41세,상해없음,보행자,여,6세,중상
2012060400100538,2012년 6월 4일 21시,월요일,광주광역시 북구 일곡동,부상신고사고,0,0,0,1,차대사람 - 횡단중,안전운전불이행,건조,맑음,단일로 - 기타,승용,남,63세,상해없음,보행자,남,19세,부상신고
2012060400100572,2012년 6월 4일 22시,월요일,광주광역시 광산구 신가동,경상사고,0,0,3,0,차대차 - 추돌 - 진행중,안전운전불이행,건조,맑음,단일로 - 기타,승용,여,52세,상해없음,승합,남,27세,상해없음
2012060400100573,2012년 6월 4일 22시,월요일,광주광역시 광산구 수완동,경상사고,0,0,1,0,차대차 - 추돌 - 진행중,안전운전불이행,건조,맑음,단일로 - 기타,이륜,남,18세,경상,승용,여,42세,상해없음
2012060400100598,2012년 6월 4일 23시,월요일,광주광역시 북구 신안동,경상사고,0,0,2,0,차대차 - 측면직각충돌,중앙선침범,건조,맑음,단일로 - 기타,승용,여,53세,상해없음,승용,남,49세,경상
2012060500100039,2012년 6월 5일 02시,화요일,광주광역시 북구 운암동,경상사고,0,0,1,0,차대차 - 측면직각충돌,신호위반,건조,맑음,교차로 - 교차로안,승용,남,49세,상해없음,이륜,남,42세,경상
2012060500100081,2012년 6월 5일 06시,화요일,광주광역시 서구 금호동,경상사고,0,0,1,0,차대차 - 추돌 - 진행중,안전운전불이행,건조,맑음,교차로 - 교차로부근,승용,남,21세,상해없음,승용,남,56세,경상
2012060500100082,2012년 6월 5일 06시,화요일,광주광역시 광산구 신가동,중상사고,0,1,0,0,차대차 - 측면직각충돌,신호위반,건조,맑음,교차로 - 교차로안,승용,남,33세,상해없음,자전거,남,70세,중상
2012060500100135,2012년 6월 5일 08시,화요일,광주광역시 북구 동림동,경상사고,0,0,1,0,차대차 - 기타,신호위반,건조,맑음,교차로 - 교차로안,화물,남,33세,상해없음,이륜,남,32세,경상
2012060500100136,2012년 6월 5일 08시,화요일,광주광역시 광산구 오운동,경상사고,0,0,1,0,차대차 - 기타,안전거리미확보,건조,맑음,단일로 - 기타,기타불명,기타불명,기타불명,기타불명,화물,남,67세,경상
2012060500100137,2012년 6월 5일 08시,화요일,광주광역시 광산구 우산동,경상사고,0,0,1,0,차대차 - 추돌 - 진행중,안전운전불이행,건조,맑음,단일로 - 기타,건설기계,남,39세,상해없음,승용,남,58세,경상
2012060500100138,2012년 6월 5일 08시,화요일,광주광역시 광산구 신창동,부상신고사고,0,0,0,1,차대사람 - 차도통행중,안전운전불이행,건조,맑음,단일로 - 기타,기타불명,기타불명,기타불명,기타불명,보행자,여,14세,부상신고
2012060500100178,2012년 6월 5일 09시,화요일,광주광역시 남구 승촌동,중상사고,0,1,1,0,차대차 - 추돌 - 진행중,안전운전불이행,건조,맑음,교차로 - 교차로부근,승용,남,34세,중상,화물,남,65세,경상
2012060500100309,2012년 6월 5일 14시,화요일,광주광역시 광산구 수완동,경상사고,0,0,1,0,차대차 - 측면직각충돌,안전거리미확보,건조,맑음,단일로 - 기타,승용,남,27세,상해없음,승용,남,57세,경상
2012060500100375,2012년 6월 5일 16시,화요일,광주광역시 서구 유촌동,경상사고,0,0,3,0,차대차 - 측면직각충돌,중앙선침범,건조,맑음,단일로 - 기타,승합,남,49세,상해없음,승용,남,42세,경상
2012060500100376,2012년 6월 5일 16시,화요일,광주광역시 광산구 소촌동,경상사고,0,0,4,0,차대차 - 추돌 - 진행중,직진우회전진행방해,건조,맑음,교차로 - 교차로안,승용,여,36세,경상,건설기계,남,46세,상해없음
2012060500100490,2012년 6월 5일 19시,화요일,광주광역시 광산구 소촌동,경상사고,0,0,1,0,차대차 - 기타,안전운전불이행,건조,맑음,단일로 - 기타,기타불명,기타불명,기타불명,기타불명,자전거,남,62세,경상
2012060500100538,2012년 6월 5일 20시,화요일,광주광역시 서구 화정동,중상사고,0,1,0,0,차대사람 - 횡단중,안전운전불이행,건조,맑음,단일로 - 기타,승용,남,45세,상해없음,보행자,남,7세,중상
2012060500100539,2012년 6월 5일 20시,화요일,광주광역시 북구 임동,경상사고,0,0,1,0,차대차 - 측면직각충돌,신호위반,건조,맑음,교차로 - 교차로안,원동기,남,23세,경상,승용,여,24세,상해없음
2012060500100540,2012년 6월 5일 20시,화요일,광주광역시 광산구 수완동,경상사고,0,0,4,0,차대차 - 추돌 - 진행중,신호위반,건조,맑음,교차로 - 교차로안,승용,남,29세,상해없음,승용,남,42세,경상
2012060500100541,2012년 6월 5일 20시,화요일,광주광역시 광산구 하남동,경상사고,0,0,1,1,차대차 - 측면직각충돌,직진우회전진행방해,건조,맑음,교차로 - 교차로안,승용,여,29세,상해없음,승용,남,51세,부상신고
2012060500100593,2012년 6월 5일 21시,화요일,광주광역시 남구 주월동,경상사고,0,0,1,0,차대사람 - 기타,보행자보호의무위반,건조,맑음,단일로 - 기타,화물,남,48세,상해없음,보행자,여,45세,경상
2012060500100624,2012년 6월 5일 22시,화요일,광주광역시 서구 금호동,경상사고,0,0,1,0,차대차 - 추돌 - 주정차중,안전운전불이행,건조,맑음,교차로 - 교차로부근,승용,남,30세,상해없음,이륜,남,28세,경상
2012060500100625,2012년 6월 5일 22시,화요일,광주광역시 남구 주월동,경상사고,0,0,1,0,차대차 - 추돌 - 진행중,안전거리미확보,건조,맑음,단일로 - 기타,승용,남,43세,상해없음,원동기,남,25세,경상
2012060500100626,2012년 6월 5일 22시,화요일,광주광역시 광산구 수완동,중상사고,0,1,0,0,차대사람 - 횡단중,보행자보호의무위반,건조,맑음,교차로 - 교차로부근,승용,남,34세,상해없음,보행자,남,51세,중상
2012060600100083,2012년 6월 6일 03시,수요일,광주광역시 서구 유촌동,부상신고사고,0,0,0,1,차량단독 - 공작물충돌,안전운전불이행,건조,맑음,교차로 - 교차로부근,승용,여,39세,부상신고,,,,
2012060600100084,2012년 6월 6일 03시,수요일,광주광역시 북구 신용동,사망사고,1,2,1,0,차대차 - 측면직각충돌,교차로운행방법위반,건조,맑음,교차로 - 교차로안,승용,여,25세,경상,승용,남,70세,사망
2012060600100098,2012년 6월 6일 04시,수요일,광주광역시 서구 화정동,경상사고,0,0,1,0,차대차 - 기타,안전거리미확보,건조,맑음,기타 - 기타,승용,남,51세,상해없음,승용,남,56세,상해없음
2012060600100231,2012년 6월 6일 11시,수요일,광주광역시 북구 우산동,경상사고,0,0,1,0,차대차 - 측면직각충돌,교차로운행방법위반,건조,맑음,교차로 - 교차로안,이륜,남,48세,경상,승용,남,33세,상해없음
2012060600100285,2012년 6월 6일 13시,수요일,광주광역시 서구 풍암동,경상사고,0,0,1,0,차대차 - 기타,차로위반,건조,맑음,기타 - 기타,승용,남,57세,상해없음,이륜,남,30세,경상
2012060600100312,2012년 6월 6일 14시,수요일,광주광역시 광산구 소촌동,경상사고,0,0,2,0,차대차 - 측면직각충돌,안전거리미확보,건조,맑음,단일로 - 기타,승용,여,61세,상해없음,승용,여,55세,경상
2012060600100351,2012년 6월 6일 15시,수요일,광주광역시 남구 지석동,경상사고,0,0,2,0,차대차 - 측면직각충돌,안전운전불이행,건조,맑음,단일로 - 기타,건설기계,남,53세,경상,승용,여,29세,경상
2012060600100461,2012년 6월 6일 18시,수요일,광주광역시 남구 진월동,경상사고,0,0,1,0,차대사람 - 기타,안전운전불이행,건조,맑음,단일로 - 기타,승용,남,43세,상해없음,보행자,여,1세,경상
2012060600100462,2012년 6월 6일 18시,수요일,광주광역시 북구 우산동,경상사고,0,0,1,0,차대사람 - 차도통행중,안전운전불이행,건조,맑음,단일로 - 기타,승용,남,40세,상해없음,보행자,남,57세,경상
2012060600100550,2012년 6월 6일 21시,수요일,광주광역시 서구 치평동,경상사고,0,0,1,0,차대사람 - 횡단중,보행자보호의무위반,건조,맑음,단일로 - 기타,승용,남,47세,상해없음,보행자,남,36세,경상
2012060700100026,2012년 6월 7일 02시,목요일,광주광역시 북구 연제동,경상사고,0,0,1,0,차대차 - 측면직각충돌,안전운전불이행,건조,맑음,단일로 - 기타,승합,남,18세,상해없음,승용,남,34세,경상
2012060700100094,2012년 6월 7일 07시,목요일,광주광역시 광산구 송정동,중상사고,0,1,1,0,차대사람 - 횡단중,안전운전불이행,건조,맑음,교차로 - 교차로안,승합,남,62세,기타불명,보행자,남,48세,경상
2012060700100136,2012년 6월 7일 08시,목요일,광주광역시 동구 계림동,경상사고,0,0,1,0,차대사람 - 기타,안전운전불이행,건조,맑음,교차로 - 교차로안,승용,남,51세,상해없음,보행자,여,75세,경상
2012060700100137,2012년 6월 7일 08시,목요일,광주광역시 서구 치평동,중상사고,0,1,0,0,차대차 - 기타,신호위반,건조,맑음,교차로 - 교차로안,승용,남,39세,상해없음,자전거,남,12세,중상
2012060700100138,2012년 6월 7일 08시,목요일,광주광역시 서구 유촌동,경상사고,0,0,1,1,차대차 - 추돌 - 주정차중,안전거리미확보,건조,맑음,교차로 - 교차로안,승용,여,43세,상해없음,승용,남,59세,경상
2012060700100139,2012년 6월 7일 08시,목요일,광주광역시 서구 광천동,경상사고,0,0,1,0,차대차 - 측면직각충돌,안전거리미확보,건조,맑음,교차로 - 교차로부근,건설기계,남,47세,상해없음,승용,남,47세,경상
2012060700100140,2012년 6월 7일 08시,목요일,광주광역시 북구 문흥동,경상사고,0,0,1,0,차대차 - 기타,중앙선침범,건조,맑음,단일로 - 기타,승용,남,30세,상해없음,원동기,여,62세,경상
2012060700100172,2012년 6월 7일 09시,목요일,광주광역시 광산구 산월동,경상사고,0,0,1,0,차대차 - 측면직각충돌,중앙선침범,건조,맑음,단일로 - 기타,승합,남,70세,상해없음,승용,남,41세,경상
2012060700100210,2012년 6월 7일 10시,목요일,광주광역시 서구 동천동,경상사고,0,0,1,0,차대차 - 측면직각충돌,안전운전불이행,건조,맑음,교차로 - 교차로안,승용,남,46세,상해없음,승용,남,64세,경상
2012060700100211,2012년 6월 7일 10시,목요일,광주광역시 북구 두암동,경상사고,0,0,1,0,차대사람 - 기타,안전운전불이행,건조,맑음,단일로 - 기타,승용,여,31세,기타불명,보행자,남,53세,경상
2012060700100212,2012년 6월 7일 10시,목요일,광주광역시 광산구 월계동,경상사고,0,0,2,0,차대차 - 측면직각충돌,교차로운행방법위반,건조,맑음,교차로 - 교차로안,승용,남,46세,상해없음,승용,여,39세,경상
2012060700100275,2012년 6월 7일 12시,목요일,광주광역시 동구 산수동,경상사고,0,0,1,0,차대차 - 측면직각충돌,안전운전불이행,건조,맑음,단일로 - 기타,승합,남,51세,상해없음,승용,여,45세,상해없음
2012060700100276,2012년 6월 7일 12시,목요일,광주광역시 북구 중흥동,중상사고,0,1,0,0,차대차 - 측면직각충돌,신호위반,건조,맑음,교차로 - 교차로안,승용,남,49세,상해없음,원동기,여,49세,중상
2012060700100320,2012년 6월 7일 14시,목요일,광주광역시 서구 동천동,경상사고,0,0,4,0,차량단독 - 기타,안전운전불이행,건조,맑음,단일로 - 기타,승합,남,45세,상해없음,,,,
2012060700100346,2012년 6월 7일 15시,목요일,광주광역시 남구 월산동,중상사고,0,1,2,0,차대차 - 추돌 - 주정차중,안전운전불이행,건조,맑음,단일로 - 기타,화물,남,45세,상해없음,승용,여,41세,경상
2012060700100385,2012년 6월 7일 16시,목요일,광주광역시 서구 치평동,경상사고,0,0,2,0,차대차 - 측면직각충돌,안전운전불이행,건조,맑음,교차로 - 교차로부근,승용,남,62세,상해없음,자전거,남,14세,경상
2012060700100386,2012년 6월 7일 16시,목요일,광주광역시 남구 월산동,경상사고,0,0,1,0,차대차 - 추돌 - 진행중,안전거리미확보,건조,맑음,단일로 - 기타,승용,남,59세,상해없음,승용,남,72세,경상
2012060700100387,2012년 6월 7일 16시,목요일,광주광역시 광산구 운남동,부상신고사고,0,0,0,1,차대차 - 측면직각충돌,안전운전불이행,건조,맑음,교차로 - 교차로부근,승용,남,36세,상해없음,자전거,남,14세,부상신고
2012060700100433,2012년 6월 7일 17시,목요일,광주광역시 동구 서석동,경상사고,0,0,1,0,차대차 - 기타,안전운전불이행,건조,맑음,단일로 - 횡단보도상,승용,남,56세,상해없음,자전거,남,18세,경상
2012060700100434,2012년 6월 7일 17시,목요일,광주광역시 서구 화정동,경상사고,0,0,1,0,차대사람 - 횡단중,보행자보호의무위반,건조,맑음,단일로 - 기타,승용,여,43세,상해없음,보행자,남,11세,경상
2012060700100435,2012년 6월 7일 17시,목요일,광주광역시 광산구 수완동,경상사고,0,0,1,0,차대사람 - 길가장자리구역통행중,안전운전불이행,건조,맑음,단일로 - 기타,승용,남,53세,상해없음,보행자,남,26세,경상
2012060700100436,2012년 6월 7일 17시,목요일,광주광역시 광산구 신가동,경상사고,0,0,1,0,차대사람 - 기타,안전운전불이행,건조,맑음,단일로 - 기타,화물,남,68세,상해없음,보행자,여,57세,경상
2012060700100472,2012년 6월 7일 18시,목요일,광주광역시 남구 주월동,경상사고,0,0,1,0,차대차 - 측면직각충돌,교차로운행방법위반,건조,맑음,교차로 - 교차로안,승용,남,51세,상해없음,원동기,남,48세,경상
2012060700100503,2012년 6월 7일 19시,목요일,광주광역시 서구 유촌동,경상사고,0,0,1,0,차대차 - 측면직각충돌,안전거리미확보,건조,맑음,단일로 - 기타,화물,남,48세,상해없음,화물,남,41세,경상
2012060700100504,2012년 6월 7일 19시,목요일,광주광역시 북구 각화동,중상사고,0,1,0,1,차대차 - 측면직각충돌,신호위반,건조,맑음,교차로 - 교차로안,승용,남,43세,부상신고,승용,남,23세,중상
2012060700100600,2012년 6월 7일 22시,목요일,광주광역시 광산구 우산동,경상사고,0,0,3,0,차대차 - 측면직각충돌,안전운전불이행,건조,맑음,단일로 - 기타,승용,여,26세,경상,승용,여,53세,경상
2012060700100636,2012년 6월 7일 23시,목요일,광주광역시 광산구 연산동,경상사고,0,0,1,0,차대차 - 측면직각충돌,중앙선침범,건조,맑음,교차로 - 교차로부근,승용,남,30세,상해없음,승용,남,30세,경상
2012060800100041,2012년 6월 8일 01시,금요일,광주광역시 서구 벽진동,경상사고,0,0,2,0,차대차 - 추돌 - 주정차중,안전운전불이행,건조,맑음,교차로 - 교차로안,승용,기타불명,기타불명,기타불명,승용,남,62세,경상