사고번호,사고일시,요일,시군구,사고내용,사망자수,중상자수,경상자수,부상신고자수,사고유형,법규위반,노면상태,기상상태,도로형태,가해운전자 차종,가해운전자 성별,가해운전자 연령,가해운전자 상해정도,피해운전자 차종,피해운전자 성별,피해운전자 연령,피해운전자 상해정도
2012060800100042,2012년 6월 8일 01시,금요일,광주광역시 광산구 신창동,경상사고,0,0,1,0,차대차 - 측면직각충돌,교차로운행방법위반,건조,맑음,교차로 - 교차로안,승용,여,40세,상해없음,승용,남,36세,경상
2012060800100059,2012년 6월 8일 02시,금요일,광주광역시 남구 봉선동,경상사고,0,0,2,0,차대차 - 측면직각충돌,안전운전불이행,건조,맑음,단일로 - 기타,승용,남,44세,상해없음,승용,남,54세,경상
2012060800100060,2012년 6월 8일 02시,금요일,광주광역시 북구 풍향동,경상사고,0,0,2,0,차대차 - 기타,신호위반,건조,맑음,교차로 - 교차로안,승용,남,37세,상해없음,승용,남,53세,경상
2012060800100085,2012년 6월 8일 04시,금요일,광주광역시 광산구 신가동,경상사고,0,0,1,0,차대차 - 추돌 - 주정차중,안전운전불이행,건조,맑음,교차로 - 교차로부근,승용,남,28세,기타불명,승용,남,51세,경상
2012060800100174,2012년 6월 8일 08시,금요일,광주광역시 남구 주월동,경상사고,0,0,1,0,차대차 - 기타,교차로운행방법위반,건조,맑음,교차로 - 교차로안,화물,남,56세,상해없음,승합,남,47세,경상
2012060800100208,2012년 6월 8일 09시,금요일,광주광역시 서구 풍암동,경상사고,0,0,2,0,차대차 - 추돌 - 주정차중,안전거리미확보,건조,맑음,단일로 - 기타,승용,남,42세,상해없음,승용,여,48세,경상
2012060800100209,2012년 6월 8일 09시,금요일,광주광역시 북구 오치동,경상사고,0,0,1,0,차대차 - 측면직각충돌,차로위반,건조,맑음,교차로 - 교차로부근,승용,남,56세,상해없음,승용,여,36세,경상
2012060800100237,2012년 6월 8일 10시,금요일,광주광역시 서구 화정동,경상사고,0,0,1,0,차대사람 - 기타,안전운전불이행,건조,맑음,기타 - 기타,승합,남,41세,상해없음,보행자,남,61세,경상
2012060800100320,2012년 6월 8일 13시,금요일,광주광역시 동구 학동,경상사고,0,0,2,0,차대차 - 측면직각충돌,교차로운행방법위반,건조,맑음,교차로 - 교차로안,승용,여,58세,상해없음,승용,여,60세,경상
2012060800100321,2012년 6월 8일 13시,금요일,광주광역시 남구 주월동,경상사고,0,0,1,0,차대차 - 측면직각충돌,안전운전불이행,기타,기타,단일로 - 기타,승용,남,65세,상해없음,승용,여,40세,경상
2012060800100322,2012년 6월 8일 13시,금요일,광주광역시 광산구 운수동,경상사고,0,0,1,0,차대차 - 추돌 - 진행중,안전운전불이행,건조,맑음,교차로 - 교차로안,화물,남,45세,상해없음,원동기,남,57세,경상
2012060800100323,2012년 6월 8일 13시,금요일,광주광역시 광산구 신가동,중상사고,0,1,0,0,차대차 - 추돌 - 주정차중,안전거리미확보,건조,맑음,교차로 - 교차로부근,화물,여,46세,상해없음,승용,남,35세,중상
2012060800100354,2012년 6월 8일 14시,금요일,광주광역시 서구 치평동,경상사고,0,0,2,0,차대차 - 추돌 - 진행중,안전운전불이행,건조,맑음,단일로 - 기타,화물,남,52세,기타불명,승용,남,25세,경상
2012060800100396,2012년 6월 8일 15시,금요일,광주광역시 광산구 신창동,경상사고,0,0,1,0,차대차 - 측면직각충돌,교차로운행방법위반,건조,맑음,교차로 - 교차로부근,화물,남,39세,상해없음,승용,남,51세,경상
2012060800100445,2012년 6월 8일 16시,금요일,광주광역시 서구 화정동,경상사고,0,0,2,0,차대차 - 측면직각충돌,교차로운행방법위반,건조,맑음,교차로 - 교차로안,승용,여,48세,경상,승용,남,40세,경상
2012060800100446,2012년 6월 8일 16시,금요일,광주광역시 서구 내방동,경상사고,0,0,1,0,차대사람 - 횡단중,보행자보호의무위반,건조,맑음,교차로 - 교차로안,승용,여,56세,상해없음,보행자,남,11세,경상
2012060800100447,2012년 6월 8일 16시,금요일,광주광역시 광산구 복룡동,경상사고,0,0,1,0,차대차 - 추돌 - 진행중,안전거리미확보,건조,맑음,교차로 - 교차로부근,승용,여,57세,상해없음,화물,남,36세,상해없음
2012060800100448,2012년 6월 8일 16시,금요일,광주광역시 광산구 송정동,중상사고,0,1,0,0,차대차 - 측면직각충돌,교차로운행방법위반,습기,맑음,교차로 - 교차로안,승용,남,39세,상해없음,이륜,남,45세,중상
2012060800100533,2012년 6월 8일 18시,금요일,광주광역시 광산구 쌍암동,경상사고,0,0,2,0,차대차 - 측면직각충돌,교차로운행방법위반,건조,맑음,교차로 - 교차로안,승용,남,26세,경상,승용,남,31세,경상
2012060800100633,2012년 6월 8일 20시,금요일,광주광역시 동구 소태동,경상사고,0,0,1,0,차량단독 - 기타,기타,건조,맑음,단일로 - 기타,승합,남,58세,상해없음,,,,
2012060800100634,2012년 6월 8일 20시,금요일,광주광역시 북구 양산동,경상사고,0,0,4,0,차대차 - 측면직각충돌,교차로운행방법위반,건조,맑음,교차로 - 교차로안,승용,여,21세,경상,승용,여,45세,경상
2012060800100635,2012년 6월 8일 20시,금요일,광주광역시 광산구 월곡동,경상사고,0,0,1,0,차대차 - 측면직각충돌,직진우회전진행방해,건조,맑음,교차로 - 교차로안,승용,남,40세,상해없음,자전거,여,46세,경상
2012060800100676,2012년 6월 8일 21시,금요일,광주광역시 남구 주월동,경상사고,0,0,1,0,차대차 - 추돌 - 주정차중,안전거리미확보,건조,맑음,단일로 - 기타,승용,남,58세,상해없음,승용,여,45세,경상
2012060800100726,2012년 6월 8일 22시,금요일,광주광역시 서구 농성동,경상사고,0,0,1,0,차대차 - 기타,안전운전불이행,건조,맑음,교차로 - 교차로안,승용,기타불명,기타불명,기타불명,자전거,남,21세,경상
2012060800100727,2012년 6월 8일 22시,금요일,광주광역시 북구 중흥동,중상사고,0,1,0,0,차대사람 - 횡단중,보행자보호의무위반,건조,맑음,단일로 - 횡단보도상,승용,남,45세,상해없음,보행자,남,55세,중상
2012060800100728,2012년 6월 8일 22시,금요일,광주광역시 광산구 비아동,중상사고,0,1,0,0,차량단독 - 기타,기타,건조,맑음,단일로 - 기타,승합,남,62세,상해없음,,,,
2012060900100021,2012년 6월 9일 00시,토요일,광주광역시 동구 불로동,경상사고,0,0,1,0,차대사람 - 길가장자리구역통행중,안전운전불이행,건조,맑음,단일로 - 기타,승용,남,26세,상해없음,보행자,여,24세,경상
2012060900100022,2012년 6월 9일 00시,토요일,광주광역시 북구 동림동,경상사고,0,0,1,0,차대차 - 추돌 - 진행중,안전운전불이행,건조,맑음,단일로 - 기타,승용,기타불명,기타불명,기타불명,승용,남,27세,경상
2012060900100045,2012년 6월 9일 01시,토요일,광주광역시 북구 동림동,경상사고,0,0,1,0,차대차 - 측면직각충돌,안전운전불이행,기타,맑음,단일로 - 기타,승용,남,44세,상해없음,승용,남,59세,경상
2012060900100055,2012년 6월 9일 02시,토요일,광주광역시 북구 문흥동,중상사고,0,1,2,0,차대차 - 측면직각충돌,중앙선침범,건조,맑음,단일로 - 기타,화물,남,49세,상해없음,승용,남,42세,경상
2012060900100072,2012년 6월 9일 03시,토요일,광주광역시 서구 화정동,경상사고,0,0,2,0,차대차 - 기타,안전거리미확보,건조,맑음,단일로 - 기타,승용,여,65세,상해없음,원동기,남,21세,경상
2012060900100073,2012년 6월 9일 03시,토요일,광주광역시 남구 구동,경상사고,0,0,3,0,차대차 - 기타,신호위반,건조,맑음,교차로 - 교차로안,승용,남,24세,상해없음,승용,남,23세,경상
2012060900100095,2012년 6월 9일 05시,토요일,광주광역시 북구 두암동,경상사고,0,0,1,1,차대차 - 정면충돌,중앙선침범,건조,맑음,단일로 - 기타,화물,남,41세,부상신고,화물,남,43세,경상
2012060900100109,2012년 6월 9일 06시,토요일,광주광역시 북구 우산동,경상사고,0,0,1,0,차대차 - 추돌 - 주정차중,안전운전불이행,건조,맑음,교차로 - 교차로부근,승용,남,19세,상해없음,승합,남,51세,경상
2012060900100129,2012년 6월 9일 07시,토요일,광주광역시 광산구 우산동,경상사고,0,0,5,0,차대차 - 측면직각충돌,안전운전불이행,건조,맑음,단일로 - 기타,승용,여,55세,경상,화물,남,47세,상해없음
2012060900100156,2012년 6월 9일 08시,토요일,광주광역시 동구 학동,경상사고,0,0,1,0,차대사람 - 기타,안전운전불이행,건조,맑음,교차로 - 교차로안,승용,남,63세,상해없음,보행자,여,71세,경상
2012060900100257,2012년 6월 9일 11시,토요일,광주광역시 서구 쌍촌동,경상사고,0,0,5,0,차대차 - 추돌 - 진행중,안전거리미확보,건조,맑음,단일로 - 기타,승용,남,67세,상해없음,승용,남,58세,경상
2012060900100258,2012년 6월 9일 11시,토요일,광주광역시 서구 덕흥동,경상사고,0,0,2,0,차대차 - 추돌 - 진행중,안전거리미확보,건조,맑음,단일로 - 기타,화물,남,44세,상해없음,승용,남,42세,경상
2012060900100292,2012년 6월 9일 12시,토요일,광주광역시 동구 동명동,경상사고,0,0,4,0,차대차 - 추돌 - 진행중,안전거리미확보,건조,맑음,단일로 - 기타,승용,남,50세,경상,승용,남,45세,경상
2012060900100293,2012년 6월 9일 12시,토요일,광주광역시 동구 동명동,중상사고,0,1,6,0,차대차 - 추돌 - 진행중,안전거리미확보,건조,맑음,단일로 - 기타,화물,남,30세,중상,승용,남,50세,경상
2012060900100294,2012년 6월 9일 12시,토요일,광주광역시 서구 쌍촌동,경상사고,0,0,1,0,차대차 - 측면직각충돌,신호위반,건조,맑음,교차로 - 교차로안,승용,여,42세,상해없음,이륜,남,25세,경상
2012060900100295,2012년 6월 9일 12시,토요일,광주광역시 남구 주월동,경상사고,0,0,1,0,차대사람 - 횡단중,신호위반,건조,맑음,단일로 - 횡단보도상,승용,여,57세,상해없음,보행자,남,18세,경상
2012060900100326,2012년 6월 9일 13시,토요일,광주광역시 북구 두암동,경상사고,0,0,3,0,차대차 - 측면직각충돌,교차로운행방법위반,건조,맑음,교차로 - 교차로안,승용,남,26세,상해없음,화물,남,77세,경상
2012060900100327,2012년 6월 9일 13시,토요일,광주광역시 광산구 장덕동,경상사고,0,0,1,0,차대차 - 기타,신호위반,건조,맑음,단일로 - 횡단보도상,기타불명,기타불명,기타불명,기타불명,자전거,여,37세,경상
2012060900100394,2012년 6월 9일 15시,토요일,광주광역시 광산구 신창동,중상사고,0,1,0,0,차대차 - 측면직각충돌,직진우회전진행방해,건조,맑음,교차로 - 교차로안,화물,남,31세,상해없음,이륜,남,76세,중상
2012060900100395,2012년 6월 9일 15시,토요일,광주광역시 광산구 월곡동,경상사고,0,0,2,0,차대차 - 추돌 - 진행중,안전운전불이행,건조,맑음,단일로 - 기타,승용,남,51세,상해없음,이륜,남,17세,경상
2012060900100431,2012년 6월 9일 16시,토요일,광주광역시 북구 일곡동,중상사고,0,1,0,0,차대차 - 측면직각충돌,신호위반,건조,맑음,단일로 - 기타,승용,남,47세,상해없음,자전거,남,13세,중상
2012060900100432,2012년 6월 9일 16시,토요일,광주광역시 광산구 소촌동,경상사고,0,0,1,0,차대사람 - 기타,안전운전불이행,건조,맑음,기타 - 기타,건설기계,남,63세,상해없음,보행자,남,33세,경상
2012060900100463,2012년 6월 9일 17시,토요일,광주광역시 북구 청풍동,경상사고,0,0,4,1,차대차 - 기타,중앙선침범,건조,맑음,기타 - 기타,이륜,남,43세,상해없음,승용,남,29세,경상
2012060900100498,2012년 6월 9일 18시,토요일,광주광역시 남구 노대동,경상사고,0,0,3,0,차대차 - 추돌 - 주정차중,안전거리미확보,건조,맑음,단일로 - 기타,승용,남,43세,상해없음,승용,남,41세,경상
2012060900100499,2012년 6월 9일 18시,토요일,광주광역시 북구 두암동,경상사고,0,0,1,0,차대차 - 추돌 - 주정차중,안전거리미확보,건조,맑음,단일로 - 기타,화물,남,70세,기타불명,승용,남,34세,경상
2012060900100553,2012년 6월 9일 20시,토요일,광주광역시 북구 두암동,경상사고,0,0,1,0,차대사람 - 기타,보행자보호의무위반,건조,맑음,교차로 - 교차로안,이륜,남,18세,상해없음,보행자,여,48세,경상
2012060900100554,2012년 6월 9일 20시,토요일,광주광역시 광산구 송정동,경상사고,0,0,1,0,차대사람 - 기타,안전운전불이행,건조,맑음,단일로 - 기타,자전거,남,54세,상해없음,보행자,남,60세,경상
2012060900100581,2012년 6월 9일 21시,토요일,광주광역시 서구 치평동,경상사고,0,0,4,0,차대차 - 측면직각충돌,신호위반,건조,맑음,교차로 - 교차로안,승용,남,19세,상해없음,승용,여,30세,경상
2012060900100582,2012년 6월 9일 21시,토요일,광주광역시 북구 각화동,경상사고,0,0,1,0,차대차 - 측면직각충돌,신호위반,건조,맑음,교차로 - 교차로안,승용,남,26세,상해없음,이륜,남,35세,경상
2012060900100583,2012년 6월 9일 21시,토요일,광주광역시 광산구 신가동,중상사고,0,1,0,0,차대차 - 측면직각충돌,신호위반,건조,맑음,교차로 - 교차로안,승용,남,32세,상해없음,원동기,남,16세,중상
2012060900100615,2012년 6월 9일 22시,토요일,광주광역시 남구 진월동,경상사고,0,0,1,0,차대차 - 측면직각충돌,교차로운행방법위반,기타,기타,교차로 - 교차로안,승용,남,53세,상해없음,승용,남,55세,경상
2012060900100645,2012년 6월 9일 23시,토요일,광주광역시 북구 동림동,경상사고,0,0,2,0,차대차 - 기타,안전거리미확보,건조,맑음,기타 - 기타,승용,남,44세,경상,원동기,남,18세,경상
2012060900100646,2012년 6월 9일 23시,토요일,광주광역시 북구 용봉동,경상사고,0,0,1,0,차대차 - 추돌 - 주정차중,안전운전불이행,건조,맑음,단일로 - 기타,승용,여,22세,상해없음,승용,남,29세,경상
2012060900100647,2012년 6월 9일 23시,토요일,광주광역시 광산구 송정동,중상사고,0,1,0,0,차대차 - 측면직각충돌,신호위반,건조,맑음,교차로 - 교차로안,이륜,남,16세,중상,승용,남,50세,상해없음
2012060900100648,2012년 6월 9일 23시,토요일,광주광역시 광산구 우산동,경상사고,0,0,2,0,차대차 - 추돌 - 진행중,안전운전불이행,건조,맑음,교차로 - 교차로부근,승용,남,27세,상해없음,승용,여,33세,경상
2012061000100062,2012년 6월 10일 02시,일요일,광주광역시 동구 계림동,경상사고,0,0,2,0,차대차 - 추돌 - 진행중,안전거리미확보,건조,맑음,단일로 - 기타,승용,여,22세,상해없음,승용,남,50세,경상
2012061000100082,2012년 6월 10일 04시,일요일,광주광역시 북구 용봉동,경상사고,0,0,1,0,차대차 - 기타,안전운전불이행,건조,맑음,단일로 - 기타,승용,여,29세,기타불명,승용,여,29세,경상
2012061000100083,2012년 6월 10일 04시,일요일,광주광역시 광산구 우산동,중상사고,0,1,3,1,차량단독 - 공작물충돌,과속,건조,맑음,단일로 - 교량,승용,남,18세,부상신고,,,,
2012061000100136,2012년 6월 10일 08시,일요일,광주광역시 광산구 비아동,경상사고,0,0,3,0,차대차 - 측면직각충돌,안전거리미확보,건조,맑음,단일로 - 기타,승용,남,22세,상해없음,승용,남,47세,경상
2012061000100137,2012년 6월 10일 08시,일요일,광주광역시 광산구 수완동,경상사고,0,0,1,0,차대차 - 측면직각충돌,안전운전불이행,건조,맑음,단일로 - 기타,이륜,남,18세,경상,승용,여,24세,상해없음
2012061000100153,2012년 6월 10일 09시,일요일,광주광역시 북구 양산동,중상사고,0,2,0,0,차대차 - 측면직각충돌,신호위반,건조,맑음,교차로 - 교차로안,승용,남,32세,상해없음,화물,남,39세,상해없음
2012061000100177,2012년 6월 10일 10시,일요일,광주광역시 북구 운암동,경상사고,0,0,2,0,차대차 - 정면충돌,신호위반,건조,맑음,교차로 - 교차로안,승용,남,24세,상해없음,승용,남,60세,경상
2012061000100286,2012년 6월 10일 14시,일요일,광주광역시 남구 진월동,경상사고,0,0,1,0,차대사람 - 횡단중,신호위반,기타,맑음,단일로 - 횡단보도상,승용,남,62세,상해없음,보행자,여,21세,경상
2012061000100287,2012년 6월 10일 14시,일요일,광주광역시 북구 오치동,경상사고,0,0,1,0,차대차 - 추돌 - 진행중,안전운전불이행,건조,맑음,단일로 - 기타,승용,남,16세,상해없음,승용,남,42세,경상
2012061000100288,2012년 6월 10일 14시,일요일,광주광역시 광산구 우산동,중상사고,0,1,0,0,차대차 - 측면직각충돌,교차로운행방법위반,건조,맑음,교차로 - 교차로안,승용,남,52세,상해없음,원동기,남,22세,중상
2012061000100318,2012년 6월 10일 15시,일요일,광주광역시 북구 신용동,중상사고,0,1,1,0,차대차 - 측면직각충돌,직진우회전진행방해,건조,맑음,교차로 - 교차로안,승용,남,30세,중상,승용,남,59세,경상
2012061000100354,2012년 6월 10일 16시,일요일,광주광역시 남구 송하동,경상사고,0,0,2,0,차대차 - 정면충돌,중앙선침범,건조,맑음,단일로 - 기타,화물,여,56세,상해없음,승용,남,25세,경상
2012061000100396,2012년 6월 10일 17시,일요일,광주광역시 광산구 산월동,중상사고,0,1,0,0,차대사람 - 보도통행중,보행자보호의무위반,건조,맑음,교차로 - 교차로안,화물,남,57세,상해없음,보행자,남,46세,중상
2012061000100429,2012년 6월 10일 18시,일요일,광주광역시 서구 쌍촌동,중상사고,0,1,0,0,차대차 - 추돌 - 주정차중,안전운전불이행,건조,맑음,단일로 - 기타,기타불명,기타불명,기타불명,기타불명,이륜,남,18세,중상
2012061000100430,2012년 6월 10일 18시,일요일,광주광역시 광산구 신가동,사망사고,1,0,1,0,차대차 - 측면직각충돌,신호위반,건조,맑음,교차로 - 교차로안,원동기,남,29세,사망,승용,여,31세,경상
2012061000100431,2012년 6월 10일 18시,일요일,광주광역시 광산구 소촌동,중상사고,0,2,0,0,차대차 - 추돌 - 주정차중,불법유턴,건조,맑음,단일로 - 기타,승용,남,44세,상해없음,승용,여,26세,중상
2012061000100432,2012년 6월 10일 18시,일요일,광주광역시 광산구 수완동,경상사고,0,0,1,0,차대차 - 측면직각충돌,안전운전불이행,건조,맑음,기타 - 기타,승용,남,50세,상해없음,자전거,남,14세,경상
2012061000100497,2012년 6월 10일 20시,일요일,광주광역시 서구 쌍촌동,경상사고,0,0,1,0,차대차 - 기타,안전운전불이행,건조,맑음,단일로 - 기타,승용,남,33세,상해없음,원동기,남,32세,경상
2012061000100498,2012년 6월 10일 20시,일요일,광주광역시 북구 삼각동,경상사고,0,0,2,0,차대차 - 추돌 - 주정차중,안전운전불이행,건조,맑음,교차로 - 교차로부근,승용,남,52세,상해없음,승용,여,40세,경상
2012061100100018,2012년 6월 11일 00시,월요일,광주광역시 서구 쌍촌동,경상사고,0,0,1,0,차대차 - 측면직각충돌,안전거리미확보,건조,맑음,단일로 - 기타,승용,남,22세,상해없음,이륜,남,19세,경상
2012061100100019,2012년 6월 11일 00시,월요일,광주광역시 광산구 소촌동,중상사고,0,1,0,0,차대사람 - 보도통행중,안전운전불이행,건조,맑음,교차로 - 교차로부근,승용,남,32세,상해없음,보행자,남,31세,중상
2012061100100034,2012년 6월 11일 01시,월요일,광주광역시 북구 우산동,경상사고,0,0,2,0,차대차 - 추돌 - 진행중,안전거리미확보,건조,맑음,단일로 - 기타,승용,남,53세,상해없음,승용,남,32세,경상
2012061100100041,2012년 6월 11일 02시,월요일,광주광역시 광산구 월곡동,경상사고,0,0,1,0,차대차 - 정면충돌,중앙선침범,건조,맑음,교차로 - 교차로부근,승용,남,37세,상해없음,승용,남,44세,경상
2012061100100052,2012년 6월 11일 04시,월요일,광주광역시 광산구 월곡동,중상사고,0,2,1,0,차대차 - 추돌 - 진행중,신호위반,건조,맑음,교차로 - 교차로안,승용,남,30세,상해없음,승용,남,37세,경상
2012061100100138,2012년 6월 11일 08시,월요일,광주광역시 남구 송하동,경상사고,0,0,1,0,차대차 - 기타,안전운전불이행,건조,맑음,교차로 - 교차로부근,승용,남,32세,상해없음,자전거,남,18세,경상
2012061100100187,2012년 6월 11일 10시,월요일,광주광역시 동구 산수동,경상사고,0,0,1,0,차대차 - 기타,안전운전불이행,건조,맑음,교차로 - 교차로안,승용,남,21세,상해없음,자전거,남,19세,경상
2012061100100188,2012년 6월 11일 10시,월요일,광주광역시 서구 유촌동,경상사고,0,0,1,0,차대차 - 추돌 - 주정차중,안전거리미확보,건조,맑음,교차로 - 교차로안,화물,남,44세,상해없음,승용,남,26세,경상
2012061100100189,2012년 6월 11일 10시,월요일,광주광역시 북구 두암동,경상사고,0,0,2,0,차대차 - 추돌 - 진행중,안전운전불이행,건조,맑음,교차로 - 교차로부근,승용,여,69세,상해없음,승용,남,55세,경상
2012061100100210,2012년 6월 11일 11시,월요일,광주광역시 동구 동명동,부상신고사고,0,0,0,1,차대차 - 기타,신호위반,건조,맑음,교차로 - 교차로안,자전거,남,18세,부상신고,승용,남,30세,상해없음
2012061100100233,2012년 6월 11일 12시,월요일,광주광역시 광산구 장덕동,경상사고,0,0,1,0,차량단독 - 공작물충돌,안전운전불이행,건조,맑음,단일로 - 기타,승용,남,27세,경상,,,,
2012061100100234,2012년 6월 11일 12시,월요일,광주광역시 광산구 임곡동,경상사고,0,0,1,0,차대차 - 측면직각충돌,안전운전불이행,건조,맑음,단일로 - 기타,화물,남,60세,상해없음,화물,남,30세,경상
2012061100100286,2012년 6월 11일 14시,월요일,광주광역시 서구 동천동,경상사고,0,0,1,0,차대사람 - 횡단중,보행자보호의무위반,건조,맑음,교차로 - 교차로부근,승용,남,31세,상해없음,보행자,여,68세,경상
2012061100100321,2012년 6월 11일 15시,월요일,광주광역시 북구 임동,경상사고,0,0,1,0,차대차 - 측면직각충돌,차로위반,건조,맑음,교차로 - 교차로부근,승용,남,60세,상해없음,승용,남,30세,경상
2012061100100351,2012년 6월 11일 16시,월요일,광주광역시 서구 금호동,경상사고,0,0,1,0,차대차 - 기타,안전운전불이행,건조,맑음,교차로 - 교차로안,이륜,남,18세,상해없음,승용,남,57세,경상
2012061100100397,2012년 6월 11일 17시,월요일,광주광역시 북구 용봉동,중상사고,0,1,0,0,차대차 - 측면직각충돌,안전운전불이행,건조,맑음,교차로 - 교차로부근,승용,남,63세,상해없음,이륜,남,61세,중상
2012061100100398,2012년 6월 11일 17시,월요일,광주광역시 광산구 하산동,경상사고,0,0,1,0,차대차 - 추돌 - 진행중,안전운전불이행,건조,맑음,단일로 - 기타,승용,남,50세,상해없음,화물,남,49세,경상
2012061100100466,2012년 6월 11일 19시,월요일,광주광역시 광산구 송정동,중상사고,0,1,0,0,차대차 - 측면직각충돌,교차로운행방법위반,건조,맑음,교차로 - 교차로안,승용,남,43세,상해없음,원동기,남,29세,중상
2012061100100504,2012년 6월 11일 20시,월요일,광주광역시 서구 광천동,경상사고,0,0,1,0,차대차 - 기타,차로위반,건조,맑음,기타 - 기타,승합,남,51세,상해없음,승용,남,45세,경상
2012061100100529,2012년 6월 11일 21시,월요일,광주광역시 광산구 송정동,중상사고,0,2,0,0,차대차 - 추돌 - 주정차중,안전운전불이행,건조,맑음,교차로 - 교차로부근,승용,남,34세,상해없음,승용,남,21세,중상
2012061100100559,2012년 6월 11일 22시,월요일,광주광역시 서구 광천동,경상사고,0,0,1,0,차대차 - 기타,안전운전불이행,건조,맑음,단일로 - 기타,승용,남,59세,상해없음,승용,남,43세,상해없음
2012061100100560,2012년 6월 11일 22시,월요일,광주광역시 서구 화정동,경상사고,0,0,1,0,차대사람 - 기타,안전운전불이행,건조,맑음,단일로 - 기타,승용,기타불명,기타불명,기타불명,보행자,남,18세,경상
2012061100100561,2012년 6월 11일 22시,월요일,광주광역시 광산구 신창동,경상사고,0,0,2,0,차대차 - 측면직각충돌,신호위반,건조,맑음,단일로 - 기타,승용,여,21세,상해없음,승용,남,49세,경상
2012061100100586,2012년 6월 11일 23시,월요일,광주광역시 서구 매월동,경상사고,0,0,1,0,차량단독 - 공작물충돌,안전운전불이행,건조,맑음,단일로 - 기타,화물,남,54세,경상,,,,
2012061100100587,2012년 6월 11일 23시,월요일,광주광역시 북구 오치동,경상사고,0,0,2,0,차대차 - 추돌 - 주정차중,안전운전불이행,건조,맑음,단일로 - 기타,승용,남,40세,상해없음,승용,여,41세,경상
2012061100100588,2012년 6월 11일 23시,월요일,광주광역시 광산구 신창동,경상사고,0,0,1,0,차대차 - 기타,안전운전불이행,건조,맑음,단일로 - 기타,기타불명,기타불명,기타불명,기타불명,자전거,남,24세,경상
2012061200100032,2012년 6월 12일 01시,화요일,광주광역시 광산구 수완동,경상사고,0,0,1,0,차대차 - 측면직각충돌,중앙선침범,건조,맑음,교차로 - 교차로부근,승용,남,39세,상해없음,승용,남,28세,경상
2012061200100057,2012년 6월 12일 03시,화요일,광주광역시 북구 신안동,경상사고,0,0,1,0,차대사람 - 기타,안전운전불이행,건조,맑음,단일로 - 기타,승용,남,28세,상해없음,보행자,남,25세,경상
2012061200100146,2012년 6월 12일 08시,화요일,광주광역시 북구 운암동,경상사고,0,0,1,0,차대사람 - 횡단중,안전운전불이행,건조,맑음,단일로 - 기타,승용,여,45세,상해없음,보행자,여,6세,경상
2012061200100147,2012년 6월 12일 08시,화요일,광주광역시 광산구 월계동,경상사고,0,0,1,0,차대차 - 기타,교차로운행방법위반,건조,맑음,단일로 - 기타,승용,남,59세,상해없음,승용,여,38세,경상
2012061200100177,2012년 6월 12일 09시,화요일,광주광역시 광산구 수완동,중상사고,0,1,0,0,차대차 - 측면직각충돌,신호위반,건조,맑음,교차로 - 교차로부근,승합,남,44세,상해없음,자전거,여,47세,중상
2012061200100205,2012년 6월 12일 10시,화요일,광주광역시 북구 신안동,경상사고,0,0,1,0,차대차 - 측면직각충돌,안전운전불이행,건조,맑음,기타 - 기타,화물,남,54세,상해없음,자전거,남,67세,경상
2012061200100237,2012년 6월 12일 11시,화요일,광주광역시 동구 계림동,경상사고,0,0,2,0,차대차 - 측면직각충돌,안전거리미확보,건조,맑음,단일로 - 기타,승용,여,55세,상해없음,승용,남,59세,경상
2012061200100255,2012년 6월 12일 12시,화요일,광주광역시 서구 양동,중상사고,0,1,0,0,차대차 - 측면직각충돌,교차로운행방법위반,건조,맑음,교차로 - 교차로안,원동기,여,40세,중상,승용,남,74세,상해없음
2012061200100282,2012년 6월 12일 13시,화요일,광주광역시 동구 소태동,경상사고,0,0,1,0,차대차 - 측면직각충돌,신호위반,건조,맑음,단일로 - 기타,승용,여,57세,상해없음,자전거,남,69세,경상
2012061200100315,2012년 6월 12일 14시,화요일,광주광역시 광산구 지죽동,경상사고,0,0,1,0,차대차 - 기타,기타,건조,맑음,단일로 - 기타,화물,남,49세,상해없음,승용,남,32세,경상
2012061200100347,2012년 6월 12일 15시,화요일,광주광역시 서구 쌍촌동,경상사고,0,0,1,0,차대차 - 기타,신호위반,건조,맑음,교차로 - 교차로안,기타불명,기타불명,기타불명,기타불명,승용,여,53세,상해없음
2012061200100378,2012년 6월 12일 16시,화요일,광주광역시 북구 우산동,경상사고,0,0,2,0,차대차 - 측면직각충돌,안전거리미확보,건조,맑음,단일로 - 기타,승용,남,55세,상해없음,이륜,남,24세,경상
2012061200100379,2012년 6월 12일 16시,화요일,광주광역시 광산구 산월동,경상사고,0,0,1,0,차량단독 - 전도전복,안전운전불이행,건조,맑음,미분류 - 미분류,승용,남,33세,경상,,,,
2012061200100410,2012년 6월 12일 17시,화요일,광주광역시 북구 매곡동,중상사고,0,1,0,0,차대차 - 기타,안전운전불이행,습기,흐림,단일로 - 기타,승용,남,66세,상해없음,원동기,남,38세,중상
2012061200100451,2012년 6월 12일 18시,화요일,광주광역시 남구 월산동,경상사고,0,0,1,0,차대차 - 추돌 - 주정차중,안전거리미확보,건조,맑음,교차로 - 교차로부근,승용,남,40세,상해없음,승용,남,72세,경상