사고번호,사고일시,요일,시군구,사고내용,사망자수,중상자수,경상자수,부상신고자수,사고유형,법규위반,노면상태,기상상태,도로형태,가해운전자 차종,가해운전자 성별,가해운전자 연령,가해운전자 상해정도,피해운전자 차종,피해운전자 성별,피해운전자 연령,피해운전자 상해정도
2012061200100452,2012년 6월 12일 18시,화요일,광주광역시 광산구 도천동,경상사고,0,0,1,0,차대사람 - 기타,안전운전불이행,건조,맑음,교차로 - 교차로부근,화물,남,46세,상해없음,보행자,남,28세,경상
2012061200100493,2012년 6월 12일 19시,화요일,광주광역시 서구 유촌동,경상사고,0,0,1,0,차대차 - 측면직각충돌,교차로운행방법위반,건조,맑음,교차로 - 교차로안,승용,남,65세,상해없음,승용,여,45세,경상
2012061200100494,2012년 6월 12일 19시,화요일,광주광역시 북구 동림동,중상사고,0,1,0,0,차대차 - 기타,안전운전불이행,건조,맑음,단일로 - 기타,화물,남,61세,상해없음,원동기,남,66세,중상
2012061200100495,2012년 6월 12일 19시,화요일,광주광역시 광산구 신창동,경상사고,0,0,1,0,차대차 - 측면직각충돌,안전거리미확보,건조,맑음,단일로 - 기타,승용,남,31세,상해없음,이륜,남,16세,경상
2012061200100529,2012년 6월 12일 20시,화요일,광주광역시 광산구 신가동,중상사고,0,1,0,0,차대차 - 기타,기타,건조,맑음,기타 - 기타,승용,여,36세,상해없음,자전거,남,14세,중상
2012061200100620,2012년 6월 12일 23시,화요일,광주광역시 서구 광천동,경상사고,0,0,1,0,차대차 - 측면직각충돌,신호위반,건조,맑음,교차로 - 교차로안,기타불명,기타불명,기타불명,기타불명,원동기,남,24세,경상
2012061200100621,2012년 6월 12일 23시,화요일,광주광역시 광산구 도천동,경상사고,0,0,2,0,차대차 - 측면직각충돌,신호위반,건조,맑음,교차로 - 교차로안,화물,남,47세,경상,화물,남,36세,경상
2012061300100041,2012년 6월 13일 01시,수요일,광주광역시 북구 우산동,경상사고,0,0,2,0,차대차 - 추돌 - 주정차중,안전거리미확보,건조,맑음,교차로 - 교차로부근,승용,남,31세,상해없음,승용,여,30세,경상
2012061300100080,2012년 6월 13일 05시,수요일,광주광역시 북구 양산동,경상사고,0,0,1,0,차대차 - 측면직각충돌,교차로운행방법위반,건조,맑음,교차로 - 교차로안,승용,남,29세,상해없음,승용,남,74세,경상
2012061300100144,2012년 6월 13일 08시,수요일,광주광역시 서구 농성동,경상사고,0,0,1,0,차대사람 - 기타,안전운전불이행,건조,맑음,기타 - 기타,승용,남,45세,상해없음,보행자,남,30세,경상
2012061300100158,2012년 6월 13일 09시,수요일,광주광역시 동구 대인동,경상사고,0,0,1,0,차대차 - 기타,안전운전불이행,건조,맑음,단일로 - 기타,승용,여,38세,상해없음,승용,여,31세,경상
2012061300100159,2012년 6월 13일 09시,수요일,광주광역시 남구 주월동,경상사고,0,0,2,0,차대차 - 추돌 - 진행중,안전운전불이행,건조,맑음,단일로 - 기타,화물,남,63세,상해없음,승합,남,55세,경상
2012061300100160,2012년 6월 13일 09시,수요일,광주광역시 북구 일곡동,경상사고,0,0,2,0,차대차 - 측면직각충돌,교차로운행방법위반,건조,맑음,교차로 - 교차로안,승용,여,48세,경상,승용,여,24세,경상
2012061300100226,2012년 6월 13일 12시,수요일,광주광역시 북구 월출동,경상사고,0,0,3,0,차대차 - 기타,교차로운행방법위반,건조,맑음,교차로 - 교차로안,화물,남,57세,상해없음,승용,남,42세,경상
2012061300100255,2012년 6월 13일 13시,수요일,광주광역시 북구 두암동,부상신고사고,0,0,0,1,차대사람 - 기타,안전운전불이행,건조,맑음,단일로 - 기타,화물,남,57세,상해없음,보행자,여,85세,부상신고
2012061300100293,2012년 6월 13일 14시,수요일,광주광역시 남구 진월동,중상사고,0,1,0,0,차대차 - 기타,안전운전불이행,건조,맑음,교차로 - 교차로안,승용,여,76세,상해없음,이륜,남,23세,중상
2012061300100294,2012년 6월 13일 14시,수요일,광주광역시 북구 일곡동,경상사고,0,0,1,0,차대차 - 기타,신호위반,건조,맑음,교차로 - 교차로안,승용,여,52세,상해없음,승용,남,34세,경상
2012061300100334,2012년 6월 13일 15시,수요일,광주광역시 서구 쌍촌동,경상사고,0,0,1,0,차대차 - 기타,안전거리미확보,건조,맑음,단일로 - 기타,승용,남,45세,상해없음,승용,여,41세,경상
2012061300100370,2012년 6월 13일 16시,수요일,광주광역시 북구 연제동,경상사고,0,0,1,0,차대사람 - 기타,안전운전불이행,습기,흐림,단일로 - 횡단보도부근,승용,남,44세,상해없음,보행자,남,14세,경상
2012061300100371,2012년 6월 13일 16시,수요일,광주광역시 광산구 쌍암동,부상신고사고,0,0,0,2,차대차 - 측면직각충돌,불법유턴,건조,맑음,교차로 - 교차로부근,승용,남,39세,부상신고,승용,남,31세,부상신고
2012061300100417,2012년 6월 13일 17시,수요일,광주광역시 서구 금호동,경상사고,0,0,1,0,차대차 - 기타,신호위반,건조,맑음,교차로 - 교차로안,승용,여,53세,상해없음,승합,여,57세,경상
2012061300100418,2012년 6월 13일 17시,수요일,광주광역시 서구 양동,경상사고,0,0,1,0,차대사람 - 횡단중,안전운전불이행,건조,맑음,단일로 - 기타,이륜,남,55세,상해없음,보행자,여,74세,경상
2012061300100460,2012년 6월 13일 18시,수요일,광주광역시 서구 화정동,경상사고,0,0,1,0,차대사람 - 횡단중,안전운전불이행,습기,비,교차로 - 교차로안,이륜,기타불명,기타불명,기타불명,보행자,여,13세,경상
2012061300100490,2012년 6월 13일 19시,수요일,광주광역시 서구 쌍촌동,중상사고,0,1,0,0,차대사람 - 횡단중,안전운전불이행,건조,맑음,단일로 - 횡단보도상,승용,남,33세,상해없음,보행자,남,21세,중상
2012061300100491,2012년 6월 13일 19시,수요일,광주광역시 남구 방림동,경상사고,0,0,1,0,차대차 - 측면직각충돌,차로위반,건조,맑음,단일로 - 기타,승용,남,51세,상해없음,승합,남,51세,상해없음
2012061300100492,2012년 6월 13일 19시,수요일,광주광역시 북구 운암동,경상사고,0,0,1,0,차대차 - 기타,신호위반,건조,맑음,교차로 - 교차로안,승용,남,47세,상해없음,이륜,남,24세,경상
2012061300100523,2012년 6월 13일 20시,수요일,광주광역시 서구 치평동,경상사고,0,0,3,0,차대차 - 기타,중앙선침범,건조,맑음,교차로 - 교차로안,승용,남,37세,상해없음,승용,남,31세,경상
2012061300100524,2012년 6월 13일 20시,수요일,광주광역시 북구 문흥동,사망사고,1,0,0,0,차대사람 - 횡단중,보행자보호의무위반,건조,맑음,단일로 - 기타,승용,남,66세,상해없음,보행자,남,74세,사망
2012061300100525,2012년 6월 13일 20시,수요일,광주광역시 광산구 우산동,경상사고,0,0,1,0,차대차 - 추돌 - 주정차중,안전운전불이행,건조,맑음,교차로 - 교차로안,승용,남,45세,상해없음,승용,남,28세,경상
2012061300100561,2012년 6월 13일 21시,수요일,광주광역시 북구 임동,경상사고,0,0,1,0,차대차 - 측면직각충돌,중앙선침범,건조,맑음,단일로 - 기타,승용,남,52세,상해없음,승용,여,44세,경상
2012061300100562,2012년 6월 13일 21시,수요일,광주광역시 북구 본촌동,중상사고,0,1,0,0,차대사람 - 기타,안전운전불이행,건조,맑음,교차로 - 교차로부근,승용,남,45세,상해없음,보행자,남,34세,중상
2012061300100563,2012년 6월 13일 21시,수요일,광주광역시 북구 운암동,경상사고,0,0,1,0,차대차 - 기타,안전운전불이행,건조,맑음,기타 - 기타,승용,남,17세,상해없음,승용,여,28세,경상
2012061300100596,2012년 6월 13일 22시,수요일,광주광역시 북구 문흥동,경상사고,0,0,1,0,차대사람 - 횡단중,신호위반,건조,맑음,단일로 - 횡단보도상,승용,여,34세,상해없음,보행자,여,43세,경상
2012061300100597,2012년 6월 13일 22시,수요일,광주광역시 광산구 흑석동,경상사고,0,0,3,0,차대차 - 측면직각충돌,교차로운행방법위반,건조,맑음,교차로 - 교차로안,승용,남,33세,상해없음,승용,남,51세,경상
2012061400100017,2012년 6월 14일 00시,목요일,광주광역시 광산구 우산동,경상사고,0,0,1,0,차대차 - 추돌 - 진행중,안전운전불이행,건조,맑음,교차로 - 교차로안,화물,남,46세,상해없음,승합,남,37세,경상
2012061400100031,2012년 6월 14일 01시,목요일,광주광역시 광산구 신가동,경상사고,0,0,1,0,차량단독 - 기타,안전운전불이행,건조,맑음,단일로 - 터널,승용,여,41세,경상,,,,
2012061400100041,2012년 6월 14일 02시,목요일,광주광역시 서구 치평동,경상사고,0,0,3,0,차대차 - 측면직각충돌,안전운전불이행,건조,맑음,교차로 - 교차로안,승용,남,42세,상해없음,승용,남,51세,상해없음
2012061400100117,2012년 6월 14일 07시,목요일,광주광역시 서구 치평동,경상사고,0,0,3,0,차대차 - 기타,안전거리미확보,건조,맑음,단일로 - 기타,승용,남,28세,상해없음,승용,남,26세,경상
2012061400100118,2012년 6월 14일 07시,목요일,광주광역시 북구 오치동,중상사고,0,1,0,0,차대차 - 기타,안전거리미확보,건조,맑음,단일로 - 기타,승합,남,46세,상해없음,이륜,남,16세,중상
2012061400100119,2012년 6월 14일 07시,목요일,광주광역시 북구 운암동,경상사고,0,0,1,1,차대차 - 추돌 - 주정차중,안전운전불이행,건조,맑음,단일로 - 기타,승용,남,37세,부상신고,화물,남,50세,경상
2012061400100152,2012년 6월 14일 08시,목요일,광주광역시 남구 양과동,중상사고,0,1,0,1,차대차 - 기타,중앙선침범,건조,맑음,단일로 - 기타,승용,남,23세,부상신고,승용,남,46세,중상
2012061400100153,2012년 6월 14일 08시,목요일,광주광역시 남구 주월동,중상사고,0,1,0,0,차대사람 - 보도통행중,보행자보호의무위반,건조,맑음,단일로 - 횡단보도상,승용,여,44세,상해없음,보행자,여,61세,중상
2012061400100181,2012년 6월 14일 09시,목요일,광주광역시 북구 두암동,중상사고,0,1,0,0,차대사람 - 횡단중,안전운전불이행,건조,맑음,단일로 - 기타,승용,남,56세,상해없음,보행자,남,38세,중상
2012061400100210,2012년 6월 14일 10시,목요일,광주광역시 남구 백운동,경상사고,0,0,1,0,차대차 - 기타,신호위반,건조,맑음,교차로 - 교차로부근,승용,여,70세,상해없음,원동기,남,79세,경상
2012061400100259,2012년 6월 14일 12시,목요일,광주광역시 남구 백운동,경상사고,0,0,1,0,차대차 - 추돌 - 주정차중,안전거리미확보,건조,맑음,단일로 - 기타,승용,남,69세,기타불명,승용,남,37세,경상
2012061400100260,2012년 6월 14일 12시,목요일,광주광역시 남구 주월동,중상사고,0,1,0,0,차대차 - 측면직각충돌,신호위반,건조,맑음,단일로 - 기타,승용,여,41세,상해없음,자전거,남,15세,중상
2012061400100344,2012년 6월 14일 15시,목요일,광주광역시 북구 두암동,경상사고,0,0,2,0,차대차 - 측면직각충돌,안전운전불이행,건조,맑음,교차로 - 교차로안,승용,여,49세,상해없음,원동기,남,19세,경상
2012061400100371,2012년 6월 14일 16시,목요일,광주광역시 북구 문흥동,중상사고,0,1,0,0,차대차 - 측면직각충돌,교차로운행방법위반,건조,맑음,교차로 - 교차로안,승합,남,62세,상해없음,원동기,남,28세,중상
2012061400100467,2012년 6월 14일 18시,목요일,광주광역시 서구 치평동,경상사고,0,0,2,0,차대차 - 측면직각충돌,신호위반,건조,맑음,교차로 - 교차로안,승용,남,37세,상해없음,승용,여,33세,경상
2012061400100468,2012년 6월 14일 18시,목요일,광주광역시 광산구 소촌동,중상사고,0,1,0,0,차대차 - 정면충돌,안전운전불이행,건조,맑음,단일로 - 기타,원동기,남,69세,중상,화물,남,29세,상해없음
2012061400100487,2012년 6월 14일 19시,목요일,광주광역시 북구 임동,경상사고,0,0,2,0,차대차 - 기타,신호위반,건조,맑음,교차로 - 교차로안,승용,남,59세,상해없음,승용,남,47세,경상
2012061400100488,2012년 6월 14일 19시,목요일,광주광역시 광산구 신가동,경상사고,0,0,1,2,차대차 - 측면직각충돌,신호위반,건조,맑음,교차로 - 교차로안,승용,남,30세,부상신고,승용,남,42세,경상
2012061400100527,2012년 6월 14일 20시,목요일,광주광역시 북구 두암동,경상사고,0,0,1,0,차대사람 - 차도통행중,안전운전불이행,건조,맑음,단일로 - 기타,승용,남,50세,상해없음,보행자,남,18세,경상
2012061400100528,2012년 6월 14일 20시,목요일,광주광역시 북구 신안동,경상사고,0,0,3,0,차대차 - 추돌 - 진행중,직진우회전진행방해,건조,맑음,단일로 - 기타,승용,남,28세,경상,승용,남,51세,경상
2012061400100550,2012년 6월 14일 21시,목요일,광주광역시 남구 월산동,경상사고,0,0,1,0,차대차 - 기타,교차로운행방법위반,건조,맑음,교차로 - 교차로안,승용,남,39세,상해없음,원동기,남,49세,경상
2012061400100551,2012년 6월 14일 21시,목요일,광주광역시 광산구 신창동,경상사고,0,0,1,0,차대차 - 기타,중앙선침범,건조,맑음,단일로 - 기타,승용,남,48세,상해없음,승용,남,57세,경상
2012061400100620,2012년 6월 14일 23시,목요일,광주광역시 광산구 오선동,경상사고,0,0,2,0,차대차 - 측면직각충돌,신호위반,건조,맑음,교차로 - 교차로안,승용,남,26세,경상,승용,여,28세,경상
2012061500100018,2012년 6월 15일 00시,금요일,광주광역시 동구 계림동,경상사고,0,0,1,0,차대차 - 추돌 - 주정차중,안전거리미확보,건조,맑음,교차로 - 교차로부근,승용,남,27세,상해없음,승용,남,26세,경상
2012061500100019,2012년 6월 15일 00시,금요일,광주광역시 서구 쌍촌동,경상사고,0,0,1,0,차대차 - 측면직각충돌,안전운전불이행,건조,맑음,교차로 - 교차로안,승용,남,45세,상해없음,승용,남,27세,경상
2012061500100020,2012년 6월 15일 00시,금요일,광주광역시 광산구 신촌동,경상사고,0,0,4,0,차대차 - 추돌 - 주정차중,안전운전불이행,건조,맑음,교차로 - 교차로부근,승용,남,50세,상해없음,승합,남,34세,경상
2012061500100079,2012년 6월 15일 05시,금요일,광주광역시 서구 화정동,경상사고,0,0,1,0,차대차 - 측면직각충돌,중앙선침범,건조,맑음,단일로 - 기타,이륜,남,52세,상해없음,이륜,남,40세,경상
2012061500100088,2012년 6월 15일 06시,금요일,광주광역시 광산구 우산동,경상사고,0,0,1,0,차대차 - 추돌 - 주정차중,신호위반,건조,맑음,교차로 - 교차로안,승용,남,60세,상해없음,화물,남,45세,경상
2012061500100117,2012년 6월 15일 07시,금요일,광주광역시 서구 화정동,경상사고,0,0,1,0,차대차 - 측면직각충돌,안전운전불이행,건조,맑음,단일로 - 기타,승합,남,51세,상해없음,승합,남,40세,경상
2012061500100118,2012년 6월 15일 07시,금요일,광주광역시 광산구 우산동,경상사고,0,0,1,0,차대차 - 측면직각충돌,교차로운행방법위반,건조,맑음,교차로 - 교차로안,승용,남,50세,상해없음,승용,여,33세,경상
2012061500100179,2012년 6월 15일 09시,금요일,광주광역시 서구 풍암동,중상사고,0,1,3,0,차대차 - 기타,안전운전불이행,건조,맑음,교차로 - 교차로부근,승용,여,55세,경상,승용,여,42세,경상
2012061500100180,2012년 6월 15일 09시,금요일,광주광역시 북구 운암동,경상사고,0,0,1,0,차대차 - 측면직각충돌,교차로운행방법위반,건조,맑음,교차로 - 교차로안,승용,남,45세,상해없음,승용,여,36세,경상
2012061500100181,2012년 6월 15일 09시,금요일,광주광역시 광산구 흑석동,경상사고,0,0,1,0,차대차 - 측면직각충돌,교차로운행방법위반,건조,맑음,교차로 - 교차로안,승용,남,64세,상해없음,승용,남,55세,경상
2012061500100219,2012년 6월 15일 10시,금요일,광주광역시 서구 쌍촌동,경상사고,0,0,2,0,차대차 - 측면직각충돌,안전운전불이행,건조,맑음,교차로 - 교차로부근,승용,남,27세,상해없음,승용,남,33세,경상
2012061500100220,2012년 6월 15일 10시,금요일,광주광역시 북구 일곡동,경상사고,0,0,1,0,차대차 - 측면직각충돌,신호위반,건조,맑음,교차로 - 교차로안,원동기,남,63세,경상,승용,여,59세,상해없음
2012061500100221,2012년 6월 15일 10시,금요일,광주광역시 광산구 송정동,경상사고,0,0,2,0,차대차 - 기타,불법유턴,건조,맑음,단일로 - 기타,화물,남,28세,상해없음,승용,여,60세,경상
2012061500100270,2012년 6월 15일 12시,금요일,광주광역시 북구 오치동,경상사고,0,0,1,0,차대사람 - 횡단중,보행자보호의무위반,건조,맑음,교차로 - 교차로안,승용,남,48세,상해없음,보행자,여,46세,경상
2012061500100301,2012년 6월 15일 13시,금요일,광주광역시 남구 봉선동,경상사고,0,0,1,0,차대차 - 기타,신호위반,습기,비,교차로 - 교차로안,승용,여,46세,상해없음,승용,남,35세,경상
2012061500100302,2012년 6월 15일 13시,금요일,광주광역시 북구 매곡동,경상사고,0,0,1,0,차대차 - 측면직각충돌,안전운전불이행,건조,맑음,교차로 - 교차로부근,승용,남,53세,상해없음,승용,남,34세,상해없음
2012061500100303,2012년 6월 15일 13시,금요일,광주광역시 북구 각화동,경상사고,0,0,1,0,차대사람 - 횡단중,안전운전불이행,건조,맑음,교차로 - 교차로부근,승용,남,61세,상해없음,보행자,남,40세,경상
2012061500100381,2012년 6월 15일 15시,금요일,광주광역시 서구 쌍촌동,경상사고,0,0,1,0,차대차 - 측면직각충돌,교차로운행방법위반,습기,비,교차로 - 교차로안,승용,남,54세,상해없음,이륜,남,47세,경상
2012061500100423,2012년 6월 15일 16시,금요일,광주광역시 북구 양산동,경상사고,0,0,1,0,차대차 - 추돌 - 진행중,차로위반,건조,맑음,단일로 - 기타,화물,남,59세,상해없음,승용,남,41세,경상
2012061500100470,2012년 6월 15일 17시,금요일,광주광역시 광산구 신가동,경상사고,0,0,1,0,차대차 - 추돌 - 진행중,안전운전불이행,건조,맑음,교차로 - 교차로안,승용,여,44세,상해없음,자전거,남,12세,경상
2012061500100558,2012년 6월 15일 19시,금요일,광주광역시 광산구 월곡동,경상사고,0,0,1,0,차대차 - 추돌 - 진행중,안전거리미확보,건조,맑음,단일로 - 기타,승용,남,45세,상해없음,승용,여,38세,경상
2012061500100611,2012년 6월 15일 20시,금요일,광주광역시 동구 대인동,경상사고,0,0,2,0,차대차 - 측면직각충돌,신호위반,건조,맑음,교차로 - 교차로안,승용,여,45세,경상,승용,남,68세,경상
2012061500100665,2012년 6월 15일 21시,금요일,광주광역시 서구 쌍촌동,중상사고,0,1,0,0,차대사람 - 기타,중앙선침범,건조,맑음,단일로 - 기타,승용,남,29세,상해없음,보행자,여,68세,중상
2012061500100666,2012년 6월 15일 21시,금요일,광주광역시 남구 송하동,중상사고,0,4,0,0,차대차 - 기타,신호위반,건조,맑음,교차로 - 교차로안,승용,남,52세,상해없음,승용,남,57세,중상
2012061500100711,2012년 6월 15일 22시,금요일,광주광역시 광산구 월계동,중상사고,0,1,0,0,차대사람 - 횡단중,신호위반,건조,맑음,단일로 - 횡단보도상,승용,여,47세,상해없음,보행자,여,47세,중상
2012061600100042,2012년 6월 16일 00시,토요일,광주광역시 동구 금동,경상사고,0,0,1,0,차대사람 - 기타,안전운전불이행,건조,맑음,교차로 - 교차로안,승용,여,22세,상해없음,보행자,여,21세,경상
2012061600100043,2012년 6월 16일 00시,토요일,광주광역시 서구 양동,중상사고,0,1,0,0,차대사람 - 횡단중,안전운전불이행,건조,맑음,교차로 - 교차로부근,승용,남,43세,상해없음,보행자,남,72세,중상
2012061600100044,2012년 6월 16일 00시,토요일,광주광역시 남구 월산동,경상사고,0,0,1,0,차대차 - 기타,안전운전불이행,건조,맑음,교차로 - 교차로안,승용,남,33세,상해없음,승용,남,37세,경상
2012061600100045,2012년 6월 16일 00시,토요일,광주광역시 북구 운암동,경상사고,0,0,3,0,차대차 - 추돌 - 진행중,안전운전불이행,건조,맑음,교차로 - 교차로부근,승용,남,37세,상해없음,승용,남,25세,경상
2012061600100131,2012년 6월 16일 04시,토요일,광주광역시 북구 동림동,경상사고,0,0,2,0,차대차 - 추돌 - 진행중,안전운전불이행,건조,맑음,교차로 - 교차로안,승용,남,30세,상해없음,승용,남,40세,경상
2012061600100144,2012년 6월 16일 05시,토요일,광주광역시 서구 농성동,경상사고,0,0,1,0,차대차 - 측면직각충돌,차로위반,건조,맑음,단일로 - 기타,승합,남,62세,상해없음,승용,남,63세,경상
2012061600100179,2012년 6월 16일 07시,토요일,광주광역시 서구 화정동,경상사고,0,0,1,0,차대차 - 기타,교차로운행방법위반,건조,맑음,교차로 - 교차로안,승용,여,32세,상해없음,승용,남,42세,상해없음
2012061600100256,2012년 6월 16일 10시,토요일,광주광역시 북구 운암동,경상사고,0,0,1,0,차대차 - 측면직각충돌,신호위반,건조,맑음,교차로 - 교차로안,승용,남,49세,상해없음,승용,여,46세,경상
2012061600100287,2012년 6월 16일 11시,토요일,광주광역시 서구 광천동,경상사고,0,0,2,0,차대차 - 추돌 - 진행중,안전운전불이행,건조,맑음,단일로 - 기타,승용,여,61세,상해없음,승용,여,46세,경상
2012061600100289,2012년 6월 16일 11시,토요일,광주광역시 광산구 신촌동,경상사고,0,0,1,0,차대차 - 측면직각충돌,안전거리미확보,건조,맑음,단일로 - 기타,승용,남,53세,상해없음,승합,남,63세,상해없음
2012061600100359,2012년 6월 16일 13시,토요일,광주광역시 북구 동림동,경상사고,0,0,3,0,차대차 - 측면직각충돌,신호위반,건조,맑음,교차로 - 교차로안,승용,남,29세,경상,승용,남,27세,경상
2012061600100360,2012년 6월 16일 13시,토요일,광주광역시 광산구 월전동,경상사고,0,0,2,0,차대차 - 기타,안전운전불이행,건조,맑음,교차로 - 교차로부근,기타불명,기타불명,기타불명,기타불명,승용,남,48세,경상
2012061600100361,2012년 6월 16일 13시,토요일,광주광역시 광산구 운수동,경상사고,0,0,3,0,차대차 - 기타,안전운전불이행,건조,맑음,미분류 - 미분류,기타불명,기타불명,기타불명,기타불명,승용,남,27세,상해없음
2012061600100399,2012년 6월 16일 14시,토요일,광주광역시 북구 청풍동,경상사고,0,0,1,0,차대차 - 측면직각충돌,중앙선침범,건조,맑음,단일로 - 기타,승용,남,47세,상해없음,승용,여,43세,경상
2012061600100400,2012년 6월 16일 14시,토요일,광주광역시 북구 신안동,경상사고,0,0,1,0,차대차 - 측면직각충돌,안전운전불이행,건조,맑음,단일로 - 기타,승용,남,63세,상해없음,승용,남,52세,경상
2012061600100401,2012년 6월 16일 14시,토요일,광주광역시 광산구 선암동,경상사고,0,0,1,0,차대차 - 기타,안전거리미확보,건조,맑음,단일로 - 기타,화물,남,51세,상해없음,원동기,남,43세,경상
2012061600100432,2012년 6월 16일 15시,토요일,광주광역시 서구 광천동,경상사고,0,0,1,0,차대차 - 기타,안전거리미확보,건조,맑음,기타 - 기타,승용,남,60세,상해없음,승용,남,52세,경상
2012061600100456,2012년 6월 16일 16시,토요일,광주광역시 남구 진월동,경상사고,0,0,1,0,차대차 - 기타,안전운전불이행,건조,맑음,단일로 - 기타,승용,남,32세,상해없음,자전거,여,30세,경상
2012061600100457,2012년 6월 16일 16시,토요일,광주광역시 북구 오치동,경상사고,0,0,2,0,차대차 - 측면직각충돌,신호위반,건조,맑음,교차로 - 교차로안,승용,여,66세,상해없음,승용,남,31세,경상
2012061600100497,2012년 6월 16일 17시,토요일,광주광역시 북구 누문동,중상사고,0,1,0,0,차대사람 - 기타,안전운전불이행,건조,맑음,단일로 - 기타,승용,남,63세,상해없음,보행자,남,47세,중상
2012061600100498,2012년 6월 16일 17시,토요일,광주광역시 북구 우산동,중상사고,0,1,0,0,차대사람 - 차도통행중,안전운전불이행,건조,맑음,교차로 - 교차로안,승용,남,43세,상해없음,보행자,여,7세,중상
2012061600100499,2012년 6월 16일 17시,토요일,광주광역시 광산구 운남동,경상사고,0,0,2,0,차대차 - 기타,안전운전불이행,건조,맑음,단일로 - 기타,승용,남,29세,상해없음,승용,남,36세,상해없음
2012061600100500,2012년 6월 16일 17시,토요일,광주광역시 광산구 산정동,중상사고,0,1,0,0,차대차 - 측면직각충돌,안전운전불이행,건조,맑음,교차로 - 교차로부근,자전거,남,14세,중상,승용,남,34세,상해없음
2012061600100530,2012년 6월 16일 18시,토요일,광주광역시 서구 매월동,경상사고,0,0,2,2,차대차 - 기타,안전운전불이행,건조,맑음,미분류 - 미분류,화물,남,25세,상해없음,승용,남,37세,경상
2012061600100531,2012년 6월 16일 18시,토요일,광주광역시 서구 화정동,경상사고,0,0,1,0,차대차 - 추돌 - 주정차중,안전운전불이행,건조,맑음,교차로 - 교차로안,승용,남,46세,상해없음,승용,여,33세,경상
2012061600100532,2012년 6월 16일 18시,토요일,광주광역시 북구 임동,경상사고,0,0,1,0,차대차 - 추돌 - 주정차중,안전운전불이행,건조,맑음,단일로 - 기타,승용,남,51세,상해없음,승용,여,51세,경상
2012061600100589,2012년 6월 16일 20시,토요일,광주광역시 북구 동림동,경상사고,0,0,5,0,차대차 - 측면직각충돌,신호위반,건조,맑음,교차로 - 교차로안,승용,남,61세,상해없음,승용,남,35세,경상
2012061600100590,2012년 6월 16일 20시,토요일,광주광역시 북구 유동,경상사고,0,0,2,0,차대차 - 추돌 - 진행중,안전거리미확보,건조,맑음,교차로 - 교차로부근,승용,남,52세,기타불명,승용,여,49세,경상
2012061600100621,2012년 6월 16일 21시,토요일,광주광역시 광산구 소촌동,경상사고,0,0,1,0,차대차 - 측면직각충돌,안전운전불이행,건조,맑음,단일로 - 기타,승합,남,60세,상해없음,자전거,남,4세,경상
2012061600100654,2012년 6월 16일 22시,토요일,광주광역시 동구 내남동,경상사고,0,0,1,0,차대차 - 측면직각충돌,안전운전불이행,건조,맑음,교차로 - 교차로부근,승용,남,18세,상해없음,승용,여,39세,경상
2012061600100677,2012년 6월 16일 23시,토요일,광주광역시 광산구 신가동,사망사고,1,0,0,0,차대차 - 추돌 - 주정차중,안전운전불이행,건조,맑음,단일로 - 교량,승용,남,57세,상해없음,원동기,남,39세,사망
2012061700100022,2012년 6월 17일 00시,일요일,광주광역시 서구 화정동,경상사고,0,0,1,0,차대차 - 추돌 - 주정차중,안전운전불이행,건조,맑음,단일로 - 기타,승용,남,47세,상해없음,승용,남,21세,경상
2012061700100023,2012년 6월 17일 00시,일요일,광주광역시 북구 일곡동,경상사고,0,0,1,0,차대차 - 추돌 - 진행중,교차로운행방법위반,건조,맑음,교차로 - 교차로부근,승용,남,45세,상해없음,승용,남,32세,경상
2012061700100090,2012년 6월 17일 04시,일요일,광주광역시 광산구 운수동,경상사고,0,0,2,0,차대차 - 측면직각충돌,안전운전불이행,건조,맑음,교차로 - 교차로안,승용,남,46세,기타불명,승용,여,46세,경상
2012061700100112,2012년 6월 17일 06시,일요일,광주광역시 남구 대지동,중상사고,0,1,0,0,차대차 - 기타,안전운전불이행,건조,맑음,단일로 - 기타,화물,남,57세,상해없음,자전거,남,70세,중상
2012061700100154,2012년 6월 17일 09시,일요일,광주광역시 광산구 신창동,경상사고,0,0,1,0,차대사람 - 기타,안전운전불이행,건조,맑음,단일로 - 기타,승용,여,72세,상해없음,보행자,여,35세,경상
2012061700100174,2012년 6월 17일 10시,일요일,광주광역시 북구 신안동,중상사고,0,1,0,0,차대차 - 측면직각충돌,중앙선침범,건조,맑음,단일로 - 기타,기타불명,기타불명,기타불명,기타불명,자전거,남,23세,중상
2012061700100222,2012년 6월 17일 12시,일요일,광주광역시 서구 쌍촌동,경상사고,0,0,1,0,차량단독 - 기타,안전운전불이행,건조,맑음,교차로 - 교차로부근,승합,남,59세,상해없음,,,,
2012061700100303,2012년 6월 17일 15시,일요일,광주광역시 서구 광천동,경상사고,0,0,1,0,차대차 - 측면직각충돌,안전거리미확보,건조,맑음,단일로 - 기타,승용,남,52세,상해없음,승용,남,42세,경상
2012061700100331,2012년 6월 17일 16시,일요일,광주광역시 동구 지산동,경상사고,0,0,2,0,차대사람 - 차도통행중,안전운전불이행,건조,맑음,단일로 - 기타,승용,남,43세,상해없음,보행자,남,7세,경상