사고번호,사고일시,요일,시군구,사고내용,사망자수,중상자수,경상자수,부상신고자수,사고유형,법규위반,노면상태,기상상태,도로형태,가해운전자 차종,가해운전자 성별,가해운전자 연령,가해운전자 상해정도,피해운전자 차종,피해운전자 성별,피해운전자 연령,피해운전자 상해정도
2012061700100354,2012년 6월 17일 17시,일요일,광주광역시 북구 각화동,경상사고,0,0,2,0,차대차 - 추돌 - 주정차중,안전운전불이행,건조,맑음,교차로 - 교차로부근,승용,여,51세,상해없음,승용,여,48세,경상
2012061700100409,2012년 6월 17일 19시,일요일,광주광역시 북구 우산동,경상사고,0,0,2,0,차대차 - 측면직각충돌,교차로운행방법위반,건조,맑음,교차로 - 교차로부근,승용,여,45세,경상,승용,여,31세,경상
2012061700100410,2012년 6월 17일 19시,일요일,광주광역시 북구 운암동,경상사고,0,0,2,0,차대차 - 추돌 - 주정차중,안전거리미확보,건조,맑음,단일로 - 기타,승용,남,53세,상해없음,승용,남,36세,경상
2012061700100444,2012년 6월 17일 20시,일요일,광주광역시 서구 치평동,경상사고,0,0,1,0,차대차 - 측면직각충돌,안전운전불이행,건조,맑음,단일로 - 기타,화물,남,53세,상해없음,승용,남,52세,경상
2012061700100472,2012년 6월 17일 21시,일요일,광주광역시 서구 유촌동,경상사고,0,0,1,0,차대차 - 측면직각충돌,신호위반,건조,맑음,교차로 - 교차로안,승용,여,48세,상해없음,승용,남,31세,경상
2012061700100473,2012년 6월 17일 21시,일요일,광주광역시 남구 월산동,경상사고,0,0,1,0,차대차 - 기타,안전거리미확보,건조,기타,교차로 - 교차로부근,승용,남,34세,상해없음,승용,남,42세,경상
2012061700100501,2012년 6월 17일 22시,일요일,광주광역시 북구 각화동,경상사고,0,0,1,0,차대차 - 측면직각충돌,안전운전불이행,건조,맑음,교차로 - 교차로안,승용,기타불명,기타불명,기타불명,자전거,남,13세,경상
2012061700100502,2012년 6월 17일 22시,일요일,광주광역시 북구 청풍동,경상사고,0,0,3,0,차대차 - 기타,안전운전불이행,건조,맑음,단일로 - 기타,화물,남,26세,상해없음,승용,여,20세,경상
2012061700100521,2012년 6월 17일 23시,일요일,광주광역시 동구 산수동,경상사고,0,0,3,0,차대차 - 측면직각충돌,중앙선침범,건조,맑음,단일로 - 기타,승용,남,30세,기타불명,승용,남,43세,경상
2012061700100522,2012년 6월 17일 23시,일요일,광주광역시 북구 용봉동,경상사고,0,0,2,0,차대차 - 정면충돌,신호위반,건조,맑음,교차로 - 교차로안,승용,남,32세,상해없음,승용,남,55세,경상
2012061800100016,2012년 6월 18일 00시,월요일,광주광역시 북구 신안동,경상사고,0,0,1,0,차대차 - 기타,신호위반,기타,기타,단일로 - 기타,승용,남,67세,상해없음,승용,남,56세,상해없음
2012061800100032,2012년 6월 18일 02시,월요일,광주광역시 북구 용봉동,경상사고,0,0,2,1,차대차 - 기타,중앙선침범,건조,맑음,단일로 - 기타,승용,남,25세,부상신고,승용,남,25세,경상
2012061800100137,2012년 6월 18일 08시,월요일,광주광역시 서구 치평동,중상사고,0,1,0,0,차대사람 - 기타,신호위반,건조,맑음,기타 - 기타,승합,남,56세,상해없음,보행자,여,52세,중상
2012061800100138,2012년 6월 18일 08시,월요일,광주광역시 북구 운암동,경상사고,0,0,1,0,차대차 - 측면직각충돌,교차로운행방법위반,건조,맑음,교차로 - 교차로안,승용,남,28세,상해없음,승용,남,32세,경상
2012061800100257,2012년 6월 18일 13시,월요일,광주광역시 광산구 도천동,경상사고,0,0,2,0,차대차 - 측면직각충돌,교차로운행방법위반,습기,맑음,교차로 - 교차로부근,화물,남,48세,상해없음,이륜,남,46세,경상
2012061800100281,2012년 6월 18일 14시,월요일,광주광역시 북구 두암동,경상사고,0,0,2,0,차대차 - 기타,교차로운행방법위반,습기,흐림,교차로 - 교차로안,승용,남,41세,상해없음,승용,여,36세,경상
2012061800100311,2012년 6월 18일 15시,월요일,광주광역시 동구 학동,중상사고,0,1,0,0,차대차 - 측면직각충돌,신호위반,습기,비,교차로 - 교차로안,승용,남,32세,상해없음,승용,남,70세,중상
2012061800100383,2012년 6월 18일 17시,월요일,광주광역시 동구 산수동,경상사고,0,0,1,0,차대차 - 측면직각충돌,신호위반,습기,비,교차로 - 교차로안,승용,여,60세,상해없음,이륜,남,33세,경상
2012061800100384,2012년 6월 18일 17시,월요일,광주광역시 서구 광천동,경상사고,0,0,1,0,차대차 - 추돌 - 진행중,안전거리미확보,습기,비,단일로 - 기타,승용,남,62세,상해없음,승용,여,27세,경상
2012061800100432,2012년 6월 18일 18시,월요일,광주광역시 동구 지산동,경상사고,0,0,1,0,차대차 - 기타,안전운전불이행,습기,비,단일로 - 기타,승용,남,52세,상해없음,원동기,남,64세,경상
2012061800100433,2012년 6월 18일 18시,월요일,광주광역시 서구 화정동,경상사고,0,0,2,0,차대차 - 추돌 - 진행중,안전거리미확보,습기,흐림,단일로 - 기타,승용,남,60세,상해없음,승용,여,45세,경상
2012061800100434,2012년 6월 18일 18시,월요일,광주광역시 북구 양산동,경상사고,0,0,1,0,차대차 - 추돌 - 주정차중,안전운전불이행,건조,흐림,교차로 - 교차로부근,승용,남,46세,상해없음,승용,여,40세,경상
2012061800100511,2012년 6월 18일 20시,월요일,광주광역시 서구 내방동,경상사고,0,0,2,0,차대차 - 기타,교차로운행방법위반,건조,맑음,교차로 - 교차로안,승용,여,49세,경상,승용,남,47세,경상
2012061800100562,2012년 6월 18일 21시,월요일,광주광역시 서구 쌍촌동,경상사고,0,0,4,0,차대차 - 기타,안전거리미확보,건조,맑음,단일로 - 기타,승용,여,49세,경상,승합,남,58세,경상
2012061800100563,2012년 6월 18일 21시,월요일,광주광역시 서구 쌍촌동,경상사고,0,0,1,0,차대차 - 기타,교차로운행방법위반,건조,맑음,교차로 - 교차로안,승용,남,40세,상해없음,이륜,남,18세,경상
2012061800100564,2012년 6월 18일 21시,월요일,광주광역시 북구 두암동,경상사고,0,0,1,0,차대차 - 정면충돌,교차로운행방법위반,습기,흐림,교차로 - 교차로안,승용,남,29세,상해없음,원동기,남,43세,경상
2012061800100565,2012년 6월 18일 21시,월요일,광주광역시 북구 양산동,경상사고,0,0,1,0,차대차 - 측면직각충돌,교차로운행방법위반,건조,맑음,교차로 - 교차로안,승용,남,46세,상해없음,승용,여,44세,경상
2012061800100566,2012년 6월 18일 21시,월요일,광주광역시 북구 매곡동,경상사고,0,0,1,0,차대차 - 추돌 - 주정차중,안전거리미확보,습기,비,교차로 - 교차로부근,승용,남,59세,상해없음,승용,여,62세,경상
2012061800100590,2012년 6월 18일 22시,월요일,광주광역시 북구 우산동,경상사고,0,0,1,0,차대사람 - 길가장자리구역통행중,안전운전불이행,건조,맑음,단일로 - 기타,기타불명,기타불명,기타불명,기타불명,보행자,남,37세,경상
2012061800100591,2012년 6월 18일 22시,월요일,광주광역시 북구 임동,중상사고,0,1,0,0,차대차 - 추돌 - 진행중,안전운전불이행,습기,비,교차로 - 교차로안,승용,남,27세,상해없음,자전거,여,50세,중상
2012061800100592,2012년 6월 18일 22시,월요일,광주광역시 광산구 송정동,중상사고,0,1,0,0,차대사람 - 횡단중,안전운전불이행,습기,비,단일로 - 횡단보도부근,승합,남,49세,상해없음,보행자,여,84세,중상
2012061800100593,2012년 6월 18일 22시,월요일,광주광역시 광산구 운남동,중상사고,0,2,0,0,차대사람 - 기타,신호위반,습기,비,단일로 - 횡단보도상,승용,남,26세,상해없음,보행자,여,20세,중상
2012061800100595,2012년 6월 18일 22시,월요일,광주광역시 광산구 송정동,중상사고,0,1,0,0,차대사람 - 차도통행중,안전운전불이행,건조,맑음,단일로 - 횡단보도부근,화물,남,42세,상해없음,보행자,남,47세,중상
2012061900100047,2012년 6월 19일 01시,화요일,광주광역시 서구 화정동,사망사고,1,1,0,0,차대사람 - 횡단중,안전운전불이행,습기,비,단일로 - 기타,승용,남,52세,상해없음,보행자,여,41세,사망
2012061900100048,2012년 6월 19일 01시,화요일,광주광역시 서구 치평동,경상사고,0,0,1,0,차대차 - 추돌 - 주정차중,안전운전불이행,건조,맑음,단일로 - 기타,승용,기타불명,기타불명,기타불명,승용,남,29세,경상
2012061900100049,2012년 6월 19일 01시,화요일,광주광역시 남구 월산동,경상사고,0,0,2,0,차대차 - 추돌 - 주정차중,안전거리미확보,습기,비,교차로 - 교차로부근,승용,남,18세,상해없음,승용,남,57세,경상
2012061900100059,2012년 6월 19일 02시,화요일,광주광역시 서구 쌍촌동,경상사고,0,0,2,0,차대차 - 측면직각충돌,신호위반,건조,맑음,교차로 - 교차로안,승용,여,18세,상해없음,승용,남,51세,경상
2012061900100060,2012년 6월 19일 02시,화요일,광주광역시 북구 북동,중상사고,0,3,0,0,차대차 - 측면직각충돌,불법유턴,건조,맑음,단일로 - 기타,승용,남,31세,상해없음,승용,남,47세,상해없음
2012061900100075,2012년 6월 19일 03시,화요일,광주광역시 서구 치평동,중상사고,0,1,0,0,차대사람 - 기타,안전운전불이행,습기,흐림,단일로 - 횡단보도상,승용,남,59세,상해없음,보행자,남,32세,중상
2012061900100076,2012년 6월 19일 03시,화요일,광주광역시 남구 주월동,경상사고,0,0,1,0,차대사람 - 횡단중,보행자보호의무위반,습기,비,단일로 - 횡단보도상,승용,남,37세,상해없음,보행자,남,43세,경상
2012061900100134,2012년 6월 19일 07시,화요일,광주광역시 북구 중흥동,경상사고,0,0,1,0,차대차 - 측면직각충돌,신호위반,건조,맑음,교차로 - 교차로안,승용,남,35세,상해없음,승용,남,43세,경상
2012061900100135,2012년 6월 19일 07시,화요일,광주광역시 광산구 월계동,중상사고,0,1,0,0,차대차 - 기타,교차로운행방법위반,건조,맑음,교차로 - 교차로안,승용,여,44세,상해없음,이륜,남,52세,중상
2012061900100136,2012년 6월 19일 07시,화요일,광주광역시 광산구 우산동,경상사고,0,0,2,0,차대차 - 추돌 - 주정차중,안전운전불이행,건조,맑음,단일로 - 기타,승합,남,52세,상해없음,승용,남,61세,경상
2012061900100204,2012년 6월 19일 09시,화요일,광주광역시 광산구 하산동,경상사고,0,0,1,0,차량단독 - 기타,기타,건조,맑음,단일로 - 기타,승합,남,52세,상해없음,,,,
2012061900100261,2012년 6월 19일 11시,화요일,광주광역시 동구 선교동,경상사고,0,0,1,0,차대차 - 추돌 - 진행중,안전거리미확보,건조,맑음,단일로 - 기타,승용,남,35세,상해없음,이륜,남,51세,경상
2012061900100300,2012년 6월 19일 13시,화요일,광주광역시 서구 화정동,중상사고,0,1,0,0,차대사람 - 기타,안전운전불이행,건조,맑음,기타 - 기타,승용,여,48세,상해없음,보행자,여,69세,중상
2012061900100337,2012년 6월 19일 14시,화요일,광주광역시 서구 농성동,경상사고,0,0,2,0,차대사람 - 기타,안전운전불이행,건조,맑음,단일로 - 기타,승용,남,60세,상해없음,보행자,여,66세,경상
2012061900100359,2012년 6월 19일 15시,화요일,광주광역시 광산구 도천동,사망사고,1,0,0,0,차대차 - 측면직각충돌,교차로운행방법위반,건조,맑음,교차로 - 교차로부근,화물,남,62세,상해없음,화물,남,42세,사망
2012061900100382,2012년 6월 19일 16시,화요일,광주광역시 서구 풍암동,경상사고,0,0,1,0,차대사람 - 길가장자리구역통행중,안전운전불이행,건조,맑음,단일로 - 기타,승용,기타불명,기타불명,기타불명,보행자,남,6세,경상
2012061900100467,2012년 6월 19일 18시,화요일,광주광역시 서구 마륵동,경상사고,0,0,1,0,차대차 - 추돌 - 주정차중,안전거리미확보,건조,맑음,교차로 - 교차로안,승용,여,46세,상해없음,승용,남,38세,경상
2012061900100496,2012년 6월 19일 19시,화요일,광주광역시 북구 오치동,경상사고,0,0,2,0,차대차 - 측면직각충돌,교차로운행방법위반,건조,맑음,교차로 - 교차로안,승용,남,55세,상해없음,승용,여,66세,경상
2012061900100534,2012년 6월 19일 20시,화요일,광주광역시 남구 백운동,중상사고,0,1,0,0,차대사람 - 횡단중,안전운전불이행,건조,맑음,단일로 - 횡단보도상,승용,남,26세,상해없음,보행자,여,12세,중상
2012061900100569,2012년 6월 19일 21시,화요일,광주광역시 서구 치평동,경상사고,0,0,2,0,차대차 - 측면직각충돌,신호위반,건조,맑음,교차로 - 교차로안,승용,남,44세,상해없음,승용,남,44세,경상
2012061900100596,2012년 6월 19일 22시,화요일,광주광역시 서구 금호동,경상사고,0,0,3,0,차대차 - 추돌 - 주정차중,안전운전불이행,건조,맑음,단일로 - 기타,승용,남,31세,상해없음,승용,여,36세,경상
2012061900100597,2012년 6월 19일 22시,화요일,광주광역시 북구 용봉동,경상사고,0,0,1,0,차대사람 - 차도통행중,안전운전불이행,건조,맑음,단일로 - 기타,승용,남,28세,상해없음,보행자,남,18세,경상
2012061900100598,2012년 6월 19일 22시,화요일,광주광역시 광산구 장덕동,경상사고,0,0,1,0,차대차 - 측면직각충돌,신호위반,건조,맑음,교차로 - 교차로안,승용,남,33세,상해없음,이륜,남,16세,경상
2012062000100018,2012년 6월 20일 00시,수요일,광주광역시 광산구 쌍암동,중상사고,0,1,2,0,차대차 - 기타,불법유턴,건조,맑음,단일로 - 기타,승용,남,24세,상해없음,승용,남,34세,경상
2012062000100064,2012년 6월 20일 05시,수요일,광주광역시 북구 각화동,중상사고,0,1,0,0,차대사람 - 횡단중,신호위반,건조,맑음,단일로 - 횡단보도상,화물,남,57세,상해없음,보행자,여,62세,중상
2012062000100065,2012년 6월 20일 05시,수요일,광주광역시 광산구 신가동,경상사고,0,0,2,0,차대차 - 추돌 - 진행중,안전운전불이행,건조,맑음,단일로 - 기타,승용,여,29세,상해없음,승용,남,49세,경상
2012062000100110,2012년 6월 20일 07시,수요일,광주광역시 북구 임동,중상사고,0,1,2,0,차대차 - 추돌 - 진행중,안전운전불이행,건조,맑음,단일로 - 기타,승용,남,62세,중상,승용,남,38세,경상
2012062000100149,2012년 6월 20일 08시,수요일,광주광역시 북구 운암동,경상사고,0,0,1,0,차대차 - 측면직각충돌,안전운전불이행,건조,맑음,단일로 - 기타,기타불명,기타불명,기타불명,기타불명,자전거,남,13세,경상
2012062000100150,2012년 6월 20일 08시,수요일,광주광역시 광산구 신가동,경상사고,0,0,2,0,차대차 - 추돌 - 주정차중,안전운전불이행,건조,맑음,교차로 - 교차로부근,승합,남,67세,상해없음,승용,남,27세,경상
2012062000100171,2012년 6월 20일 09시,수요일,광주광역시 광산구 월계동,중상사고,0,1,0,0,차대사람 - 차도통행중,안전운전불이행,건조,맑음,단일로 - 기타,승용,여,47세,상해없음,보행자,여,18세,중상
2012062000100227,2012년 6월 20일 11시,수요일,광주광역시 북구 풍향동,경상사고,0,0,1,0,차량단독 - 기타,안전운전불이행,건조,맑음,단일로 - 기타,승합,남,49세,상해없음,,,,
2012062000100261,2012년 6월 20일 12시,수요일,광주광역시 동구 계림동,경상사고,0,0,2,0,차대차 - 측면직각충돌,신호위반,건조,맑음,교차로 - 교차로안,승용,여,26세,상해없음,승용,여,39세,경상
2012062000100298,2012년 6월 20일 13시,수요일,광주광역시 동구 수기동,경상사고,0,0,1,0,차대사람 - 횡단중,안전운전불이행,건조,맑음,교차로 - 교차로안,승용,여,52세,상해없음,보행자,남,72세,경상
2012062000100299,2012년 6월 20일 13시,수요일,광주광역시 서구 화정동,경상사고,0,0,2,0,차대차 - 기타,안전운전불이행,건조,맑음,교차로 - 교차로부근,승용,남,53세,상해없음,승용,남,50세,경상
2012062000100321,2012년 6월 20일 14시,수요일,광주광역시 북구 운암동,경상사고,0,0,1,0,차대차 - 추돌 - 진행중,안전운전불이행,건조,맑음,교차로 - 교차로부근,승합,남,46세,상해없음,승용,여,37세,경상
2012062000100349,2012년 6월 20일 15시,수요일,광주광역시 서구 치평동,경상사고,0,0,2,0,차대차 - 측면직각충돌,중앙선침범,건조,맑음,단일로 - 기타,승용,여,63세,상해없음,승용,여,44세,경상
2012062000100350,2012년 6월 20일 15시,수요일,광주광역시 북구 양산동,경상사고,0,0,2,0,차대차 - 측면직각충돌,중앙선침범,건조,맑음,단일로 - 기타,승용,남,38세,경상,승용,여,40세,경상
2012062000100384,2012년 6월 20일 16시,수요일,광주광역시 동구 계림동,경상사고,0,0,1,0,차대차 - 측면직각충돌,안전운전불이행,건조,맑음,교차로 - 교차로부근,승용,남,46세,상해없음,이륜,남,50세,경상
2012062000100451,2012년 6월 20일 18시,수요일,광주광역시 북구 양산동,경상사고,0,0,2,0,차대차 - 측면직각충돌,안전운전불이행,건조,맑음,교차로 - 교차로안,승용,남,34세,경상,승용,남,57세,경상
2012062000100513,2012년 6월 20일 20시,수요일,광주광역시 광산구 월계동,경상사고,0,0,1,0,차대차 - 측면직각충돌,안전운전불이행,건조,맑음,교차로 - 교차로안,승용,남,56세,상해없음,자전거,여,10세,경상
2012062000100514,2012년 6월 20일 20시,수요일,광주광역시 광산구 월계동,경상사고,0,0,3,0,차대차 - 측면직각충돌,안전운전불이행,건조,기타,단일로 - 기타,화물,남,39세,상해없음,승용,여,38세,경상
2012062000100556,2012년 6월 20일 21시,수요일,광주광역시 동구 학동,경상사고,0,0,1,0,차대차 - 측면직각충돌,안전거리미확보,건조,맑음,단일로 - 기타,승용,남,21세,상해없음,이륜,여,16세,경상
2012062100100017,2012년 6월 21일 00시,목요일,광주광역시 북구 신안동,경상사고,0,0,1,0,차대차 - 측면직각충돌,신호위반,건조,맑음,교차로 - 교차로안,승용,남,24세,상해없음,승용,남,41세,경상
2012062100100028,2012년 6월 21일 01시,목요일,광주광역시 서구 광천동,경상사고,0,0,3,0,차대차 - 측면직각충돌,중앙선침범,건조,맑음,단일로 - 기타,이륜,남,15세,경상,승용,남,19세,상해없음
2012062100100064,2012년 6월 21일 04시,목요일,광주광역시 동구 학동,경상사고,0,0,2,0,차대차 - 측면직각충돌,직진우회전진행방해,건조,맑음,교차로 - 교차로안,승용,남,66세,경상,승용,남,68세,경상
2012062100100076,2012년 6월 21일 05시,목요일,광주광역시 광산구 임곡동,경상사고,0,0,1,0,차대차 - 추돌 - 진행중,중앙선침범,건조,맑음,단일로 - 기타,승합,여,60세,상해없음,건설기계,남,48세,경상
2012062100100089,2012년 6월 21일 06시,목요일,광주광역시 북구 양산동,중상사고,0,1,0,0,차대차 - 측면직각충돌,안전운전불이행,건조,맑음,단일로 - 횡단보도부근,기타불명,여,70세,중상,화물,남,53세,상해없음
2012062100100158,2012년 6월 21일 08시,목요일,광주광역시 북구 일곡동,경상사고,0,0,1,0,차대차 - 측면직각충돌,안전운전불이행,건조,맑음,단일로 - 기타,승용,남,32세,상해없음,자전거,남,14세,경상
2012062100100159,2012년 6월 21일 08시,목요일,광주광역시 북구 매곡동,경상사고,0,0,2,0,차대차 - 측면직각충돌,교차로운행방법위반,건조,맑음,교차로 - 교차로안,승용,여,62세,경상,승용,남,25세,경상
2012062100100184,2012년 6월 21일 09시,목요일,광주광역시 북구 임동,중상사고,0,1,0,0,차대사람 - 횡단중,보행자보호의무위반,건조,맑음,교차로 - 교차로안,승용,남,27세,상해없음,보행자,남,71세,중상
2012062100100185,2012년 6월 21일 09시,목요일,광주광역시 광산구 산월동,중상사고,0,1,8,0,차대차 - 추돌 - 진행중,안전거리미확보,건조,맑음,단일로 - 기타,건설기계,남,58세,상해없음,승합,남,54세,경상
2012062100100212,2012년 6월 21일 10시,목요일,광주광역시 북구 중흥동,경상사고,0,0,1,0,차대차 - 측면직각충돌,중앙선침범,건조,맑음,단일로 - 기타,승용,남,45세,상해없음,승용,남,36세,경상
2012062100100323,2012년 6월 21일 14시,목요일,광주광역시 광산구 장덕동,경상사고,0,0,3,0,차대차 - 측면직각충돌,중앙선침범,건조,맑음,단일로 - 기타,승용,남,46세,상해없음,승용,남,37세,경상
2012062100100324,2012년 6월 21일 14시,목요일,광주광역시 광산구 하산동,중상사고,0,1,0,0,차량단독 - 기타,안전운전불이행,건조,맑음,단일로 - 기타,농기계,남,63세,중상,,,,
2012062100100356,2012년 6월 21일 15시,목요일,광주광역시 광산구 송정동,경상사고,0,0,1,0,차대차 - 측면직각충돌,중앙선침범,건조,맑음,단일로 - 기타,승용,남,63세,상해없음,이륜,남,21세,경상
2012062100100357,2012년 6월 21일 15시,목요일,광주광역시 광산구 흑석동,중상사고,0,5,1,0,차대차 - 추돌 - 진행중,안전거리미확보,건조,맑음,단일로 - 기타,화물,남,50세,중상,특수,남,54세,상해없음
2012062100100393,2012년 6월 21일 16시,목요일,광주광역시 동구 계림동,중상사고,0,1,0,0,차대차 - 측면직각충돌,안전운전불이행,건조,맑음,단일로 - 기타,승용,남,41세,상해없음,이륜,남,52세,중상
2012062100100440,2012년 6월 21일 17시,목요일,광주광역시 북구 양산동,부상신고사고,0,0,0,1,차대사람 - 기타,기타,건조,맑음,단일로 - 횡단보도상,승용,여,47세,상해없음,보행자,여,23세,부상신고
2012062100100441,2012년 6월 21일 17시,목요일,광주광역시 광산구 월계동,경상사고,0,0,1,0,차대차 - 측면직각충돌,안전거리미확보,건조,맑음,단일로 - 기타,자전거,남,10세,경상,승용,여,47세,상해없음
2012062100100486,2012년 6월 21일 18시,목요일,광주광역시 서구 유촌동,경상사고,0,0,1,0,차대차 - 기타,안전운전불이행,건조,맑음,교차로 - 교차로부근,특수,남,61세,상해없음,승용,남,52세,경상
2012062100100514,2012년 6월 21일 19시,목요일,광주광역시 북구 운암동,경상사고,0,0,3,0,차대차 - 추돌 - 진행중,안전운전불이행,건조,맑음,단일로 - 기타,승용,여,41세,상해없음,승용,남,39세,경상
2012062100100588,2012년 6월 21일 21시,목요일,광주광역시 남구 양림동,부상신고사고,0,0,0,1,차대차 - 측면직각충돌,중앙선침범,건조,맑음,단일로 - 기타,승용,남,65세,상해없음,승용,여,50세,부상신고
2012062100100589,2012년 6월 21일 21시,목요일,광주광역시 북구 일곡동,경상사고,0,0,1,1,차대차 - 측면직각충돌,신호위반,건조,맑음,교차로 - 교차로안,승용,여,37세,부상신고,승용,남,54세,경상
2012062100100590,2012년 6월 21일 21시,목요일,광주광역시 광산구 우산동,경상사고,0,0,2,0,차대차 - 추돌 - 진행중,안전거리미확보,건조,맑음,단일로 - 기타,승용,남,22세,상해없음,승용,남,50세,경상
2012062100100617,2012년 6월 21일 22시,목요일,광주광역시 서구 풍암동,경상사고,0,0,1,0,차대차 - 기타,안전운전불이행,건조,맑음,기타 - 기타,승용,남,48세,상해없음,승용,남,37세,경상
2012062100100618,2012년 6월 21일 22시,목요일,광주광역시 북구 운암동,경상사고,0,0,2,0,차대차 - 측면직각충돌,안전운전불이행,건조,맑음,단일로 - 기타,승용,남,40세,상해없음,승용,여,45세,경상
2012062100100619,2012년 6월 21일 22시,목요일,광주광역시 북구 운암동,경상사고,0,0,1,0,차대차 - 측면직각충돌,신호위반,건조,맑음,교차로 - 교차로안,원동기,남,18세,상해없음,승용,남,22세,경상
2012062100100647,2012년 6월 21일 23시,목요일,광주광역시 북구 오치동,경상사고,0,0,1,0,차대차 - 추돌 - 주정차중,안전운전불이행,건조,맑음,단일로 - 기타,승용,남,39세,상해없음,승용,여,31세,경상
2012062100100648,2012년 6월 21일 23시,목요일,광주광역시 북구 양산동,경상사고,0,0,2,0,차대차 - 측면직각충돌,안전운전불이행,기타,맑음,단일로 - 기타,승용,기타불명,기타불명,기타불명,승용,남,27세,경상
2012062200100023,2012년 6월 22일 00시,금요일,광주광역시 남구 양과동,중상사고,0,1,1,0,차대차 - 정면충돌,중앙선침범,건조,맑음,단일로 - 기타,승용,남,64세,상해없음,승합,남,53세,경상
2012062200100024,2012년 6월 22일 00시,금요일,광주광역시 북구 일곡동,경상사고,0,0,3,0,차대차 - 추돌 - 진행중,안전운전불이행,건조,맑음,교차로 - 교차로부근,승용,남,34세,상해없음,승용,여,49세,경상
2012062200100047,2012년 6월 22일 01시,금요일,광주광역시 서구 화정동,경상사고,0,0,1,0,차대차 - 기타,안전거리미확보,건조,맑음,교차로 - 교차로부근,승용,남,57세,상해없음,승용,남,52세,경상
2012062200100071,2012년 6월 22일 03시,금요일,광주광역시 남구 월산동,경상사고,0,0,1,0,차대차 - 기타,불법유턴,건조,맑음,단일로 - 기타,승용,남,27세,상해없음,승용,남,53세,경상
2012062200100084,2012년 6월 22일 04시,금요일,광주광역시 북구 용봉동,경상사고,0,0,1,0,차대차 - 추돌 - 주정차중,안전운전불이행,건조,맑음,교차로 - 교차로부근,승용,남,25세,경상,승용,여,49세,기타불명
2012062200100115,2012년 6월 22일 06시,금요일,광주광역시 남구 양과동,중상사고,0,1,0,0,차대차 - 추돌 - 주정차중,안전운전불이행,건조,맑음,단일로 - 기타,화물,남,65세,상해없음,원동기,남,75세,중상
2012062200100183,2012년 6월 22일 08시,금요일,광주광역시 서구 쌍촌동,경상사고,0,0,3,0,차대차 - 추돌 - 주정차중,안전거리미확보,건조,맑음,단일로 - 기타,승용,남,39세,상해없음,승용,여,46세,경상
2012062200100185,2012년 6월 22일 08시,금요일,광주광역시 남구 월산동,경상사고,0,0,2,0,차대차 - 기타,안전거리미확보,건조,맑음,단일로 - 기타,승용,남,40세,상해없음,승용,여,26세,경상
2012062200100186,2012년 6월 22일 08시,금요일,광주광역시 광산구 선암동,중상사고,0,2,0,0,차대차 - 측면직각충돌,교차로운행방법위반,건조,맑음,교차로 - 교차로안,화물,남,48세,중상,승합,여,49세,중상
2012062200100224,2012년 6월 22일 09시,금요일,광주광역시 북구 누문동,경상사고,0,0,1,0,차대차 - 기타,안전운전불이행,건조,맑음,단일로 - 기타,승용,여,65세,상해없음,승용,여,52세,경상
2012062200100225,2012년 6월 22일 09시,금요일,광주광역시 광산구 옥동,중상사고,0,1,1,0,차량단독 - 전도전복,안전운전불이행,건조,맑음,단일로 - 기타,이륜,남,73세,경상,,,,
2012062200100279,2012년 6월 22일 11시,금요일,광주광역시 동구 학동,경상사고,0,0,1,0,차대차 - 추돌 - 진행중,안전거리미확보,건조,맑음,단일로 - 기타,승용,여,49세,상해없음,승용,남,27세,경상
2012062200100324,2012년 6월 22일 13시,금요일,광주광역시 서구 농성동,경상사고,0,0,1,0,차대사람 - 기타,기타,건조,맑음,단일로 - 기타,승용,여,48세,상해없음,보행자,남,49세,경상
2012062200100325,2012년 6월 22일 13시,금요일,광주광역시 북구 본촌동,부상신고사고,0,0,0,1,차량단독 - 기타,안전운전불이행,건조,맑음,단일로 - 기타,자전거,남,55세,부상신고,,,,
2012062200100326,2012년 6월 22일 13시,금요일,광주광역시 광산구 우산동,경상사고,0,0,1,0,차대차 - 측면직각충돌,교차로운행방법위반,건조,맑음,교차로 - 교차로안,승합,남,27세,상해없음,승용,여,51세,경상
2012062200100357,2012년 6월 22일 14시,금요일,광주광역시 광산구 도천동,경상사고,0,0,1,0,차대사람 - 횡단중,안전운전불이행,건조,맑음,단일로 - 기타,화물,남,41세,상해없음,보행자,남,7세,경상
2012062200100426,2012년 6월 22일 16시,금요일,광주광역시 서구 치평동,경상사고,0,0,3,0,차대차 - 측면직각충돌,교차로운행방법위반,건조,맑음,교차로 - 교차로안,승용,남,61세,경상,승용,여,46세,경상
2012062200100466,2012년 6월 22일 17시,금요일,광주광역시 북구 각화동,경상사고,0,0,1,0,차대차 - 추돌 - 진행중,신호위반,건조,맑음,교차로 - 교차로부근,화물,남,73세,상해없음,승용,여,51세,경상
2012062200100467,2012년 6월 22일 17시,금요일,광주광역시 북구 신용동,경상사고,0,0,2,0,차대차 - 추돌 - 진행중,안전거리미확보,건조,맑음,단일로 - 기타,승용,여,37세,상해없음,승용,여,40세,경상