사고번호,사고일시,요일,시군구,사고내용,사망자수,중상자수,경상자수,부상신고자수,사고유형,법규위반,노면상태,기상상태,도로형태,가해운전자 차종,가해운전자 성별,가해운전자 연령,가해운전자 상해정도,피해운전자 차종,피해운전자 성별,피해운전자 연령,피해운전자 상해정도
2012071200100550,2012년 7월 12일 21시,목요일,광주광역시 북구 용봉동,부상신고사고,0,0,0,2,차대사람 - 기타,안전운전불이행,습기,비,단일로 - 기타,자전거,여,22세,부상신고,보행자,여,47세,부상신고
2012071200100551,2012년 7월 12일 21시,목요일,광주광역시 광산구 소촌동,경상사고,0,0,2,0,차대차 - 추돌 - 진행중,안전거리미확보,습기,비,단일로 - 기타,화물,남,32세,상해없음,승합,남,44세,경상
2012071200100584,2012년 7월 12일 22시,목요일,광주광역시 북구 운암동,경상사고,0,0,1,0,차대차 - 측면직각충돌,신호위반,습기,비,교차로 - 교차로안,승용,여,25세,상해없음,승용,남,47세,상해없음
2012071200100585,2012년 7월 12일 22시,목요일,광주광역시 북구 우산동,경상사고,0,0,1,0,차대차 - 측면직각충돌,교차로운행방법위반,습기,흐림,교차로 - 교차로안,원동기,남,23세,경상,화물,남,29세,상해없음
2012071200100586,2012년 7월 12일 22시,목요일,광주광역시 광산구 도산동,경상사고,0,0,3,0,차대차 - 측면직각충돌,안전거리미확보,습기,흐림,단일로 - 기타,승용,남,63세,상해없음,승합,여,38세,경상
2012071200100613,2012년 7월 12일 23시,목요일,광주광역시 남구 봉선동,경상사고,0,0,1,0,차대차 - 측면직각충돌,안전운전불이행,건조,맑음,단일로 - 기타,기타불명,기타불명,기타불명,기타불명,승용,여,48세,경상
2012071300100016,2012년 7월 13일 00시,금요일,광주광역시 북구 용봉동,경상사고,0,0,1,0,차대차 - 추돌 - 진행중,중앙선침범,건조,흐림,단일로 - 기타,승용,남,32세,상해없음,승용,남,26세,경상
2012071300100017,2012년 7월 13일 00시,금요일,광주광역시 북구 용두동,경상사고,0,0,1,0,차대사람 - 기타,안전운전불이행,건조,맑음,단일로 - 기타,화물,남,54세,상해없음,보행자,남,17세,경상
2012071300100077,2012년 7월 13일 03시,금요일,광주광역시 동구 금동,경상사고,0,0,1,0,차대사람 - 차도통행중,안전운전불이행,건조,맑음,단일로 - 기타,승용,기타불명,기타불명,기타불명,보행자,남,20세,경상
2012071300100148,2012년 7월 13일 07시,금요일,광주광역시 광산구 도천동,중상사고,0,1,2,0,차대차 - 측면직각충돌,중앙선침범,건조,맑음,단일로 - 기타,승용,남,27세,상해없음,승용,남,38세,경상
2012071300100149,2012년 7월 13일 07시,금요일,광주광역시 광산구 오선동,경상사고,0,0,1,0,차대차 - 기타,교차로운행방법위반,건조,맑음,교차로 - 교차로안,화물,남,44세,상해없음,승용,남,31세,경상
2012071300100176,2012년 7월 13일 08시,금요일,광주광역시 서구 화정동,경상사고,0,0,1,0,차대사람 - 기타,안전운전불이행,건조,맑음,기타 - 기타,승용,여,46세,상해없음,보행자,여,12세,경상
2012071300100177,2012년 7월 13일 08시,금요일,광주광역시 남구 월산동,경상사고,0,0,2,0,차대차 - 추돌 - 주정차중,안전운전불이행,건조,맑음,교차로 - 교차로부근,승용,남,44세,상해없음,승용,남,40세,경상
2012071300100287,2012년 7월 13일 13시,금요일,광주광역시 서구 풍암동,경상사고,0,0,1,0,차대사람 - 기타,안전운전불이행,건조,맑음,기타 - 기타,승용,남,29세,상해없음,보행자,여,8세,경상
2012071300100288,2012년 7월 13일 13시,금요일,광주광역시 북구 동림동,경상사고,0,0,1,0,차대차 - 추돌 - 진행중,안전운전불이행,건조,맑음,교차로 - 교차로안,승용,남,49세,상해없음,승용,남,45세,경상
2012071300100310,2012년 7월 13일 14시,금요일,광주광역시 북구 신안동,중상사고,0,1,1,0,차대차 - 측면직각충돌,교차로운행방법위반,건조,맑음,교차로 - 교차로안,승용,남,61세,경상,승용,여,48세,중상
2012071300100311,2012년 7월 13일 14시,금요일,광주광역시 광산구 송정동,경상사고,0,0,1,0,차대차 - 측면직각충돌,불법유턴,건조,맑음,기타 - 기타,승용,남,51세,기타불명,승합,남,54세,경상
2012071300100376,2012년 7월 13일 16시,금요일,광주광역시 서구 치평동,경상사고,0,0,3,0,차대차 - 측면직각충돌,안전운전불이행,건조,맑음,교차로 - 교차로부근,승용,남,35세,상해없음,화물,여,50세,기타불명
2012071300100412,2012년 7월 13일 17시,금요일,광주광역시 서구 쌍촌동,경상사고,0,0,1,0,차대차 - 기타,안전운전불이행,건조,맑음,기타 - 기타,이륜,남,27세,상해없음,승용,여,36세,경상
2012071300100413,2012년 7월 13일 17시,금요일,광주광역시 서구 쌍촌동,부상신고사고,0,0,0,1,차대차 - 기타,안전운전불이행,건조,맑음,교차로 - 교차로부근,승용,남,54세,상해없음,자전거,남,9세,부상신고
2012071300100414,2012년 7월 13일 17시,금요일,광주광역시 서구 치평동,경상사고,0,0,1,0,차대차 - 기타,안전거리미확보,건조,맑음,기타 - 기타,승합,남,57세,상해없음,승용,여,51세,상해없음
2012071300100457,2012년 7월 13일 18시,금요일,광주광역시 동구 계림동,경상사고,0,0,1,0,차대사람 - 횡단중,중앙선침범,건조,흐림,단일로 - 기타,승용,여,53세,상해없음,보행자,남,33세,경상
2012071300100459,2012년 7월 13일 18시,금요일,광주광역시 남구 진월동,경상사고,0,0,1,0,차대사람 - 기타,안전운전불이행,건조,맑음,단일로 - 기타,승용,남,61세,상해없음,보행자,남,4세,경상
2012071300100460,2012년 7월 13일 18시,금요일,광주광역시 남구 이장동,경상사고,0,0,1,0,차량단독 - 기타,안전운전불이행,건조,맑음,단일로 - 기타,이륜,남,71세,경상,,,,
2012071300100543,2012년 7월 13일 20시,금요일,광주광역시 북구 용봉동,중상사고,0,1,0,0,차대사람 - 기타,안전운전불이행,건조,맑음,단일로 - 기타,승용,남,27세,상해없음,보행자,남,15세,중상
2012071300100544,2012년 7월 13일 20시,금요일,광주광역시 북구 중흥동,부상신고사고,0,0,0,1,차량단독 - 기타,안전운전불이행,건조,맑음,단일로 - 기타,자전거,남,31세,부상신고,,,,
2012071300100545,2012년 7월 13일 20시,금요일,광주광역시 광산구 장덕동,경상사고,0,0,1,0,차대차 - 추돌 - 주정차중,안전운전불이행,건조,맑음,교차로 - 교차로부근,승용,남,55세,상해없음,원동기,남,19세,경상
2012071300100585,2012년 7월 13일 21시,금요일,광주광역시 북구 신안동,경상사고,0,0,1,0,차대차 - 추돌 - 진행중,기타,건조,맑음,단일로 - 기타,승용,남,60세,상해없음,승용,남,30세,경상
2012071300100629,2012년 7월 13일 22시,금요일,광주광역시 서구 치평동,경상사고,0,0,2,0,차대차 - 기타,안전거리미확보,건조,맑음,기타 - 기타,승용,남,39세,상해없음,승용,여,46세,경상
2012071300100666,2012년 7월 13일 23시,금요일,광주광역시 서구 유촌동,경상사고,0,0,1,0,차대차 - 기타,교차로운행방법위반,건조,맑음,교차로 - 교차로안,승용,남,49세,상해없음,원동기,남,17세,경상
2012071300100668,2012년 7월 13일 23시,금요일,광주광역시 북구 일곡동,경상사고,0,0,2,0,차대차 - 추돌 - 주정차중,안전운전불이행,건조,맑음,단일로 - 기타,승용,남,45세,상해없음,승용,남,46세,경상
2012071300100669,2012년 7월 13일 23시,금요일,광주광역시 북구 두암동,경상사고,0,0,1,0,차대차 - 기타,안전거리미확보,건조,맑음,기타 - 기타,승용,남,43세,상해없음,이륜,남,41세,경상
2012071400100050,2012년 7월 14일 01시,토요일,광주광역시 서구 금호동,사망사고,1,0,0,0,차대사람 - 기타,안전운전불이행,습기,흐림,기타 - 기타,승용,남,38세,상해없음,보행자,여,47세,사망
2012071400100051,2012년 7월 14일 01시,토요일,광주광역시 광산구 운남동,경상사고,0,0,1,0,차대차 - 기타,안전운전불이행,습기,비,교차로 - 교차로안,원동기,남,17세,경상,승용,여,36세,상해없음
2012071400100114,2012년 7월 14일 04시,토요일,광주광역시 동구 불로동,경상사고,0,0,1,0,차대사람 - 보도통행중,안전운전불이행,건조,맑음,단일로 - 기타,승용,남,28세,상해없음,보행자,남,26세,경상
2012071400100115,2012년 7월 14일 04시,토요일,광주광역시 동구 광산동,부상신고사고,0,0,0,1,차대차 - 추돌 - 주정차중,안전운전불이행,건조,맑음,단일로 - 기타,승용,남,25세,상해없음,승용,남,49세,부상신고
2012071400100116,2012년 7월 14일 04시,토요일,광주광역시 남구 월산동,경상사고,0,0,2,0,차대차 - 측면직각충돌,안전거리미확보,건조,맑음,교차로 - 교차로부근,승용,남,32세,상해없음,승용,남,42세,경상
2012071400100117,2012년 7월 14일 04시,토요일,광주광역시 광산구 쌍암동,경상사고,0,0,1,0,차대사람 - 기타,보행자보호의무위반,건조,맑음,교차로 - 교차로안,승용,남,25세,상해없음,보행자,남,24세,경상
2012071400100202,2012년 7월 14일 09시,토요일,광주광역시 북구 양산동,경상사고,0,0,2,0,차대차 - 추돌 - 주정차중,안전운전불이행,건조,맑음,교차로 - 교차로부근,승용,남,34세,상해없음,승용,여,45세,경상
2012071400100221,2012년 7월 14일 10시,토요일,광주광역시 북구 각화동,중상사고,0,1,0,0,차대사람 - 기타,안전운전불이행,습기,흐림,단일로 - 기타,승용,남,55세,상해없음,보행자,여,80세,중상
2012071400100251,2012년 7월 14일 11시,토요일,광주광역시 남구 진월동,경상사고,0,0,2,0,차대차 - 측면직각충돌,안전거리미확보,건조,맑음,교차로 - 교차로안,승용,남,58세,상해없음,승용,남,57세,경상
2012071400100252,2012년 7월 14일 11시,토요일,광주광역시 북구 본촌동,경상사고,0,0,1,0,차대차 - 기타,중앙선침범,건조,맑음,단일로 - 기타,승용,여,32세,상해없음,이륜,남,38세,경상
2012071400100253,2012년 7월 14일 11시,토요일,광주광역시 광산구 용봉동,경상사고,0,0,3,0,차대차 - 측면직각충돌,안전운전불이행,건조,맑음,단일로 - 기타,승용,남,18세,경상,승용,남,35세,경상
2012071400100284,2012년 7월 14일 12시,토요일,광주광역시 남구 월산동,경상사고,0,0,2,0,차대차 - 추돌 - 주정차중,안전거리미확보,건조,맑음,단일로 - 기타,승용,여,30세,상해없음,승용,여,41세,경상
2012071400100285,2012년 7월 14일 12시,토요일,광주광역시 광산구 장덕동,경상사고,0,0,1,0,차대차 - 추돌 - 진행중,중앙선침범,습기,비,교차로 - 교차로안,승용,여,30세,상해없음,원동기,남,38세,경상
2012071400100356,2012년 7월 14일 14시,토요일,광주광역시 북구 임동,경상사고,0,0,1,0,차대사람 - 횡단중,신호위반,건조,맑음,교차로 - 교차로부근,승용,남,25세,상해없음,보행자,여,61세,경상
2012071400100389,2012년 7월 14일 15시,토요일,광주광역시 광산구 송정동,부상신고사고,0,0,0,1,차대차 - 측면직각충돌,안전거리미확보,습기,비,단일로 - 기타,승용,남,51세,상해없음,승용,남,25세,부상신고
2012071400100390,2012년 7월 14일 15시,토요일,광주광역시 광산구 옥동,경상사고,0,0,1,0,차대차 - 측면직각충돌,교차로운행방법위반,습기,비,교차로 - 교차로안,승용,남,51세,기타불명,승용,남,41세,경상
2012071400100426,2012년 7월 14일 16시,토요일,광주광역시 남구 월산동,경상사고,0,0,1,0,차대차 - 추돌 - 진행중,안전거리미확보,습기,비,단일로 - 기타,승용,남,41세,상해없음,승용,남,37세,경상
2012071400100470,2012년 7월 14일 17시,토요일,광주광역시 남구 백운동,경상사고,0,0,2,0,차대차 - 기타,중앙선침범,습기,비,단일로 - 기타,승용,남,48세,상해없음,승용,여,41세,경상
2012071400100472,2012년 7월 14일 17시,토요일,광주광역시 광산구 소촌동,경상사고,0,0,1,0,차대차 - 정면충돌,교차로운행방법위반,습기,비,단일로 - 기타,화물,남,64세,상해없음,승용,남,39세,경상
2012071400100523,2012년 7월 14일 18시,토요일,광주광역시 서구 금호동,경상사고,0,0,3,0,차대차 - 추돌 - 진행중,안전운전불이행,습기,비,교차로 - 교차로안,승용,남,27세,상해없음,승용,여,38세,경상
2012071400100524,2012년 7월 14일 18시,토요일,광주광역시 남구 진월동,경상사고,0,0,1,0,차대차 - 기타,중앙선침범,습기,비,단일로 - 기타,승용,남,47세,상해없음,원동기,남,29세,경상
2012071400100525,2012년 7월 14일 18시,토요일,광주광역시 광산구 월곡동,경상사고,0,0,2,0,차대차 - 측면직각충돌,중앙선침범,습기,비,단일로 - 기타,승합,여,39세,상해없음,승용,남,44세,상해없음
2012071400100557,2012년 7월 14일 19시,토요일,광주광역시 동구 호남동,경상사고,0,0,1,0,차대차 - 측면직각충돌,안전운전불이행,습기,비,교차로 - 교차로안,승용,여,37세,상해없음,자전거,남,53세,경상
2012071400100558,2012년 7월 14일 19시,토요일,광주광역시 남구 주월동,경상사고,0,0,1,0,차대사람 - 횡단중,신호위반,습기,비,단일로 - 기타,원동기,남,45세,상해없음,보행자,남,13세,경상
2012071400100559,2012년 7월 14일 19시,토요일,광주광역시 남구 진월동,경상사고,0,0,1,0,차대차 - 기타,교차로운행방법위반,습기,비,교차로 - 교차로안,승용,여,44세,상해없음,원동기,남,45세,경상
2012071400100560,2012년 7월 14일 19시,토요일,광주광역시 광산구 비아동,경상사고,0,0,2,0,차대차 - 추돌 - 주정차중,안전운전불이행,습기,비,단일로 - 기타,화물,남,44세,상해없음,승용,남,38세,경상
2012071400100601,2012년 7월 14일 20시,토요일,광주광역시 동구 대인동,경상사고,0,0,1,0,차대사람 - 횡단중,안전운전불이행,습기,비,단일로 - 기타,승용,남,51세,상해없음,보행자,여,19세,경상
2012071400100602,2012년 7월 14일 20시,토요일,광주광역시 동구 지산동,경상사고,0,0,2,0,차대차 - 측면직각충돌,안전운전불이행,습기,비,단일로 - 기타,승용,여,62세,상해없음,승용,남,45세,상해없음
2012071400100603,2012년 7월 14일 20시,토요일,광주광역시 서구 화정동,경상사고,0,0,1,0,차대사람 - 기타,안전운전불이행,습기,비,단일로 - 기타,승용,남,29세,상해없음,보행자,남,52세,경상
2012071400100604,2012년 7월 14일 20시,토요일,광주광역시 서구 동천동,경상사고,0,0,4,0,차대차 - 추돌 - 진행중,안전거리미확보,습기,흐림,교차로 - 교차로부근,승용,남,38세,상해없음,승용,여,42세,경상
2012071400100605,2012년 7월 14일 20시,토요일,광주광역시 북구 신안동,경상사고,0,0,1,0,차대차 - 측면직각충돌,교차로운행방법위반,건조,맑음,교차로 - 교차로안,기타불명,기타불명,기타불명,기타불명,승용,여,57세,경상
2012071400100606,2012년 7월 14일 20시,토요일,광주광역시 북구 삼각동,경상사고,0,0,1,0,차량단독 - 공작물충돌,안전운전불이행,습기,비,단일로 - 기타,승용,남,49세,상해없음,,,,
2012071400100607,2012년 7월 14일 20시,토요일,광주광역시 광산구 옥동,경상사고,0,0,2,0,차대차 - 측면직각충돌,신호위반,습기,비,교차로 - 교차로안,승용,남,50세,기타불명,승용,남,50세,경상
2012071400100768,2012년 7월 14일 23시,토요일,광주광역시 남구 봉선동,경상사고,0,0,1,0,차대차 - 기타,안전운전불이행,습기,비,교차로 - 교차로안,승용,남,54세,상해없음,승용,남,46세,경상
2012071400100769,2012년 7월 14일 23시,토요일,광주광역시 남구 노대동,경상사고,0,0,3,0,차대차 - 추돌 - 주정차중,안전운전불이행,습기,비,교차로 - 교차로부근,승용,남,31세,상해없음,승용,남,22세,경상
2012071400100770,2012년 7월 14일 23시,토요일,광주광역시 남구 주월동,중상사고,0,1,0,0,차대차 - 기타,신호위반,습기,비,교차로 - 교차로안,승용,남,47세,상해없음,승용,여,46세,상해없음
2012071400100771,2012년 7월 14일 23시,토요일,광주광역시 남구 송하동,경상사고,0,0,1,0,차량단독 - 공작물충돌,안전운전불이행,습기,비,단일로 - 기타,승용,남,41세,상해없음,,,,
2012071400100772,2012년 7월 14일 23시,토요일,광주광역시 광산구 송정동,경상사고,0,0,2,0,차대차 - 측면직각충돌,중앙선침범,습기,비,단일로 - 기타,승용,여,51세,상해없음,승용,남,30세,경상
2012071400100773,2012년 7월 14일 23시,토요일,광주광역시 광산구 수완동,경상사고,0,0,4,0,차대차 - 추돌 - 주정차중,안전운전불이행,습기,비,단일로 - 기타,승용,남,42세,상해없음,승용,여,30세,기타불명
2012071500100042,2012년 7월 15일 00시,일요일,광주광역시 북구 중흥동,경상사고,0,0,1,0,차대사람 - 길가장자리구역통행중,안전운전불이행,습기,비,단일로 - 기타,승용,남,73세,상해없음,보행자,남,23세,경상
2012071500100043,2012년 7월 15일 00시,일요일,광주광역시 북구 운암동,경상사고,0,0,3,0,차대차 - 측면직각충돌,신호위반,습기,비,교차로 - 교차로안,기타불명,기타불명,기타불명,기타불명,승용,남,54세,경상
2012071500100044,2012년 7월 15일 00시,일요일,광주광역시 북구 우산동,부상신고사고,0,0,0,1,차대사람 - 횡단중,안전운전불이행,기타,기타,단일로 - 기타,승용,남,55세,기타불명,보행자,남,51세,부상신고
2012071500100045,2012년 7월 15일 00시,일요일,광주광역시 광산구 산월동,경상사고,0,0,3,0,차대차 - 추돌 - 주정차중,안전운전불이행,습기,비,교차로 - 교차로부근,승용,남,46세,상해없음,승용,남,40세,경상
2012071500100071,2012년 7월 15일 01시,일요일,광주광역시 남구 봉선동,경상사고,0,0,1,0,차대차 - 추돌 - 진행중,안전운전불이행,건조,맑음,단일로 - 기타,기타불명,기타불명,기타불명,기타불명,승용,남,54세,경상
2012071500100072,2012년 7월 15일 01시,일요일,광주광역시 광산구 쌍암동,경상사고,0,0,1,1,차량단독 - 공작물충돌,안전운전불이행,습기,비,교차로 - 교차로안,승용,여,44세,부상신고,,,,
2012071500100130,2012년 7월 15일 03시,일요일,광주광역시 서구 치평동,경상사고,0,0,1,0,차대차 - 측면직각충돌,신호위반,습기,비,교차로 - 교차로안,승용,여,26세,상해없음,승용,남,33세,경상
2012071500100131,2012년 7월 15일 03시,일요일,광주광역시 북구 용봉동,경상사고,0,0,3,0,차대차 - 측면직각충돌,중앙선침범,습기,비,단일로 - 기타,승용,남,27세,상해없음,화물,남,28세,경상
2012071500100155,2012년 7월 15일 04시,일요일,광주광역시 서구 쌍촌동,경상사고,0,0,1,0,차대차 - 측면직각충돌,차로위반,습기,비,단일로 - 기타,승용,남,42세,상해없음,이륜,남,24세,경상
2012071500100175,2012년 7월 15일 05시,일요일,광주광역시 북구 삼각동,경상사고,0,0,2,0,차대차 - 추돌 - 주정차중,안전운전불이행,습기,흐림,단일로 - 기타,승용,남,58세,상해없음,화물,남,42세,상해없음
2012071500100176,2012년 7월 15일 05시,일요일,광주광역시 광산구 월곡동,중상사고,0,2,1,0,차대사람 - 횡단중,안전운전불이행,건조,맑음,단일로 - 횡단보도상,승용,남,33세,상해없음,보행자,남,19세,중상
2012071500100214,2012년 7월 15일 08시,일요일,광주광역시 광산구 송정동,중상사고,0,1,0,0,차량단독 - 기타,기타,습기,흐림,단일로 - 기타,승합,남,41세,상해없음,,,,
2012071500100320,2012년 7월 15일 13시,일요일,광주광역시 북구 동림동,경상사고,0,0,3,0,차대차 - 추돌 - 진행중,안전거리미확보,건조,흐림,단일로 - 기타,승용,남,26세,경상,승용,남,52세,경상
2012071500100321,2012년 7월 15일 13시,일요일,광주광역시 북구 풍향동,경상사고,0,0,1,0,차대차 - 기타,안전거리미확보,건조,맑음,단일로 - 기타,승합,남,43세,상해없음,자전거,남,48세,경상
2012071500100375,2012년 7월 15일 15시,일요일,광주광역시 동구 선교동,경상사고,0,0,2,0,차대차 - 추돌 - 주정차중,안전거리미확보,습기,비,교차로 - 교차로부근,승합,남,60세,상해없음,승용,남,42세,경상
2012071500100436,2012년 7월 15일 17시,일요일,광주광역시 광산구 월계동,부상신고사고,0,0,0,1,차대차 - 측면직각충돌,교차로운행방법위반,건조,맑음,교차로 - 교차로안,원동기,남,16세,부상신고,승용,남,36세,상해없음
2012071500100470,2012년 7월 15일 18시,일요일,광주광역시 동구 선교동,중상사고,0,1,1,0,차대차 - 추돌 - 진행중,안전거리미확보,건조,흐림,교차로 - 교차로안,승합,남,60세,상해없음,승용,남,42세,경상
2012071500100471,2012년 7월 15일 18시,일요일,광주광역시 북구 우산동,경상사고,0,0,2,0,차대차 - 측면직각충돌,안전거리미확보,건조,맑음,단일로 - 기타,화물,남,47세,경상,승합,남,51세,상해없음
2012071500100498,2012년 7월 15일 19시,일요일,광주광역시 북구 용봉동,중상사고,0,1,0,0,차대차 - 측면직각충돌,안전거리미확보,건조,맑음,단일로 - 기타,원동기,남,18세,중상,승용,남,47세,상해없음
2012071500100534,2012년 7월 15일 20시,일요일,광주광역시 북구 동림동,부상신고사고,0,0,0,1,차대차 - 측면직각충돌,안전운전불이행,건조,맑음,교차로 - 교차로부근,이륜,남,17세,부상신고,승용,남,36세,상해없음
2012071500100563,2012년 7월 15일 21시,일요일,광주광역시 광산구 송정동,중상사고,0,1,0,0,차대차 - 측면직각충돌,교차로운행방법위반,건조,맑음,교차로 - 교차로안,승용,남,30세,상해없음,원동기,남,49세,중상
2012071500100612,2012년 7월 15일 23시,일요일,광주광역시 남구 구동,경상사고,0,0,1,0,차대차 - 측면직각충돌,안전운전불이행,건조,맑음,단일로 - 기타,승용,남,24세,상해없음,이륜,남,35세,경상
2012071500100613,2012년 7월 15일 23시,일요일,광주광역시 북구 두암동,부상신고사고,0,0,0,2,차대차 - 기타,교차로운행방법위반,건조,흐림,교차로 - 교차로안,승용,남,56세,상해없음,승용,남,35세,부상신고
2012071500100614,2012년 7월 15일 23시,일요일,광주광역시 북구 동림동,경상사고,0,0,1,0,차대사람 - 횡단중,신호위반,건조,맑음,교차로 - 교차로부근,승용,남,60세,상해없음,보행자,남,15세,경상
2012071600100039,2012년 7월 16일 02시,월요일,광주광역시 서구 화정동,경상사고,0,0,1,0,차대사람 - 횡단중,신호위반,건조,맑음,교차로 - 교차로부근,승용,남,43세,상해없음,보행자,남,17세,경상
2012071600100040,2012년 7월 16일 02시,월요일,광주광역시 남구 주월동,경상사고,0,0,1,0,차대차 - 추돌 - 진행중,안전거리미확보,건조,맑음,단일로 - 기타,승용,남,53세,상해없음,승용,남,52세,상해없음
2012071600100046,2012년 7월 16일 03시,월요일,광주광역시 광산구 도덕동,중상사고,0,1,3,0,차량단독 - 공작물충돌,안전운전불이행,건조,맑음,단일로 - 기타,승용,남,25세,경상,,,,
2012071600100097,2012년 7월 16일 07시,월요일,광주광역시 광산구 우산동,경상사고,0,0,3,0,차대차 - 추돌 - 주정차중,안전거리미확보,건조,맑음,단일로 - 기타,승용,남,27세,상해없음,승용,여,44세,경상
2012071600100194,2012년 7월 16일 10시,월요일,광주광역시 동구 계림동,경상사고,0,0,1,0,차대차 - 측면직각충돌,신호위반,건조,흐림,교차로 - 교차로안,승용,여,21세,상해없음,원동기,남,53세,경상
2012071600100195,2012년 7월 16일 10시,월요일,광주광역시 북구 중흥동,부상신고사고,0,0,0,1,차대사람 - 길가장자리구역통행중,안전운전불이행,건조,맑음,단일로 - 기타,승용,남,58세,상해없음,보행자,남,57세,부상신고
2012071600100222,2012년 7월 16일 11시,월요일,광주광역시 광산구 오선동,경상사고,0,0,1,0,차대차 - 측면직각충돌,안전거리미확보,건조,흐림,단일로 - 기타,승용,남,29세,경상,승용,남,58세,상해없음
2012071600100251,2012년 7월 16일 12시,월요일,광주광역시 남구 월산동,중상사고,0,1,0,0,차대사람 - 횡단중,안전운전불이행,건조,맑음,단일로 - 기타,승용,남,50세,상해없음,보행자,여,83세,중상
2012071600100297,2012년 7월 16일 14시,월요일,광주광역시 남구 월산동,경상사고,0,0,2,0,차대차 - 측면직각충돌,중앙선침범,건조,맑음,단일로 - 기타,승용,여,42세,경상,승용,남,33세,경상
2012071600100359,2012년 7월 16일 16시,월요일,광주광역시 북구 각화동,경상사고,0,0,2,0,차대차 - 측면직각충돌,안전거리미확보,건조,맑음,교차로 - 교차로부근,화물,남,57세,상해없음,화물,남,30세,경상
2012071600100360,2012년 7월 16일 16시,월요일,광주광역시 광산구 오선동,경상사고,0,0,2,0,차대차 - 추돌 - 주정차중,안전운전불이행,건조,맑음,교차로 - 교차로부근,승용,여,69세,상해없음,승용,남,26세,경상
2012071600100391,2012년 7월 16일 17시,월요일,광주광역시 광산구 수완동,중상사고,0,1,0,0,차대차 - 기타,안전운전불이행,건조,맑음,단일로 - 기타,승용,여,52세,상해없음,자전거,남,27세,중상
2012071600100427,2012년 7월 16일 18시,월요일,광주광역시 동구 지산동,경상사고,0,0,2,0,차대차 - 기타,안전운전불이행,건조,맑음,단일로 - 기타,승용,남,47세,상해없음,승용,남,37세,경상
2012071600100428,2012년 7월 16일 18시,월요일,광주광역시 북구 일곡동,경상사고,0,0,6,0,차대차 - 측면직각충돌,안전운전불이행,건조,맑음,단일로 - 기타,승용,남,30세,경상,승합,남,56세,경상
2012071600100429,2012년 7월 16일 18시,월요일,광주광역시 북구 양산동,경상사고,0,0,1,0,차대차 - 기타,차로위반,건조,맑음,단일로 - 기타,승용,남,24세,상해없음,원동기,남,43세,경상
2012071600100430,2012년 7월 16일 18시,월요일,광주광역시 광산구 비아동,경상사고,0,0,1,0,차대차 - 측면직각충돌,안전운전불이행,건조,맑음,교차로 - 교차로부근,자전거,남,13세,경상,승용,남,41세,상해없음
2012071600100431,2012년 7월 16일 18시,월요일,광주광역시 광산구 우산동,경상사고,0,0,3,0,차량단독 - 기타,기타,건조,맑음,단일로 - 기타,승합,남,62세,상해없음,,,,
2012071600100464,2012년 7월 16일 19시,월요일,광주광역시 북구 용봉동,중상사고,0,1,0,0,차대사람 - 차도통행중,안전운전불이행,건조,맑음,교차로 - 교차로부근,승용,남,28세,상해없음,보행자,남,32세,중상
2012071600100495,2012년 7월 16일 20시,월요일,광주광역시 광산구 동림동,경상사고,0,0,1,0,차대차 - 기타,안전운전불이행,건조,맑음,단일로 - 횡단보도부근,승용,남,64세,상해없음,승용,남,55세,경상
2012071600100580,2012년 7월 16일 23시,월요일,광주광역시 북구 신안동,중상사고,0,1,0,0,차대사람 - 횡단중,안전운전불이행,건조,맑음,단일로 - 횡단보도상,승용,남,59세,상해없음,보행자,남,52세,중상
2012071700100072,2012년 7월 17일 04시,화요일,광주광역시 북구 중흥동,중상사고,0,1,1,0,차대차 - 측면직각충돌,신호위반,건조,맑음,교차로 - 교차로안,승용,남,24세,경상,화물,남,32세,중상
2012071700100131,2012년 7월 17일 08시,화요일,광주광역시 광산구 오선동,경상사고,0,0,1,0,차대차 - 측면직각충돌,교차로운행방법위반,건조,맑음,교차로 - 교차로안,화물,남,46세,상해없음,승용,남,36세,경상
2012071700100152,2012년 7월 17일 09시,화요일,광주광역시 남구 봉선동,경상사고,0,0,2,0,차대차 - 측면직각충돌,신호위반,습기,비,교차로 - 교차로안,승용,남,40세,상해없음,승용,남,37세,상해없음
2012071700100218,2012년 7월 17일 12시,화요일,광주광역시 서구 쌍촌동,경상사고,0,0,1,0,차대차 - 측면직각충돌,안전거리미확보,습기,비,단일로 - 기타,승용,남,24세,상해없음,승합,남,33세,경상
2012071700100259,2012년 7월 17일 14시,화요일,광주광역시 광산구 양동,경상사고,0,0,1,0,차대사람 - 횡단중,안전운전불이행,습기,비,단일로 - 기타,화물,남,39세,상해없음,보행자,남,47세,경상
2012071700100260,2012년 7월 17일 14시,화요일,광주광역시 서구 농성동,경상사고,0,0,3,0,차대차 - 기타,교차로운행방법위반,건조,맑음,교차로 - 교차로안,승용,남,53세,경상,승용,남,34세,경상
2012071700100306,2012년 7월 17일 15시,화요일,광주광역시 북구 신안동,경상사고,0,0,1,0,차대사람 - 횡단중,보행자보호의무위반,건조,맑음,단일로 - 횡단보도상,승용,여,59세,상해없음,보행자,여,13세,경상