사고번호,사고일시,요일,시군구,사고내용,사망자수,중상자수,경상자수,부상신고자수,사고유형,법규위반,노면상태,기상상태,도로형태,가해운전자 차종,가해운전자 성별,가해운전자 연령,가해운전자 상해정도,피해운전자 차종,피해운전자 성별,피해운전자 연령,피해운전자 상해정도
2012072700100708,2012년 7월 27일 23시,금요일,광주광역시 광산구 쌍암동,경상사고,0,0,3,0,차대차 - 측면직각충돌,중앙선침범,건조,맑음,단일로 - 기타,승용,남,29세,상해없음,승용,남,24세,경상
2012072800100039,2012년 7월 28일 01시,토요일,광주광역시 북구 중흥동,경상사고,0,0,1,0,차대차 - 추돌 - 주정차중,안전운전불이행,건조,맑음,단일로 - 기타,승용,남,53세,상해없음,승용,여,32세,경상
2012072800100056,2012년 7월 28일 02시,토요일,광주광역시 광산구 월곡동,경상사고,0,0,1,0,차량단독 - 공작물충돌,안전운전불이행,건조,맑음,교차로 - 교차로부근,승용,남,30세,경상,,,,
2012072800100090,2012년 7월 28일 04시,토요일,광주광역시 서구 치평동,경상사고,0,0,2,0,차대차 - 측면직각충돌,신호위반,건조,맑음,교차로 - 교차로안,승용,남,25세,상해없음,승용,남,51세,경상
2012072800100109,2012년 7월 28일 05시,토요일,광주광역시 북구 연제동,경상사고,0,0,1,0,차대차 - 정면충돌,안전운전불이행,건조,맑음,단일로 - 기타,승용,여,26세,상해없음,화물,남,37세,경상
2012072800100110,2012년 7월 28일 05시,토요일,광주광역시 북구 용봉동,중상사고,0,2,0,0,차대사람 - 길가장자리구역통행중,기타,건조,맑음,단일로 - 기타,이륜,남,15세,상해없음,보행자,여,59세,중상
2012072800100111,2012년 7월 28일 05시,토요일,광주광역시 광산구 월곡동,중상사고,0,2,4,0,차대차 - 추돌 - 주정차중,안전운전불이행,건조,맑음,교차로 - 교차로부근,승용,남,41세,경상,승용,남,58세,경상
2012072800100162,2012년 7월 28일 08시,토요일,광주광역시 광산구 월계동,경상사고,0,0,1,0,차대차 - 기타,안전운전불이행,건조,맑음,단일로 - 횡단보도상,이륜,기타불명,기타불명,기타불명,자전거,남,26세,경상
2012072800100188,2012년 7월 28일 09시,토요일,광주광역시 광산구 도산동,경상사고,0,0,1,0,차대차 - 측면직각충돌,안전운전불이행,건조,맑음,단일로 - 기타,승용,여,31세,경상,화물,남,52세,상해없음
2012072800100212,2012년 7월 28일 10시,토요일,광주광역시 남구 봉선동,중상사고,0,1,0,0,차대사람 - 기타,안전운전불이행,건조,맑음,교차로 - 교차로안,승용,남,47세,상해없음,보행자,여,63세,중상
2012072800100272,2012년 7월 28일 12시,토요일,광주광역시 광산구 비아동,중상사고,0,1,0,0,차대차 - 측면직각충돌,기타,건조,맑음,단일로 - 기타,승용,남,35세,상해없음,원동기,남,78세,중상
2012072800100309,2012년 7월 28일 13시,토요일,광주광역시 동구 수기동,경상사고,0,0,1,0,차대차 - 기타,교차로운행방법위반,건조,맑음,교차로 - 교차로안,화물,남,57세,상해없음,승용,여,59세,경상
2012072800100310,2012년 7월 28일 13시,토요일,광주광역시 남구 진월동,경상사고,0,0,1,0,차대사람 - 기타,안전운전불이행,건조,맑음,단일로 - 기타,승용,여,47세,상해없음,보행자,남,9세,경상
2012072800100311,2012년 7월 28일 13시,토요일,광주광역시 북구 신안동,경상사고,0,0,1,0,차대차 - 측면직각충돌,기타,건조,맑음,단일로 - 기타,승용,남,28세,상해없음,승용,남,44세,경상
2012072800100312,2012년 7월 28일 13시,토요일,광주광역시 광산구 우산동,경상사고,0,0,1,0,차대차 - 추돌 - 주정차중,안전운전불이행,건조,맑음,교차로 - 교차로부근,승용,남,74세,상해없음,승용,남,50세,경상
2012072800100313,2012년 7월 28일 13시,토요일,광주광역시 광산구 수완동,경상사고,0,0,2,1,차대차 - 측면직각충돌,안전거리미확보,건조,맑음,단일로 - 기타,승용,여,28세,부상신고,승용,여,51세,경상
2012072800100340,2012년 7월 28일 14시,토요일,광주광역시 북구 용봉동,경상사고,0,0,1,0,차대차 - 추돌 - 주정차중,안전운전불이행,건조,맑음,단일로 - 기타,승용,남,50세,상해없음,승용,남,34세,경상
2012072800100378,2012년 7월 28일 15시,토요일,광주광역시 북구 동림동,부상신고사고,0,0,0,1,차대차 - 추돌 - 진행중,안전거리미확보,건조,맑음,단일로 - 기타,원동기,남,15세,부상신고,승용,여,28세,상해없음
2012072800100408,2012년 7월 28일 16시,토요일,광주광역시 서구 치평동,경상사고,0,0,4,0,차대차 - 측면직각충돌,안전거리미확보,건조,맑음,단일로 - 기타,승합,남,54세,상해없음,승용,남,47세,경상
2012072800100409,2012년 7월 28일 16시,토요일,광주광역시 북구 임동,중상사고,0,1,0,0,차대차 - 측면직각충돌,기타,건조,맑음,단일로 - 기타,승용,남,53세,상해없음,이륜,남,71세,중상
2012072800100410,2012년 7월 28일 16시,토요일,광주광역시 광산구 연산동,경상사고,0,0,1,0,차대차 - 기타,교차로운행방법위반,건조,맑음,교차로 - 교차로안,농기계,남,48세,상해없음,원동기,여,62세,경상
2012072800100450,2012년 7월 28일 17시,토요일,광주광역시 서구 금호동,경상사고,0,0,1,0,차대사람 - 횡단중,보행자보호의무위반,건조,맑음,교차로 - 교차로부근,원동기,남,17세,기타불명,보행자,남,7세,경상
2012072800100482,2012년 7월 28일 18시,토요일,광주광역시 서구 금호동,경상사고,0,0,2,0,차대차 - 기타,안전거리미확보,건조,맑음,단일로 - 기타,승용,남,41세,상해없음,승용,여,49세,경상
2012072800100483,2012년 7월 28일 18시,토요일,광주광역시 광산구 송정동,중상사고,0,1,0,0,차대차 - 측면직각충돌,교차로운행방법위반,건조,맑음,교차로 - 교차로안,승용,남,52세,상해없음,원동기,남,75세,중상
2012072800100509,2012년 7월 28일 19시,토요일,광주광역시 남구 월산동,경상사고,0,0,1,0,차대차 - 기타,교차로운행방법위반,건조,맑음,교차로 - 교차로안,승용,여,55세,상해없음,자전거,남,67세,경상
2012072800100510,2012년 7월 28일 19시,토요일,광주광역시 광산구 소촌동,경상사고,0,0,1,0,차대차 - 추돌 - 주정차중,안전거리미확보,건조,맑음,단일로 - 기타,승용,남,60세,상해없음,승용,여,28세,경상
2012072800100552,2012년 7월 28일 20시,토요일,광주광역시 북구 두암동,중상사고,0,1,0,0,차대사람 - 횡단중,안전운전불이행,건조,맑음,단일로 - 기타,원동기,남,18세,상해없음,보행자,여,76세,중상
2012072800100553,2012년 7월 28일 20시,토요일,광주광역시 북구 문흥동,경상사고,0,0,2,0,차대차 - 추돌 - 진행중,안전운전불이행,건조,맑음,단일로 - 기타,승용,여,46세,상해없음,승용,남,50세,경상
2012072800100602,2012년 7월 28일 21시,토요일,광주광역시 남구 월산동,부상신고사고,0,0,0,1,차대차 - 기타,안전운전불이행,건조,맑음,교차로 - 교차로안,승용,남,51세,상해없음,원동기,남,17세,부상신고
2012072800100603,2012년 7월 28일 21시,토요일,광주광역시 북구 운암동,경상사고,0,0,5,1,차대차 - 추돌 - 주정차중,안전운전불이행,건조,맑음,단일로 - 기타,승용,남,30세,기타불명,승용,남,33세,부상신고
2012072800100632,2012년 7월 28일 22시,토요일,광주광역시 서구 금호동,경상사고,0,0,1,0,차대차 - 기타,안전거리미확보,건조,맑음,단일로 - 기타,승용,남,25세,상해없음,원동기,남,20세,경상
2012072800100633,2012년 7월 28일 22시,토요일,광주광역시 서구 치평동,경상사고,0,0,2,0,차대차 - 기타,신호위반,건조,맑음,교차로 - 교차로안,승용,남,26세,상해없음,승용,여,44세,경상
2012072800100657,2012년 7월 28일 23시,토요일,광주광역시 동구 대인동,경상사고,0,0,2,0,차대차 - 측면직각충돌,신호위반,건조,맑음,교차로 - 교차로안,승용,남,38세,경상,승용,남,28세,경상
2012072900100038,2012년 7월 29일 01시,일요일,광주광역시 광산구 장덕동,경상사고,0,0,2,0,차대차 - 측면직각충돌,신호위반,건조,맑음,교차로 - 교차로안,승용,남,33세,상해없음,승용,남,28세,경상
2012072900100054,2012년 7월 29일 02시,일요일,광주광역시 북구 양산동,경상사고,0,0,1,0,차대차 - 추돌 - 주정차중,안전운전불이행,건조,맑음,교차로 - 교차로부근,승용,남,50세,상해없음,승용,여,26세,경상
2012072900100068,2012년 7월 29일 03시,일요일,광주광역시 북구 두암동,경상사고,0,0,1,0,차대차 - 추돌 - 진행중,안전운전불이행,건조,맑음,단일로 - 기타,기타불명,기타불명,기타불명,기타불명,승용,남,40세,경상
2012072900100113,2012년 7월 29일 07시,일요일,광주광역시 남구 주월동,경상사고,0,0,1,0,차대사람 - 횡단중,안전운전불이행,건조,맑음,교차로 - 교차로안,승합,남,68세,상해없음,보행자,여,66세,경상
2012072900100114,2012년 7월 29일 07시,일요일,광주광역시 북구 운암동,경상사고,0,0,3,0,차대차 - 기타,교차로운행방법위반,건조,맑음,교차로 - 교차로안,승용,여,41세,경상,승용,남,50세,경상
2012072900100151,2012년 7월 29일 09시,일요일,광주광역시 서구 풍암동,경상사고,0,0,3,0,차대차 - 측면직각충돌,신호위반,건조,맑음,교차로 - 교차로안,승용,여,33세,경상,승용,남,41세,경상
2012072900100176,2012년 7월 29일 10시,일요일,광주광역시 남구 진월동,경상사고,0,0,1,0,차대차 - 추돌 - 주정차중,안전운전불이행,건조,맑음,단일로 - 횡단보도상,승용,여,45세,상해없음,승용,남,52세,상해없음
2012072900100195,2012년 7월 29일 11시,일요일,광주광역시 광산구 신가동,경상사고,0,0,1,0,차대차 - 측면직각충돌,안전운전불이행,건조,맑음,기타 - 기타,승용,남,44세,상해없음,원동기,남,33세,경상
2012072900100226,2012년 7월 29일 12시,일요일,광주광역시 광산구 월계동,경상사고,0,0,1,0,차대차 - 측면직각충돌,안전운전불이행,건조,맑음,단일로 - 기타,이륜,남,17세,경상,승용,남,57세,상해없음
2012072900100272,2012년 7월 29일 14시,일요일,광주광역시 북구 화암동,경상사고,0,0,4,0,차대차 - 추돌 - 주정차중,안전운전불이행,건조,맑음,기타 - 기타,승용,남,65세,상해없음,승용,남,44세,경상
2012072900100300,2012년 7월 29일 15시,일요일,광주광역시 북구 오치동,중상사고,0,1,0,0,차대사람 - 차도통행중,기타,건조,맑음,단일로 - 기타,승용,남,56세,상해없음,보행자,남,40세,중상
2012072900100380,2012년 7월 29일 17시,일요일,광주광역시 광산구 월곡동,중상사고,0,1,0,0,차대차 - 정면충돌,교차로운행방법위반,건조,맑음,교차로 - 교차로안,승용,남,47세,상해없음,승용,남,58세,중상
2012072900100381,2012년 7월 29일 17시,일요일,광주광역시 광산구 옥동,경상사고,0,0,3,0,차대차 - 추돌 - 진행중,안전거리미확보,건조,맑음,교차로 - 교차로부근,승용,남,32세,상해없음,승용,남,21세,경상
2012072900100412,2012년 7월 29일 18시,일요일,광주광역시 북구 두암동,경상사고,0,0,1,1,차대차 - 기타,안전거리미확보,건조,맑음,교차로 - 교차로안,이륜,남,19세,부상신고,승용,남,35세,경상
2012072900100442,2012년 7월 29일 19시,일요일,광주광역시 남구 서동,경상사고,0,0,2,0,차대차 - 측면직각충돌,교차로운행방법위반,건조,맑음,단일로 - 횡단보도상,승용,여,23세,상해없음,승용,남,44세,경상
2012072900100477,2012년 7월 29일 20시,일요일,광주광역시 동구 내남동,사망사고,1,0,0,0,차대사람 - 횡단중,안전운전불이행,건조,맑음,단일로 - 기타,승용,남,28세,상해없음,보행자,여,72세,사망
2012072900100478,2012년 7월 29일 20시,일요일,광주광역시 서구 쌍촌동,경상사고,0,0,1,0,차대사람 - 횡단중,안전운전불이행,건조,맑음,교차로 - 교차로안,승용,여,27세,상해없음,보행자,남,19세,경상
2012072900100496,2012년 7월 29일 21시,일요일,광주광역시 광산구 월계동,경상사고,0,0,1,0,차대차 - 측면직각충돌,안전거리미확보,건조,맑음,단일로 - 기타,승합,남,21세,상해없음,승용,여,45세,경상
2012073000100035,2012년 7월 30일 02시,월요일,광주광역시 서구 쌍촌동,경상사고,0,0,4,0,차대차 - 추돌 - 진행중,안전거리미확보,건조,맑음,교차로 - 교차로안,승용,남,36세,상해없음,승용,남,34세,경상
2012073000100088,2012년 7월 30일 07시,월요일,광주광역시 남구 월산동,경상사고,0,0,1,0,차대차 - 측면직각충돌,안전운전불이행,건조,맑음,교차로 - 교차로안,승용,남,49세,상해없음,승용,남,38세,경상
2012073000100122,2012년 7월 30일 08시,월요일,광주광역시 북구 매곡동,중상사고,0,1,0,0,차대사람 - 횡단중,안전운전불이행,건조,맑음,교차로 - 교차로안,승용,여,21세,상해없음,보행자,여,54세,중상
2012073000100158,2012년 7월 30일 09시,월요일,광주광역시 북구 용전동,중상사고,0,1,1,0,차대차 - 측면직각충돌,불법유턴,건조,맑음,단일로 - 기타,승용,여,45세,경상,화물,남,48세,중상
2012073000100226,2012년 7월 30일 11시,월요일,광주광역시 북구 일곡동,경상사고,0,0,2,0,차대차 - 추돌 - 주정차중,안전거리미확보,건조,맑음,교차로 - 교차로부근,승용,남,50세,상해없음,승용,남,55세,경상
2012073000100251,2012년 7월 30일 12시,월요일,광주광역시 남구 주월동,중상사고,0,1,0,0,차대차 - 기타,안전운전불이행,건조,맑음,단일로 - 기타,승용,여,51세,상해없음,원동기,남,48세,중상
2012073000100292,2012년 7월 30일 13시,월요일,광주광역시 서구 덕흥동,경상사고,0,0,1,0,차대차 - 추돌 - 진행중,안전거리미확보,건조,맑음,단일로 - 기타,화물,남,43세,경상,화물,남,37세,상해없음
2012073000100335,2012년 7월 30일 14시,월요일,광주광역시 서구 쌍촌동,중상사고,0,1,0,0,차대차 - 기타,교차로운행방법위반,건조,맑음,교차로 - 교차로부근,화물,남,30세,상해없음,이륜,남,49세,중상
2012073000100336,2012년 7월 30일 14시,월요일,광주광역시 남구 노대동,사망사고,1,0,0,0,차량단독 - 공작물충돌,안전운전불이행,건조,맑음,기타 - 기타,승용,여,60세,사망,,,,
2012073000100409,2012년 7월 30일 16시,월요일,광주광역시 서구 금호동,경상사고,0,0,1,0,차대차 - 측면직각충돌,안전운전불이행,건조,맑음,교차로 - 교차로안,자전거,남,24세,경상,승용,남,56세,상해없음
2012073000100410,2012년 7월 30일 16시,월요일,광주광역시 광산구 우산동,사망사고,1,1,0,0,차대사람 - 차도통행중,안전운전불이행,건조,맑음,단일로 - 터널,승용,남,69세,상해없음,보행자,여,11세,사망
2012073000100451,2012년 7월 30일 17시,월요일,광주광역시 동구 내남동,경상사고,0,0,1,0,차대차 - 추돌 - 진행중,안전운전불이행,건조,맑음,단일로 - 기타,승용,남,52세,상해없음,승용,여,36세,상해없음
2012073000100452,2012년 7월 30일 17시,월요일,광주광역시 동구 내남동,경상사고,0,0,1,0,차대차 - 추돌 - 주정차중,안전운전불이행,건조,맑음,단일로 - 기타,승용,남,46세,상해없음,승용,남,52세,경상
2012073000100498,2012년 7월 30일 18시,월요일,광주광역시 서구 동천동,경상사고,0,0,1,0,차대차 - 기타,교차로운행방법위반,건조,맑음,교차로 - 교차로안,승용,기타불명,기타불명,기타불명,승용,여,51세,경상
2012073000100499,2012년 7월 30일 18시,월요일,광주광역시 북구 오치동,경상사고,0,0,1,0,차대사람 - 차도통행중,안전운전불이행,건조,맑음,교차로 - 교차로부근,승용,남,50세,상해없음,보행자,여,46세,경상
2012073000100519,2012년 7월 30일 19시,월요일,광주광역시 남구 서동,경상사고,0,0,1,0,차대사람 - 기타,안전운전불이행,건조,맑음,단일로 - 기타,승용,남,48세,상해없음,보행자,여,53세,경상
2012073000100520,2012년 7월 30일 19시,월요일,광주광역시 북구 용봉동,경상사고,0,0,1,0,차대차 - 기타,차로위반,건조,맑음,교차로 - 교차로부근,승용,남,53세,상해없음,승용,여,51세,경상
2012073000100559,2012년 7월 30일 20시,월요일,광주광역시 서구 벽진동,중상사고,0,1,0,0,차대사람 - 횡단중,보행자보호의무위반,건조,맑음,단일로 - 횡단보도상,이륜,남,27세,상해없음,보행자,남,54세,중상
2012073000100560,2012년 7월 30일 20시,월요일,광주광역시 광산구 수완동,경상사고,0,0,1,0,차대차 - 측면직각충돌,안전거리미확보,건조,맑음,단일로 - 기타,화물,남,64세,상해없음,승용,여,41세,경상
2012073000100584,2012년 7월 30일 21시,월요일,광주광역시 광산구 양산동,경상사고,0,0,1,0,차대차 - 측면직각충돌,교차로운행방법위반,건조,맑음,교차로 - 교차로안,승용,여,36세,상해없음,자전거,남,24세,경상
2012073000100607,2012년 7월 30일 22시,월요일,광주광역시 서구 금호동,경상사고,0,0,1,0,차대사람 - 횡단중,안전운전불이행,건조,맑음,교차로 - 교차로안,승용,남,44세,기타불명,보행자,남,51세,경상
2012073000100608,2012년 7월 30일 22시,월요일,광주광역시 북구 각화동,중상사고,0,1,0,0,차대차 - 추돌 - 주정차중,안전운전불이행,건조,맑음,단일로 - 기타,승용,여,47세,중상,화물,남,42세,기타불명
2012073000100635,2012년 7월 30일 23시,월요일,광주광역시 동구 대인동,경상사고,0,0,2,0,차대차 - 측면직각충돌,신호위반,건조,맑음,교차로 - 교차로안,승용,남,33세,상해없음,승용,남,60세,경상
2012073000100636,2012년 7월 30일 23시,월요일,광주광역시 광산구 신촌동,경상사고,0,0,2,0,차대차 - 추돌 - 진행중,안전운전불이행,건조,맑음,교차로 - 교차로부근,승용,남,30세,상해없음,승용,남,35세,경상
2012073100100051,2012년 7월 31일 03시,화요일,광주광역시 북구 용봉동,경상사고,0,0,1,0,차대차 - 측면직각충돌,안전거리미확보,건조,맑음,단일로 - 기타,기타불명,기타불명,기타불명,기타불명,승용,남,52세,경상
2012073100100073,2012년 7월 31일 06시,화요일,광주광역시 서구 농성동,경상사고,0,0,2,0,차대차 - 추돌 - 주정차중,안전운전불이행,건조,맑음,교차로 - 교차로부근,승용,여,42세,상해없음,화물,남,43세,경상
2012073100100090,2012년 7월 31일 07시,화요일,광주광역시 광산구 월전동,경상사고,0,0,1,0,차대사람 - 횡단중,신호위반,건조,맑음,단일로 - 횡단보도상,승용,남,29세,상해없음,보행자,여,24세,경상
2012073100100147,2012년 7월 31일 09시,화요일,광주광역시 동구 서석동,경상사고,0,0,1,0,차대차 - 측면직각충돌,안전거리미확보,건조,기타,단일로 - 기타,승합,남,22세,기타불명,승용,남,47세,경상
2012073100100148,2012년 7월 31일 09시,화요일,광주광역시 서구 광천동,경상사고,0,0,2,0,차대차 - 기타,안전거리미확보,건조,맑음,기타 - 기타,승용,남,69세,상해없음,승합,남,59세,상해없음
2012073100100176,2012년 7월 31일 10시,화요일,광주광역시 서구 쌍촌동,경상사고,0,0,1,0,차대차 - 기타,안전운전불이행,건조,맑음,교차로 - 교차로안,승용,남,45세,상해없음,승용,여,36세,경상
2012073100100205,2012년 7월 31일 11시,화요일,광주광역시 서구 풍암동,경상사고,0,0,2,0,차대차 - 추돌 - 진행중,안전거리미확보,건조,맑음,교차로 - 교차로안,승용,남,34세,상해없음,승용,여,31세,경상
2012073100100206,2012년 7월 31일 11시,화요일,광주광역시 북구 두암동,중상사고,0,1,0,0,차대차 - 기타,안전운전불이행,건조,맑음,기타 - 기타,원동기,남,47세,중상,승용,남,53세,기타불명
2012073100100297,2012년 7월 31일 14시,화요일,광주광역시 북구 풍향동,중상사고,0,1,0,0,차대차 - 측면직각충돌,교차로운행방법위반,건조,맑음,교차로 - 교차로안,승용,남,68세,상해없음,원동기,남,69세,중상
2012073100100328,2012년 7월 31일 15시,화요일,광주광역시 서구 금호동,경상사고,0,0,1,0,차대사람 - 기타,기타,건조,맑음,교차로 - 교차로안,승합,남,52세,상해없음,보행자,남,8세,경상
2012073100100393,2012년 7월 31일 17시,화요일,광주광역시 남구 방림동,경상사고,0,0,2,0,차대차 - 측면직각충돌,안전운전불이행,건조,맑음,교차로 - 교차로안,승용,여,44세,상해없음,승용,여,44세,경상
2012073100100433,2012년 7월 31일 18시,화요일,광주광역시 북구 매곡동,중상사고,0,1,0,0,차대차 - 추돌 - 주정차중,안전운전불이행,건조,맑음,단일로 - 기타,이륜,남,52세,중상,화물,남,47세,상해없음
2012073100100457,2012년 7월 31일 19시,화요일,광주광역시 동구 지산동,부상신고사고,0,0,0,1,차대사람 - 기타,안전운전불이행,건조,맑음,단일로 - 기타,승용,남,22세,상해없음,보행자,남,23세,부상신고
2012073100100458,2012년 7월 31일 19시,화요일,광주광역시 광산구 우산동,경상사고,0,0,2,0,차대차 - 추돌 - 주정차중,안전운전불이행,건조,맑음,단일로 - 기타,승용,남,19세,상해없음,화물,남,20세,경상
2012073100100492,2012년 7월 31일 20시,화요일,광주광역시 광산구 신촌동,중상사고,0,1,0,0,차대차 - 추돌 - 진행중,안전운전불이행,건조,맑음,단일로 - 기타,승합,남,44세,상해없음,자전거,남,21세,중상
2012073100100526,2012년 7월 31일 21시,화요일,광주광역시 서구 광천동,경상사고,0,0,1,0,차대차 - 측면직각충돌,안전거리미확보,건조,맑음,단일로 - 기타,승용,남,52세,상해없음,승용,남,55세,상해없음
2012073100100527,2012년 7월 31일 21시,화요일,광주광역시 광산구 옥동,경상사고,0,0,4,0,차대차 - 추돌 - 진행중,안전운전불이행,건조,맑음,교차로 - 교차로안,화물,남,54세,상해없음,승용,여,40세,경상
2012073100100603,2012년 7월 31일 23시,화요일,광주광역시 동구 금동,부상신고사고,0,0,0,1,차대사람 - 기타,안전운전불이행,건조,맑음,단일로 - 기타,승용,남,32세,상해없음,보행자,남,29세,부상신고
2012073100100604,2012년 7월 31일 23시,화요일,광주광역시 서구 금호동,경상사고,0,0,1,0,차대차 - 측면직각충돌,신호위반,건조,흐림,교차로 - 교차로안,승용,여,43세,상해없음,승용,남,19세,경상
2012073100100605,2012년 7월 31일 23시,화요일,광주광역시 광산구 동림동,경상사고,0,0,1,0,차대차 - 측면직각충돌,신호위반,건조,맑음,교차로 - 교차로안,승용,남,24세,상해없음,승용,남,49세,경상
2012080100100012,2012년 8월 1일 00시,수요일,광주광역시 서구 금호동,중상사고,0,1,0,0,차대차 - 기타,기타,건조,맑음,단일로 - 기타,기타불명,기타불명,기타불명,기타불명,이륜,남,18세,중상
2012080100100028,2012년 8월 1일 01시,수요일,광주광역시 북구 유동,경상사고,0,0,1,0,차대차 - 측면직각충돌,안전운전불이행,건조,맑음,교차로 - 교차로안,승용,여,29세,상해없음,승용,남,51세,경상
2012080100100068,2012년 8월 1일 05시,수요일,광주광역시 서구 덕흥동,경상사고,0,0,1,0,차량단독 - 기타,안전운전불이행,건조,맑음,단일로 - 기타,승용,남,63세,상해없음,,,,
2012080100100083,2012년 8월 1일 06시,수요일,광주광역시 서구 쌍촌동,경상사고,0,0,1,0,차대차 - 추돌 - 진행중,안전운전불이행,건조,맑음,단일로 - 기타,승용,여,33세,상해없음,이륜,남,18세,경상
2012080100100084,2012년 8월 1일 06시,수요일,광주광역시 북구 각화동,경상사고,0,0,1,0,차대차 - 기타,안전운전불이행,건조,맑음,단일로 - 기타,승용,여,56세,상해없음,화물,남,48세,경상
2012080100100101,2012년 8월 1일 07시,수요일,광주광역시 광산구 송정동,중상사고,0,1,0,0,차대사람 - 횡단중,안전운전불이행,건조,맑음,단일로 - 기타,화물,남,51세,상해없음,보행자,여,74세,중상
2012080100100124,2012년 8월 1일 08시,수요일,광주광역시 광산구 수완동,경상사고,0,0,3,0,차대차 - 추돌 - 진행중,안전거리미확보,건조,맑음,단일로 - 기타,승용,남,64세,상해없음,승용,여,31세,경상
2012080100100145,2012년 8월 1일 09시,수요일,광주광역시 서구 광천동,경상사고,0,0,1,0,차대차 - 추돌 - 진행중,안전거리미확보,건조,맑음,단일로 - 기타,승용,남,52세,상해없음,승용,남,42세,경상
2012080100100146,2012년 8월 1일 09시,수요일,광주광역시 남구 주월동,경상사고,0,0,1,0,차대사람 - 횡단중,안전운전불이행,건조,맑음,단일로 - 기타,승용,남,45세,상해없음,보행자,남,2세,경상
2012080100100208,2012년 8월 1일 11시,수요일,광주광역시 광산구 월곡동,중상사고,0,1,0,0,차대차 - 측면직각충돌,안전거리미확보,건조,맑음,교차로 - 교차로부근,원동기,남,23세,중상,승용,남,45세,상해없음
2012080100100233,2012년 8월 1일 12시,수요일,광주광역시 북구 망월동,경상사고,0,0,9,0,차대차 - 추돌 - 진행중,안전거리미확보,건조,맑음,교차로 - 교차로부근,승용,남,54세,상해없음,승용,여,49세,경상
2012080100100234,2012년 8월 1일 12시,수요일,광주광역시 광산구 월계동,경상사고,0,0,1,0,차대사람 - 횡단중,보행자보호의무위반,건조,맑음,단일로 - 횡단보도상,승용,남,44세,상해없음,보행자,남,51세,경상
2012080100100268,2012년 8월 1일 13시,수요일,광주광역시 서구 광천동,경상사고,0,0,1,0,차대차 - 기타,안전운전불이행,건조,맑음,단일로 - 기타,승용,남,50세,상해없음,승용,여,39세,경상
2012080100100269,2012년 8월 1일 13시,수요일,광주광역시 북구 풍향동,경상사고,0,0,1,0,차대차 - 측면직각충돌,안전거리미확보,건조,맑음,교차로 - 교차로부근,승용,여,45세,상해없음,승용,남,28세,경상
2012080100100270,2012년 8월 1일 13시,수요일,광주광역시 광산구 월곡동,경상사고,0,0,3,0,차대차 - 추돌 - 진행중,안전거리미확보,건조,맑음,단일로 - 기타,승용,여,44세,상해없음,승용,여,41세,경상
2012080100100289,2012년 8월 1일 14시,수요일,광주광역시 북구 장등동,경상사고,0,0,2,0,차대차 - 추돌 - 진행중,안전운전불이행,건조,맑음,기타 - 기타,화물,남,48세,상해없음,승용,남,41세,경상
2012080100100296,2012년 8월 1일 14시,수요일,광주광역시 서구 치평동,경상사고,0,0,1,0,차대차 - 추돌 - 주정차중,안전운전불이행,건조,맑음,단일로 - 기타,승용,남,46세,상해없음,승용,여,33세,경상
2012080100100297,2012년 8월 1일 14시,수요일,광주광역시 서구 광천동,경상사고,0,0,1,0,차대사람 - 횡단중,보행자보호의무위반,건조,맑음,단일로 - 기타,승용,남,56세,상해없음,보행자,여,16세,경상
2012080100100298,2012년 8월 1일 14시,수요일,광주광역시 광산구 월계동,경상사고,0,0,3,1,차대차 - 측면직각충돌,안전거리미확보,건조,맑음,단일로 - 기타,승용,여,35세,부상신고,승용,남,26세,경상
2012080100100332,2012년 8월 1일 15시,수요일,광주광역시 동구 수기동,경상사고,0,0,1,0,차대차 - 측면직각충돌,신호위반,건조,맑음,교차로 - 교차로안,승용,여,39세,상해없음,이륜,남,37세,경상
2012080100100333,2012년 8월 1일 15시,수요일,광주광역시 북구 두암동,중상사고,0,1,3,0,차대차 - 측면직각충돌,안전운전불이행,건조,맑음,교차로 - 교차로부근,화물,남,53세,상해없음,승용,여,50세,경상
2012080100100334,2012년 8월 1일 15시,수요일,광주광역시 북구 운암동,중상사고,0,1,0,0,차대차 - 측면직각충돌,안전운전불이행,건조,맑음,단일로 - 기타,자전거,여,59세,중상,승용,남,35세,상해없음
2012080100100390,2012년 8월 1일 17시,수요일,광주광역시 동구 수기동,경상사고,0,0,2,1,차대차 - 측면직각충돌,차로위반,건조,맑음,단일로 - 기타,승용,남,74세,부상신고,승용,남,29세,경상
2012080100100391,2012년 8월 1일 17시,수요일,광주광역시 북구 동림동,경상사고,0,0,1,0,차대차 - 추돌 - 진행중,안전운전불이행,건조,맑음,교차로 - 교차로부근,승용,남,46세,상해없음,승용,여,36세,경상
2012080100100433,2012년 8월 1일 18시,수요일,광주광역시 서구 치평동,중상사고,0,1,2,0,차대사람 - 횡단중,안전운전불이행,건조,맑음,단일로 - 기타,승용,남,32세,경상,보행자,남,7세,중상
2012080100100434,2012년 8월 1일 18시,수요일,광주광역시 북구 오룡동,경상사고,0,0,1,0,차대차 - 측면직각충돌,안전운전불이행,건조,맑음,교차로 - 교차로안,승용,남,38세,상해없음,화물,남,42세,경상