사고번호,사고일시,요일,시군구,사고내용,사망자수,중상자수,경상자수,부상신고자수,사고유형,법규위반,노면상태,기상상태,도로형태,가해운전자 차종,가해운전자 성별,가해운전자 연령,가해운전자 상해정도,피해운전자 차종,피해운전자 성별,피해운전자 연령,피해운전자 상해정도
2012081300100620,2012년 8월 13일 23시,월요일,광주광역시 광산구 신가동,경상사고,0,0,1,0,차대차 - 정면충돌,안전운전불이행,습기,비,교차로 - 교차로부근,승용,여,32세,상해없음,승용,남,41세,상해없음
2012081400100017,2012년 8월 14일 00시,화요일,광주광역시 광산구 신창동,경상사고,0,0,2,0,차대차 - 정면충돌,중앙선침범,습기,비,교차로 - 교차로안,승용,여,40세,상해없음,승용,남,43세,경상
2012081400100035,2012년 8월 14일 01시,화요일,광주광역시 서구 매월동,경상사고,0,0,2,0,차대차 - 추돌 - 주정차중,안전운전불이행,습기,비,단일로 - 기타,승용,남,61세,경상,승용,여,46세,경상
2012081400100036,2012년 8월 14일 01시,화요일,광주광역시 남구 방림동,경상사고,0,0,1,0,차대차 - 기타,안전거리미확보,건조,맑음,교차로 - 교차로부근,승용,남,32세,상해없음,승용,남,29세,경상
2012081400100055,2012년 8월 14일 03시,화요일,광주광역시 서구 치평동,경상사고,0,0,1,0,차대차 - 기타,안전운전불이행,건조,맑음,교차로 - 교차로부근,승용,남,58세,기타불명,자전거,남,20세,경상
2012081400100081,2012년 8월 14일 05시,화요일,광주광역시 동구 산수동,경상사고,0,0,2,0,차대차 - 추돌 - 주정차중,안전운전불이행,건조,흐림,단일로 - 기타,승용,남,23세,경상,승용,남,36세,경상
2012081400100096,2012년 8월 14일 06시,화요일,광주광역시 북구 운암동,경상사고,0,0,2,0,차대차 - 추돌 - 주정차중,안전운전불이행,건조,맑음,단일로 - 기타,승용,남,50세,상해없음,화물,남,60세,경상
2012081400100211,2012년 8월 14일 11시,화요일,광주광역시 서구 치평동,중상사고,0,1,0,0,차대사람 - 횡단중,안전운전불이행,건조,맑음,교차로 - 교차로안,승용,남,24세,상해없음,보행자,여,72세,중상
2012081400100212,2012년 8월 14일 11시,화요일,광주광역시 광산구 월계동,경상사고,0,0,2,1,차대차 - 추돌 - 진행중,안전운전불이행,건조,맑음,교차로 - 교차로부근,승용,남,54세,부상신고,승용,남,22세,경상
2012081400100250,2012년 8월 14일 12시,화요일,광주광역시 북구 임동,경상사고,0,0,2,0,차대차 - 정면충돌,신호위반,건조,맑음,교차로 - 교차로안,원동기,남,41세,상해없음,승용,여,37세,경상
2012081400100275,2012년 8월 14일 13시,화요일,광주광역시 북구 신안동,경상사고,0,0,1,0,차대사람 - 차도통행중,안전운전불이행,건조,맑음,단일로 - 기타,승용,여,60세,상해없음,보행자,여,48세,경상
2012081400100276,2012년 8월 14일 13시,화요일,광주광역시 북구 임동,부상신고사고,0,0,0,1,차대차 - 추돌 - 진행중,안전운전불이행,건조,맑음,교차로 - 교차로안,이륜,남,37세,부상신고,승용,남,66세,상해없음
2012081400100306,2012년 8월 14일 14시,화요일,광주광역시 북구 유동,중상사고,0,1,0,0,차대차 - 기타,안전운전불이행,건조,맑음,단일로 - 기타,원동기,남,65세,중상,승용,여,31세,상해없음
2012081400100337,2012년 8월 14일 15시,화요일,광주광역시 북구 중흥동,경상사고,0,0,1,0,차대차 - 추돌 - 진행중,안전운전불이행,건조,맑음,단일로 - 기타,승용,여,63세,상해없음,승용,남,35세,경상
2012081400100371,2012년 8월 14일 16시,화요일,광주광역시 광산구 월계동,경상사고,0,0,1,0,차대차 - 측면직각충돌,교차로운행방법위반,건조,맑음,교차로 - 교차로안,승합,여,53세,상해없음,원동기,남,16세,상해없음
2012081400100442,2012년 8월 14일 18시,화요일,광주광역시 남구 봉선동,경상사고,0,0,2,0,차대차 - 측면직각충돌,차로위반,건조,맑음,단일로 - 기타,승용,여,39세,상해없음,승용,남,49세,경상
2012081400100443,2012년 8월 14일 18시,화요일,광주광역시 광산구 장덕동,경상사고,0,0,2,0,차대차 - 측면직각충돌,신호위반,건조,흐림,교차로 - 교차로안,승용,여,29세,경상,이륜,남,19세,경상
2012081400100479,2012년 8월 14일 19시,화요일,광주광역시 서구 금호동,경상사고,0,0,1,0,차대차 - 추돌 - 주정차중,안전운전불이행,건조,맑음,단일로 - 기타,승용,남,48세,기타불명,승용,남,34세,경상
2012081400100528,2012년 8월 14일 20시,화요일,광주광역시 서구 동천동,경상사고,0,0,1,0,차대차 - 측면직각충돌,기타,건조,맑음,단일로 - 기타,이륜,남,17세,경상,승용,남,39세,상해없음
2012081400100576,2012년 8월 14일 21시,화요일,광주광역시 서구 치평동,경상사고,0,0,2,0,차대차 - 정면충돌,신호위반,건조,맑음,교차로 - 교차로안,승용,남,38세,기타불명,승용,여,51세,경상
2012081400100577,2012년 8월 14일 21시,화요일,광주광역시 서구 광천동,경상사고,0,0,2,0,차대차 - 기타,차로위반,건조,맑음,기타 - 기타,승용,남,44세,상해없음,화물,남,63세,경상
2012081400100625,2012년 8월 14일 22시,화요일,광주광역시 서구 화정동,경상사고,0,0,2,0,차대차 - 추돌 - 주정차중,중앙선침범,건조,맑음,교차로 - 교차로안,승용,남,38세,상해없음,승용,남,69세,경상
2012081400100659,2012년 8월 14일 23시,화요일,광주광역시 서구 치평동,경상사고,0,0,1,0,차대차 - 추돌 - 주정차중,안전운전불이행,건조,맑음,교차로 - 교차로부근,승용,여,37세,상해없음,승용,남,43세,경상
2012081400100660,2012년 8월 14일 23시,화요일,광주광역시 서구 농성동,경상사고,0,0,4,0,차대차 - 측면직각충돌,중앙선침범,건조,맑음,단일로 - 기타,승용,남,53세,상해없음,승용,여,56세,경상
2012081400100661,2012년 8월 14일 23시,화요일,광주광역시 북구 누문동,경상사고,0,0,1,0,차대사람 - 차도통행중,안전운전불이행,건조,맑음,단일로 - 기타,승용,남,67세,상해없음,보행자,남,47세,경상
2012081500100048,2012년 8월 15일 00시,수요일,광주광역시 광산구 우산동,경상사고,0,0,1,0,차대차 - 측면직각충돌,안전운전불이행,건조,맑음,단일로 - 기타,승용,남,51세,상해없음,원동기,남,24세,경상
2012081500100049,2012년 8월 15일 00시,수요일,광주광역시 북구 양산동,경상사고,0,0,1,0,차대사람 - 횡단중,안전운전불이행,건조,맑음,교차로 - 교차로부근,승용,남,36세,상해없음,보행자,남,20세,경상
2012081500100086,2012년 8월 15일 01시,수요일,광주광역시 북구 용봉동,경상사고,0,0,2,0,차대차 - 추돌 - 진행중,안전운전불이행,건조,맑음,단일로 - 기타,승용,여,25세,상해없음,승용,남,34세,경상
2012081500100116,2012년 8월 15일 02시,수요일,광주광역시 동구 소태동,경상사고,0,0,1,0,차대차 - 추돌 - 진행중,안전운전불이행,건조,맑음,단일로 - 기타,화물,남,35세,경상,화물,남,49세,기타불명
2012081500100217,2012년 8월 15일 06시,수요일,광주광역시 서구 농성동,경상사고,0,0,3,0,차대차 - 추돌 - 주정차중,안전운전불이행,건조,맑음,교차로 - 교차로부근,승용,남,24세,상해없음,승용,남,32세,경상
2012081500100247,2012년 8월 15일 08시,수요일,광주광역시 동구 서석동,경상사고,0,0,1,0,차대차 - 추돌 - 진행중,안전운전불이행,건조,맑음,단일로 - 기타,이륜,남,38세,경상,승용,여,47세,상해없음
2012081500100248,2012년 8월 15일 08시,수요일,광주광역시 북구 중흥동,경상사고,0,0,1,0,차대차 - 측면직각충돌,중앙선침범,건조,맑음,단일로 - 횡단보도상,승합,남,52세,상해없음,자전거,여,54세,경상
2012081500100264,2012년 8월 15일 09시,수요일,광주광역시 서구 쌍촌동,경상사고,0,0,1,0,차대차 - 추돌 - 진행중,안전거리미확보,건조,맑음,교차로 - 교차로안,승용,남,33세,상해없음,승용,여,50세,경상
2012081500100265,2012년 8월 15일 09시,수요일,광주광역시 광산구 송정동,중상사고,0,1,0,0,차대사람 - 차도통행중,안전운전불이행,건조,맑음,교차로 - 교차로부근,승용,여,28세,상해없음,보행자,여,69세,중상
2012081500100317,2012년 8월 15일 12시,수요일,광주광역시 동구 산수동,경상사고,0,0,1,0,차대사람 - 기타,안전운전불이행,건조,맑음,단일로 - 기타,승용,여,49세,상해없음,보행자,남,51세,경상
2012081500100318,2012년 8월 15일 12시,수요일,광주광역시 서구 풍암동,경상사고,0,0,1,0,차대차 - 기타,안전운전불이행,건조,맑음,기타 - 기타,자전거,남,40세,경상,승용,여,46세,상해없음
2012081500100336,2012년 8월 15일 13시,수요일,광주광역시 광산구 옥동,경상사고,0,0,1,0,차대차 - 측면직각충돌,교차로운행방법위반,건조,맑음,교차로 - 교차로안,승용,남,53세,경상,승용,여,47세,상해없음
2012081500100337,2012년 8월 15일 13시,수요일,광주광역시 광산구 우산동,경상사고,0,0,1,0,차대차 - 추돌 - 주정차중,안전운전불이행,건조,맑음,단일로 - 기타,화물,남,46세,기타불명,화물,남,49세,경상
2012081500100374,2012년 8월 15일 15시,수요일,광주광역시 서구 금호동,중상사고,0,1,0,0,차대차 - 기타,신호위반,건조,맑음,교차로 - 교차로안,승용,여,34세,상해없음,이륜,남,18세,중상
2012081500100473,2012년 8월 15일 19시,수요일,광주광역시 광산구 수완동,경상사고,0,0,1,0,차대차 - 추돌 - 주정차중,안전운전불이행,건조,맑음,교차로 - 교차로안,승용,남,36세,상해없음,승용,남,33세,경상
2012081500100518,2012년 8월 15일 20시,수요일,광주광역시 서구 농성동,경상사고,0,0,1,0,차대사람 - 기타,신호위반,건조,흐림,단일로 - 횡단보도상,승용,여,50세,상해없음,보행자,여,63세,경상
2012081500100519,2012년 8월 15일 20시,수요일,광주광역시 남구 양과동,경상사고,0,0,2,0,차대차 - 정면충돌,중앙선침범,건조,맑음,단일로 - 기타,승용,여,55세,상해없음,승용,남,58세,경상
2012081500100520,2012년 8월 15일 20시,수요일,광주광역시 광산구 신가동,부상신고사고,0,0,0,1,차대사람 - 기타,안전운전불이행,습기,비,기타 - 기타,승용,기타불명,기타불명,기타불명,보행자,남,3세,부상신고
2012081500100590,2012년 8월 15일 22시,수요일,광주광역시 광산구 월계동,부상신고사고,0,0,0,1,차대차 - 추돌 - 주정차중,안전운전불이행,건조,맑음,단일로 - 기타,승용,여,47세,상해없음,승용,남,26세,상해없음
2012081500100606,2012년 8월 15일 23시,수요일,광주광역시 남구 주월동,경상사고,0,0,1,1,차대차 - 측면직각충돌,교차로운행방법위반,건조,맑음,교차로 - 교차로안,이륜,남,18세,부상신고,승용,남,54세,상해없음
2012081600100015,2012년 8월 16일 00시,목요일,광주광역시 북구 동림동,경상사고,0,0,3,0,차대차 - 측면직각충돌,안전거리미확보,습기,비,단일로 - 기타,승용,남,29세,경상,승용,남,40세,경상
2012081600100016,2012년 8월 16일 00시,목요일,광주광역시 광산구 신가동,경상사고,0,0,1,0,차대차 - 측면직각충돌,신호위반,건조,흐림,교차로 - 교차로안,승용,기타불명,기타불명,기타불명,승용,여,28세,경상
2012081600100042,2012년 8월 16일 02시,목요일,광주광역시 북구 신안동,중상사고,0,1,2,0,차대차 - 측면직각충돌,신호위반,습기,비,교차로 - 교차로안,승용,남,23세,상해없음,승용,남,54세,중상
2012081600100081,2012년 8월 16일 06시,목요일,광주광역시 서구 농성동,중상사고,0,1,2,0,차대차 - 기타,안전운전불이행,습기,비,교차로 - 교차로안,승용,남,43세,상해없음,승용,남,57세,상해없음
2012081600100082,2012년 8월 16일 06시,목요일,광주광역시 북구 운암동,경상사고,0,0,9,0,차대차 - 측면직각충돌,신호위반,건조,맑음,교차로 - 교차로안,승용,남,25세,상해없음,승합,남,62세,경상
2012081600100102,2012년 8월 16일 07시,목요일,광주광역시 서구 광천동,경상사고,0,0,1,0,차대차 - 기타,차로위반,습기,비,기타 - 기타,승용,남,58세,상해없음,승용,남,65세,경상
2012081600100103,2012년 8월 16일 07시,목요일,광주광역시 남구 송하동,경상사고,0,0,1,0,차대차 - 추돌 - 주정차중,기타,건조,맑음,단일로 - 기타,화물,남,62세,상해없음,승용,남,34세,경상
2012081600100156,2012년 8월 16일 09시,목요일,광주광역시 서구 농성동,경상사고,0,0,1,0,차대차 - 추돌 - 주정차중,안전운전불이행,습기,비,단일로 - 기타,화물,남,30세,상해없음,승용,남,29세,경상
2012081600100157,2012년 8월 16일 09시,목요일,광주광역시 북구 운암동,중상사고,0,1,0,0,차대사람 - 차도통행중,안전운전불이행,습기,비,단일로 - 횡단보도부근,화물,남,53세,상해없음,보행자,남,76세,중상
2012081600100181,2012년 8월 16일 10시,목요일,광주광역시 서구 쌍촌동,경상사고,0,0,3,0,차대차 - 추돌 - 주정차중,안전운전불이행,건조,맑음,단일로 - 기타,승용,여,24세,상해없음,승용,여,43세,경상
2012081600100182,2012년 8월 16일 10시,목요일,광주광역시 남구 백운동,경상사고,0,0,1,0,차대사람 - 횡단중,보행자보호의무위반,건조,맑음,교차로 - 교차로부근,승용,남,35세,상해없음,보행자,여,27세,경상
2012081600100235,2012년 8월 16일 12시,목요일,광주광역시 동구 장동,경상사고,0,0,1,0,차대차 - 측면직각충돌,교차로운행방법위반,건조,맑음,교차로 - 교차로안,승용,여,41세,상해없음,승용,남,62세,경상
2012081600100236,2012년 8월 16일 12시,목요일,광주광역시 광산구 월곡동,경상사고,0,0,1,0,차대차 - 기타,안전운전불이행,습기,비,단일로 - 기타,승용,남,49세,상해없음,승용,여,55세,경상
2012081600100262,2012년 8월 16일 13시,목요일,광주광역시 서구 광천동,경상사고,0,0,2,0,차대사람 - 기타,안전운전불이행,건조,맑음,단일로 - 기타,승용,남,62세,상해없음,보행자,남,19세,경상
2012081600100363,2012년 8월 16일 16시,목요일,광주광역시 동구 학동,중상사고,0,1,0,0,차대사람 - 기타,안전운전불이행,건조,맑음,교차로 - 교차로부근,승용,남,42세,상해없음,보행자,남,88세,중상
2012081600100426,2012년 8월 16일 18시,목요일,광주광역시 동구 대인동,경상사고,0,0,1,0,차대사람 - 횡단중,안전운전불이행,건조,흐림,교차로 - 교차로부근,승용,여,25세,기타불명,보행자,여,15세,경상
2012081600100427,2012년 8월 16일 18시,목요일,광주광역시 광산구 산월동,경상사고,0,0,1,0,차대차 - 측면직각충돌,안전운전불이행,건조,맑음,교차로 - 교차로부근,승용,기타불명,기타불명,기타불명,승용,남,34세,경상
2012081600100428,2012년 8월 16일 18시,목요일,광주광역시 광산구 월전동,중상사고,0,1,2,0,차대차 - 측면직각충돌,교차로운행방법위반,건조,맑음,교차로 - 교차로안,승용,남,59세,경상,승용,남,24세,경상
2012081600100469,2012년 8월 16일 19시,목요일,광주광역시 광산구 월곡동,경상사고,0,0,1,0,차대차 - 측면직각충돌,신호위반,건조,맑음,교차로 - 교차로안,승용,남,23세,상해없음,원동기,남,41세,경상
2012081600100498,2012년 8월 16일 20시,목요일,광주광역시 광산구 우산동,경상사고,0,0,3,0,차대차 - 추돌 - 진행중,안전거리미확보,건조,맑음,단일로 - 기타,승용,남,24세,상해없음,승용,남,44세,경상
2012081600100524,2012년 8월 16일 21시,목요일,광주광역시 남구 방림동,경상사고,0,0,1,0,차대차 - 추돌 - 진행중,안전거리미확보,건조,맑음,단일로 - 기타,승용,남,52세,상해없음,승용,남,25세,경상
2012081600100525,2012년 8월 16일 21시,목요일,광주광역시 남구 월산동,부상신고사고,0,0,0,1,차대차 - 추돌 - 진행중,안전거리미확보,건조,맑음,단일로 - 기타,승용,남,38세,상해없음,승용,남,34세,부상신고
2012081600100526,2012년 8월 16일 21시,목요일,광주광역시 광산구 산정동,경상사고,0,0,1,0,차대차 - 정면충돌,중앙선침범,건조,맑음,교차로 - 교차로부근,화물,남,38세,상해없음,승용,남,49세,경상
2012081600100551,2012년 8월 16일 22시,목요일,광주광역시 북구 동림동,경상사고,0,0,1,0,차대차 - 측면직각충돌,중앙선침범,건조,맑음,단일로 - 기타,승용,남,44세,상해없음,승용,남,53세,상해없음
2012081600100583,2012년 8월 16일 23시,목요일,광주광역시 북구 신안동,경상사고,0,0,1,0,차대차 - 기타,교차로운행방법위반,건조,맑음,교차로 - 교차로안,승용,남,31세,상해없음,승용,남,31세,경상
2012081600100585,2012년 8월 16일 23시,목요일,광주광역시 광산구 운남동,중상사고,0,1,0,0,차대사람 - 기타,안전운전불이행,건조,맑음,단일로 - 기타,승용,여,37세,상해없음,보행자,여,68세,중상
2012081700100034,2012년 8월 17일 02시,금요일,광주광역시 서구 치평동,경상사고,0,0,1,0,차대차 - 추돌 - 주정차중,안전운전불이행,건조,맑음,단일로 - 기타,승용,남,31세,상해없음,승용,남,47세,경상
2012081700100035,2012년 8월 17일 02시,금요일,광주광역시 북구 두암동,경상사고,0,0,2,0,차대차 - 추돌 - 주정차중,안전운전불이행,기타,기타,단일로 - 기타,승용,남,37세,기타불명,승용,남,27세,경상
2012081700100097,2012년 8월 17일 07시,금요일,광주광역시 동구 불로동,경상사고,0,0,1,0,차대차 - 측면직각충돌,안전거리미확보,건조,맑음,단일로 - 기타,이륜,남,43세,경상,승용,남,65세,상해없음
2012081700100098,2012년 8월 17일 07시,금요일,광주광역시 서구 화정동,경상사고,0,0,2,0,차대차 - 측면직각충돌,안전운전불이행,건조,맑음,교차로 - 교차로부근,승합,여,66세,경상,승용,남,49세,경상
2012081700100099,2012년 8월 17일 07시,금요일,광주광역시 북구 신안동,중상사고,0,1,0,0,차대차 - 측면직각충돌,안전운전불이행,건조,맑음,단일로 - 기타,승용,여,43세,상해없음,원동기,남,46세,중상
2012081700100122,2012년 8월 17일 08시,금요일,광주광역시 서구 농성동,경상사고,0,0,1,0,차대차 - 측면직각충돌,안전거리미확보,건조,맑음,단일로 - 기타,화물,남,57세,상해없음,승용,남,28세,경상
2012081700100148,2012년 8월 17일 09시,금요일,광주광역시 광산구 흑석동,경상사고,0,0,1,0,차대차 - 측면직각충돌,안전거리미확보,건조,맑음,교차로 - 교차로부근,승용,남,41세,상해없음,화물,남,30세,경상
2012081700100168,2012년 8월 17일 10시,금요일,광주광역시 광산구 산월동,경상사고,0,0,1,0,차대차 - 측면직각충돌,신호위반,건조,맑음,교차로 - 교차로안,승용,남,76세,상해없음,승용,여,52세,경상
2012081700100226,2012년 8월 17일 12시,금요일,광주광역시 서구 풍암동,경상사고,0,0,1,0,차대사람 - 횡단중,신호위반,건조,맑음,교차로 - 교차로안,승용,여,56세,상해없음,보행자,여,67세,경상
2012081700100227,2012년 8월 17일 12시,금요일,광주광역시 광산구 쌍암동,중상사고,0,1,4,0,차대차 - 측면직각충돌,안전운전불이행,건조,맑음,교차로 - 교차로안,승용,여,30세,경상,승용,여,30세,중상
2012081700100253,2012년 8월 17일 13시,금요일,광주광역시 남구 지석동,경상사고,0,0,4,0,차대차 - 측면직각충돌,신호위반,건조,맑음,교차로 - 교차로안,승용,여,51세,경상,승용,남,48세,경상
2012081700100277,2012년 8월 17일 14시,금요일,광주광역시 광산구 수완동,경상사고,0,0,1,0,차대차 - 측면직각충돌,신호위반,건조,맑음,교차로 - 교차로안,이륜,남,16세,경상,화물,남,31세,상해없음
2012081700100304,2012년 8월 17일 15시,금요일,광주광역시 북구 운암동,경상사고,0,0,1,0,차대차 - 측면직각충돌,안전운전불이행,건조,맑음,단일로 - 기타,승용,남,62세,상해없음,자전거,남,46세,경상
2012081700100347,2012년 8월 17일 16시,금요일,광주광역시 광산구 우산동,경상사고,0,0,1,0,차대차 - 추돌 - 주정차중,안전운전불이행,건조,맑음,교차로 - 교차로부근,승용,남,23세,기타불명,승용,남,35세,경상
2012081700100423,2012년 8월 17일 18시,금요일,광주광역시 서구 쌍촌동,중상사고,0,1,1,0,차대차 - 측면직각충돌,안전운전불이행,건조,맑음,교차로 - 교차로안,승용,남,63세,상해없음,이륜,남,55세,중상
2012081700100424,2012년 8월 17일 18시,금요일,광주광역시 북구 중흥동,경상사고,0,0,4,0,차대차 - 추돌 - 진행중,안전거리미확보,건조,맑음,단일로 - 기타,승용,남,54세,상해없음,승용,남,49세,경상
2012081700100459,2012년 8월 17일 19시,금요일,광주광역시 서구 덕흥동,경상사고,0,0,1,0,차대차 - 추돌 - 주정차중,안전거리미확보,건조,맑음,단일로 - 기타,승용,남,23세,상해없음,승용,남,33세,경상
2012081700100460,2012년 8월 17일 19시,금요일,광주광역시 광산구 신가동,경상사고,0,0,1,0,차대차 - 추돌 - 진행중,안전거리미확보,건조,맑음,단일로 - 기타,승용,남,52세,상해없음,승용,남,46세,경상
2012081700100492,2012년 8월 17일 20시,금요일,광주광역시 북구 용봉동,경상사고,0,0,5,0,차대차 - 기타,안전운전불이행,건조,맑음,단일로 - 기타,화물,남,45세,기타불명,승용,남,32세,경상
2012081700100499,2012년 8월 17일 20시,금요일,광주광역시 남구 월산동,경상사고,0,0,1,0,차대차 - 추돌 - 진행중,안전운전불이행,건조,맑음,단일로 - 기타,승용,남,29세,상해없음,화물,남,38세,경상
2012081700100500,2012년 8월 17일 20시,금요일,광주광역시 광산구 신가동,경상사고,0,0,4,0,차대차 - 측면직각충돌,신호위반,건조,맑음,교차로 - 교차로안,원동기,남,84세,경상,승용,여,55세,경상
2012081700100541,2012년 8월 17일 21시,금요일,광주광역시 동구 장동,경상사고,0,0,1,0,차대사람 - 횡단중,안전운전불이행,건조,맑음,단일로 - 기타,승용,남,27세,상해없음,보행자,여,15세,경상
2012081700100542,2012년 8월 17일 21시,금요일,광주광역시 서구 금호동,경상사고,0,0,1,0,차대사람 - 길가장자리구역통행중,안전운전불이행,건조,맑음,단일로 - 기타,승용,남,56세,상해없음,보행자,남,60세,경상
2012081700100543,2012년 8월 17일 21시,금요일,광주광역시 광산구 수완동,경상사고,0,0,1,0,차대차 - 추돌 - 진행중,안전운전불이행,건조,맑음,교차로 - 교차로안,승용,여,37세,상해없음,승용,여,41세,경상
2012081700100582,2012년 8월 17일 22시,금요일,광주광역시 서구 금호동,경상사고,0,0,1,0,차대차 - 정면충돌,중앙선침범,건조,맑음,단일로 - 기타,승용,남,55세,상해없음,승용,남,42세,경상
2012081700100625,2012년 8월 17일 23시,금요일,광주광역시 남구 주월동,경상사고,0,0,1,0,차대사람 - 기타,안전운전불이행,건조,맑음,교차로 - 교차로안,승용,여,41세,상해없음,보행자,여,33세,경상
2012081800100020,2012년 8월 18일 00시,토요일,광주광역시 북구 신안동,경상사고,0,0,1,0,차대차 - 측면직각충돌,안전운전불이행,건조,맑음,교차로 - 교차로부근,승용,남,44세,상해없음,승용,여,37세,경상
2012081800100049,2012년 8월 18일 01시,토요일,광주광역시 서구 광천동,경상사고,0,0,1,0,차대차 - 추돌 - 주정차중,안전거리미확보,건조,맑음,교차로 - 교차로부근,승용,남,56세,상해없음,승용,여,34세,경상
2012081800100070,2012년 8월 18일 02시,토요일,광주광역시 동구 광산동,경상사고,0,0,1,0,차대사람 - 기타,안전운전불이행,건조,맑음,교차로 - 교차로안,승용,남,34세,상해없음,보행자,남,23세,경상
2012081800100100,2012년 8월 18일 04시,토요일,광주광역시 동구 수기동,경상사고,0,0,2,0,차대차 - 측면직각충돌,신호위반,건조,맑음,교차로 - 교차로안,승용,여,23세,상해없음,승용,남,38세,경상
2012081800100101,2012년 8월 18일 04시,토요일,광주광역시 광산구 도천동,중상사고,0,1,0,0,차량단독 - 공작물충돌,안전운전불이행,습기,비,단일로 - 기타,원동기,남,19세,중상,,,,
2012081800100163,2012년 8월 18일 08시,토요일,광주광역시 동구 용산동,중상사고,0,2,0,0,차대차 - 기타,안전운전불이행,건조,맑음,단일로 - 기타,승용,남,22세,중상,승합,남,38세,상해없음
2012081800100164,2012년 8월 18일 08시,토요일,광주광역시 서구 금호동,경상사고,0,0,5,0,차대차 - 기타,안전운전불이행,건조,맑음,교차로 - 교차로부근,승용,남,34세,상해없음,승용,남,35세,경상
2012081800100186,2012년 8월 18일 09시,토요일,광주광역시 서구 쌍촌동,경상사고,0,0,2,0,차대차 - 기타,안전운전불이행,건조,맑음,단일로 - 기타,이륜,남,38세,경상,승용,여,24세,경상
2012081800100205,2012년 8월 18일 10시,토요일,광주광역시 북구 일곡동,중상사고,0,1,0,0,차대차 - 기타,안전운전불이행,건조,맑음,교차로 - 교차로안,화물,남,31세,상해없음,자전거,남,77세,중상
2012081800100294,2012년 8월 18일 13시,토요일,광주광역시 광산구 옥동,부상신고사고,0,0,0,1,차대차 - 측면직각충돌,직진우회전진행방해,건조,맑음,교차로 - 교차로안,이륜,남,40세,부상신고,승용,남,46세,상해없음
2012081800100323,2012년 8월 18일 14시,토요일,광주광역시 광산구 신가동,경상사고,0,0,2,0,차대차 - 측면직각충돌,신호위반,건조,맑음,교차로 - 교차로안,승용,남,41세,경상,승용,남,38세,경상
2012081800100324,2012년 8월 18일 14시,토요일,광주광역시 광산구 수완동,경상사고,0,0,9,0,차대차 - 추돌 - 진행중,안전거리미확보,건조,맑음,단일로 - 기타,승용,남,59세,상해없음,승용,남,25세,경상
2012081800100363,2012년 8월 18일 15시,토요일,광주광역시 광산구 산월동,경상사고,0,0,2,0,차대차 - 측면직각충돌,안전운전불이행,건조,맑음,단일로 - 기타,승용,남,47세,상해없음,승용,남,29세,경상
2012081800100396,2012년 8월 18일 16시,토요일,광주광역시 북구 운암동,부상신고사고,0,0,0,1,차대차 - 추돌 - 진행중,중앙선침범,습기,맑음,단일로 - 기타,이륜,남,22세,기타불명,승용,남,41세,부상신고
2012081800100425,2012년 8월 18일 17시,토요일,광주광역시 북구 각화동,경상사고,0,0,4,0,차대차 - 추돌 - 주정차중,안전거리미확보,건조,맑음,단일로 - 기타,승용,여,33세,상해없음,승용,남,25세,경상
2012081800100426,2012년 8월 18일 17시,토요일,광주광역시 광산구 우산동,경상사고,0,0,1,0,차대차 - 측면직각충돌,안전운전불이행,건조,맑음,단일로 - 기타,이륜,남,16세,경상,승용,여,42세,상해없음
2012081800100453,2012년 8월 18일 18시,토요일,광주광역시 서구 풍암동,경상사고,0,0,1,0,차대사람 - 차도통행중,안전운전불이행,건조,맑음,단일로 - 기타,승용,기타불명,기타불명,기타불명,보행자,남,16세,경상
2012081800100454,2012년 8월 18일 18시,토요일,광주광역시 남구 백운동,경상사고,0,0,1,0,차대사람 - 기타,안전운전불이행,건조,맑음,단일로 - 기타,화물,남,39세,상해없음,보행자,여,73세,경상
2012081800100455,2012년 8월 18일 18시,토요일,광주광역시 북구 임동,경상사고,0,0,2,0,차대차 - 측면직각충돌,신호위반,건조,맑음,교차로 - 교차로안,승용,남,32세,상해없음,화물,남,42세,경상
2012081800100489,2012년 8월 18일 19시,토요일,광주광역시 동구 충장로1가,중상사고,0,1,0,0,차대사람 - 기타,안전운전불이행,건조,맑음,단일로 - 기타,승용,남,25세,상해없음,보행자,여,26세,중상
2012081800100490,2012년 8월 18일 19시,토요일,광주광역시 동구 계림동,경상사고,0,0,1,0,차대차 - 측면직각충돌,안전거리미확보,건조,맑음,단일로 - 기타,이륜,남,64세,경상,승용,남,66세,상해없음
2012081800100491,2012년 8월 18일 19시,토요일,광주광역시 광산구 쌍암동,경상사고,0,0,3,0,차대차 - 정면충돌,교차로운행방법위반,건조,맑음,교차로 - 교차로안,승용,남,54세,상해없음,승용,남,37세,경상
2012081800100492,2012년 8월 18일 19시,토요일,광주광역시 광산구 우산동,중상사고,0,1,0,0,차대차 - 측면직각충돌,교차로운행방법위반,건조,맑음,교차로 - 교차로안,승용,여,41세,상해없음,자전거,남,16세,중상
2012081800100553,2012년 8월 18일 21시,토요일,광주광역시 서구 화정동,경상사고,0,0,1,0,차대차 - 측면직각충돌,중앙선침범,건조,맑음,단일로 - 기타,승용,남,30세,상해없음,승용,여,35세,경상