사고번호,사고일시,요일,시군구,사고내용,사망자수,중상자수,경상자수,부상신고자수,사고유형,법규위반,노면상태,기상상태,도로형태,가해운전자 차종,가해운전자 성별,가해운전자 연령,가해운전자 상해정도,피해운전자 차종,피해운전자 성별,피해운전자 연령,피해운전자 상해정도
2012083000100338,2012년 8월 30일 15시,목요일,광주광역시 남구 진월동,경상사고,0,0,1,0,차대차 - 측면직각충돌,안전거리미확보,건조,맑음,단일로 - 기타,화물,남,70세,상해없음,이륜,남,18세,경상
2012083000100409,2012년 8월 30일 18시,목요일,광주광역시 광산구 운남동,중상사고,0,1,1,0,차대사람 - 기타,안전운전불이행,건조,맑음,단일로 - 기타,이륜,남,57세,경상,보행자,남,20세,중상
2012083000100489,2012년 8월 30일 20시,목요일,광주광역시 동구 지산동,경상사고,0,0,1,0,차대사람 - 기타,안전운전불이행,건조,맑음,단일로 - 기타,승용,남,42세,상해없음,보행자,남,21세,경상
2012083000100490,2012년 8월 30일 20시,목요일,광주광역시 서구 화정동,중상사고,0,1,0,0,차대사람 - 횡단중,안전운전불이행,건조,흐림,교차로 - 교차로안,이륜,남,42세,상해없음,보행자,남,64세,중상
2012083000100491,2012년 8월 30일 20시,목요일,광주광역시 광산구 월계동,경상사고,0,0,1,0,차대차 - 측면직각충돌,신호위반,건조,맑음,교차로 - 교차로부근,승용,남,44세,상해없음,승용,남,55세,경상
2012083000100566,2012년 8월 30일 22시,목요일,광주광역시 서구 금호동,경상사고,0,0,1,0,차대사람 - 기타,안전운전불이행,건조,맑음,단일로 - 기타,승용,여,38세,상해없음,보행자,남,33세,경상
2012083100100025,2012년 8월 31일 00시,금요일,광주광역시 북구 신안동,경상사고,0,0,1,0,차대차 - 추돌 - 진행중,안전운전불이행,건조,맑음,단일로 - 기타,승용,남,29세,상해없음,승용,남,24세,경상
2012083100100026,2012년 8월 31일 00시,금요일,광주광역시 북구 동림동,중상사고,0,1,1,0,차대차 - 측면직각충돌,안전운전불이행,건조,맑음,단일로 - 기타,승용,남,29세,상해없음,승용,남,27세,중상
2012083100100027,2012년 8월 31일 00시,금요일,광주광역시 북구 운암동,경상사고,0,0,1,0,차대차 - 측면직각충돌,신호위반,건조,맑음,교차로 - 교차로안,승용,남,27세,상해없음,승용,남,44세,경상
2012083100100046,2012년 8월 31일 01시,금요일,광주광역시 동구 대인동,경상사고,0,0,1,0,차대차 - 측면직각충돌,신호위반,건조,맑음,교차로 - 교차로안,승용,남,58세,상해없음,승용,남,54세,경상
2012083100100061,2012년 8월 31일 02시,금요일,광주광역시 북구 문흥동,경상사고,0,0,1,0,차대차 - 정면충돌,안전운전불이행,건조,맑음,단일로 - 기타,승용,남,34세,상해없음,원동기,남,45세,경상
2012083100100103,2012년 8월 31일 06시,금요일,광주광역시 서구 쌍촌동,경상사고,0,0,1,0,차대사람 - 길가장자리구역통행중,안전운전불이행,건조,맑음,단일로 - 기타,승용,남,30세,상해없음,보행자,남,22세,경상
2012083100100104,2012년 8월 31일 06시,금요일,광주광역시 북구 용봉동,중상사고,0,1,0,0,차대사람 - 횡단중,안전운전불이행,건조,맑음,교차로 - 교차로안,승용,남,65세,상해없음,보행자,여,56세,중상
2012083100100116,2012년 8월 31일 07시,금요일,광주광역시 북구 매곡동,경상사고,0,0,3,0,차대차 - 추돌 - 진행중,안전거리미확보,건조,맑음,단일로 - 기타,승용,남,58세,경상,승용,남,33세,상해없음
2012083100100210,2012년 8월 31일 09시,금요일,광주광역시 북구 유동,경상사고,0,0,1,0,차량단독 - 기타,안전운전불이행,건조,맑음,단일로 - 기타,원동기,남,52세,경상,,,,
2012083100100211,2012년 8월 31일 09시,금요일,광주광역시 광산구 운남동,중상사고,0,1,0,0,차대사람 - 차도통행중,안전운전불이행,건조,맑음,단일로 - 기타,승용,여,27세,상해없음,보행자,여,70세,중상
2012083100100271,2012년 8월 31일 11시,금요일,광주광역시 광산구 수완동,경상사고,0,0,2,0,차대차 - 추돌 - 진행중,안전운전불이행,건조,흐림,교차로 - 교차로부근,승용,여,53세,상해없음,화물,남,26세,경상
2012083100100285,2012년 8월 31일 12시,금요일,광주광역시 광산구 월곡동,경상사고,0,0,1,0,차대차 - 추돌 - 주정차중,안전운전불이행,건조,맑음,단일로 - 기타,승용,여,33세,경상,화물,남,43세,기타불명
2012083100100305,2012년 8월 31일 13시,금요일,광주광역시 북구 풍향동,경상사고,0,0,5,0,차대차 - 추돌 - 진행중,안전거리미확보,건조,맑음,단일로 - 기타,승용,남,32세,상해없음,승용,남,46세,경상
2012083100100306,2012년 8월 31일 13시,금요일,광주광역시 광산구 장덕동,경상사고,0,0,1,0,차대차 - 추돌 - 주정차중,안전운전불이행,건조,맑음,단일로 - 기타,승합,여,36세,상해없음,승용,남,28세,경상
2012083100100338,2012년 8월 31일 14시,금요일,광주광역시 서구 화정동,경상사고,0,0,1,0,차대사람 - 차도통행중,안전운전불이행,건조,맑음,교차로 - 교차로부근,승용,여,62세,상해없음,보행자,남,8세,경상
2012083100100368,2012년 8월 31일 15시,금요일,광주광역시 북구 동림동,사망사고,1,2,0,0,차대차 - 측면직각충돌,차로위반,건조,맑음,단일로 - 기타,화물,남,29세,중상,이륜,남,35세,사망
2012083100100437,2012년 8월 31일 17시,금요일,광주광역시 북구 풍향동,경상사고,0,0,1,0,차대사람 - 길가장자리구역통행중,안전운전불이행,건조,맑음,단일로 - 기타,승용,남,33세,상해없음,보행자,남,34세,경상
2012083100100438,2012년 8월 31일 17시,금요일,광주광역시 북구 운암동,경상사고,0,0,1,0,차대차 - 기타,교차로운행방법위반,건조,맑음,교차로 - 교차로부근,승용,남,51세,상해없음,자전거,남,15세,경상
2012083100100490,2012년 8월 31일 18시,금요일,광주광역시 광산구 우산동,경상사고,0,0,1,0,차대차 - 측면직각충돌,안전운전불이행,건조,맑음,단일로 - 기타,원동기,남,17세,상해없음,자전거,남,19세,경상
2012083100100491,2012년 8월 31일 18시,금요일,광주광역시 북구 양산동,경상사고,0,0,1,0,차대차 - 기타,교차로운행방법위반,건조,맑음,교차로 - 교차로안,승용,남,45세,상해없음,승용,남,51세,상해없음
2012083100100533,2012년 8월 31일 19시,금요일,광주광역시 서구 쌍촌동,경상사고,0,0,1,0,차대차 - 측면직각충돌,교차로운행방법위반,건조,맑음,교차로 - 교차로안,승용,남,61세,상해없음,승용,여,39세,경상
2012083100100534,2012년 8월 31일 19시,금요일,광주광역시 광산구 장덕동,중상사고,0,1,0,0,차대차 - 측면직각충돌,신호위반,건조,맑음,교차로 - 교차로안,승용,여,38세,상해없음,원동기,남,19세,중상
2012083100100576,2012년 8월 31일 20시,금요일,광주광역시 북구 두암동,경상사고,0,0,1,0,차대차 - 측면직각충돌,교차로운행방법위반,건조,맑음,교차로 - 교차로부근,승용,남,45세,상해없음,원동기,남,18세,경상
2012083100100615,2012년 8월 31일 21시,금요일,광주광역시 서구 풍암동,경상사고,0,0,1,0,차대차 - 측면직각충돌,중앙선침범,건조,맑음,단일로 - 기타,기타불명,기타불명,기타불명,기타불명,승용,남,42세,경상
2012083100100616,2012년 8월 31일 21시,금요일,광주광역시 광산구 수완동,경상사고,0,0,2,0,차대차 - 측면직각충돌,신호위반,건조,맑음,교차로 - 교차로안,승용,남,26세,상해없음,승용,남,26세,경상
2012083100100661,2012년 8월 31일 22시,금요일,광주광역시 서구 유촌동,경상사고,0,0,2,0,차대차 - 추돌 - 주정차중,안전거리미확보,건조,맑음,교차로 - 교차로부근,승용,여,72세,상해없음,승용,남,43세,경상
2012083100100662,2012년 8월 31일 22시,금요일,광주광역시 북구 양산동,경상사고,0,0,3,0,차대차 - 측면직각충돌,신호위반,건조,맑음,교차로 - 교차로안,승용,남,31세,경상,승용,남,29세,경상
2012083100100703,2012년 8월 31일 23시,금요일,광주광역시 서구 금호동,경상사고,0,0,1,0,차대차 - 측면직각충돌,차로위반,건조,맑음,교차로 - 교차로부근,승용,남,55세,상해없음,원동기,남,19세,경상
2012090100100031,2012년 9월 1일 00시,토요일,광주광역시 북구 신용동,경상사고,0,0,1,0,차대차 - 기타,안전운전불이행,건조,맑음,기타 - 기타,승용,남,45세,상해없음,승용,남,54세,경상
2012090100100067,2012년 9월 1일 01시,토요일,광주광역시 동구 광산동,경상사고,0,0,1,0,차대사람 - 길가장자리구역통행중,안전운전불이행,건조,맑음,단일로 - 교량,승용,남,28세,상해없음,보행자,여,23세,경상
2012090100100068,2012년 9월 1일 01시,토요일,광주광역시 광산구 운수동,경상사고,0,0,1,0,차대차 - 측면직각충돌,중앙선침범,건조,맑음,단일로 - 기타,승용,남,30세,상해없음,승용,남,65세,경상
2012090100100118,2012년 9월 1일 04시,토요일,광주광역시 서구 유촌동,경상사고,0,0,1,0,차대차 - 추돌 - 주정차중,안전운전불이행,건조,맑음,교차로 - 교차로부근,승용,남,54세,상해없음,승용,남,50세,경상
2012090100100119,2012년 9월 1일 04시,토요일,광주광역시 서구 농성동,중상사고,0,1,5,0,차대차 - 측면직각충돌,안전운전불이행,건조,맑음,교차로 - 교차로부근,승용,남,47세,상해없음,승용,남,54세,경상
2012090100100154,2012년 9월 1일 06시,토요일,광주광역시 광산구 신가동,중상사고,0,1,0,0,차대차 - 추돌 - 진행중,안전운전불이행,건조,맑음,단일로 - 교량,승합,남,49세,상해없음,원동기,남,64세,중상
2012090100100196,2012년 9월 1일 08시,토요일,광주광역시 광산구 수완동,경상사고,0,0,3,0,차대차 - 측면직각충돌,신호위반,건조,맑음,교차로 - 교차로안,승용,남,25세,경상,승합,남,35세,경상
2012090100100244,2012년 9월 1일 10시,토요일,광주광역시 동구 내남동,경상사고,0,0,3,1,차대차 - 추돌 - 진행중,안전거리미확보,건조,맑음,단일로 - 기타,화물,남,43세,상해없음,승용,여,51세,경상
2012090100100245,2012년 9월 1일 10시,토요일,광주광역시 동구 지산동,경상사고,0,0,2,0,차대차 - 측면직각충돌,직진우회전진행방해,건조,맑음,교차로 - 교차로부근,승용,남,67세,상해없음,승용,여,44세,경상
2012090100100246,2012년 9월 1일 10시,토요일,광주광역시 광산구 월곡동,경상사고,0,0,3,0,차대차 - 추돌 - 주정차중,안전거리미확보,건조,맑음,단일로 - 기타,승용,남,74세,상해없음,승용,남,44세,경상
2012090100100274,2012년 9월 1일 11시,토요일,광주광역시 서구 금호동,경상사고,0,0,2,0,차대차 - 측면직각충돌,안전운전불이행,건조,맑음,단일로 - 기타,승용,여,39세,상해없음,승용,남,24세,경상
2012090100100275,2012년 9월 1일 11시,토요일,광주광역시 남구 월산동,경상사고,0,0,4,0,차대차 - 측면직각충돌,교차로운행방법위반,건조,맑음,교차로 - 교차로안,승용,남,65세,경상,승용,남,61세,경상
2012090100100276,2012년 9월 1일 11시,토요일,광주광역시 북구 두암동,경상사고,0,0,1,0,차대사람 - 기타,안전운전불이행,건조,맑음,단일로 - 기타,이륜,남,24세,상해없음,보행자,여,69세,경상
2012090100100310,2012년 9월 1일 12시,토요일,광주광역시 동구 금남로2가,경상사고,0,0,1,0,차대차 - 측면직각충돌,안전거리미확보,건조,맑음,단일로 - 기타,승용,여,55세,상해없음,승용,남,25세,경상
2012090100100374,2012년 9월 1일 14시,토요일,광주광역시 서구 쌍촌동,경상사고,0,0,1,0,차대차 - 기타,안전운전불이행,건조,맑음,기타 - 기타,화물,여,70세,상해없음,이륜,남,40세,경상
2012090100100407,2012년 9월 1일 15시,토요일,광주광역시 북구 운암동,중상사고,0,1,0,0,차대차 - 측면직각충돌,안전거리미확보,건조,맑음,단일로 - 기타,승용,여,61세,상해없음,원동기,남,23세,중상
2012090100100444,2012년 9월 1일 16시,토요일,광주광역시 북구 운암동,경상사고,0,0,2,0,차대차 - 측면직각충돌,중앙선침범,건조,맑음,단일로 - 기타,승용,남,67세,상해없음,이륜,남,56세,경상
2012090100100445,2012년 9월 1일 16시,토요일,광주광역시 광산구 운남동,중상사고,0,1,0,0,차대차 - 측면직각충돌,교차로운행방법위반,건조,맑음,교차로 - 교차로안,화물,남,35세,상해없음,원동기,남,17세,중상
2012090100100483,2012년 9월 1일 17시,토요일,광주광역시 북구 중흥동,경상사고,0,0,2,0,차대차 - 측면직각충돌,안전운전불이행,건조,맑음,단일로 - 기타,승용,남,32세,경상,승용,남,55세,경상
2012090100100549,2012년 9월 1일 19시,토요일,광주광역시 남구 봉선동,경상사고,0,0,1,0,차대차 - 측면직각충돌,차로위반,습기,비,단일로 - 기타,승용,남,30세,상해없음,이륜,남,18세,경상
2012090100100550,2012년 9월 1일 19시,토요일,광주광역시 북구 풍향동,경상사고,0,0,1,0,차대차 - 기타,기타,건조,맑음,단일로 - 기타,승용,남,50세,상해없음,자전거,남,55세,경상
2012090100100624,2012년 9월 1일 21시,토요일,광주광역시 동구 학동,경상사고,0,0,1,0,차대차 - 기타,안전운전불이행,습기,비,교차로 - 교차로부근,이륜,남,41세,경상,승용,남,41세,상해없음
2012090100100625,2012년 9월 1일 21시,토요일,광주광역시 광산구 쌍암동,경상사고,0,0,1,0,차대차 - 추돌 - 진행중,교차로운행방법위반,건조,맑음,교차로 - 교차로안,승용,남,38세,상해없음,승용,여,57세,경상
2012090100100678,2012년 9월 1일 23시,토요일,광주광역시 광산구 운남동,경상사고,0,0,3,0,차대차 - 기타,중앙선침범,건조,맑음,단일로 - 기타,승용,남,48세,상해없음,승용,남,36세,상해없음
2012090200100016,2012년 9월 2일 00시,일요일,광주광역시 서구 치평동,경상사고,0,0,1,1,차대차 - 측면직각충돌,안전운전불이행,건조,맑음,단일로 - 기타,승용,남,30세,상해없음,승용,남,26세,경상
2012090200100029,2012년 9월 2일 01시,일요일,광주광역시 서구 유촌동,부상신고사고,0,0,0,2,차대차 - 측면직각충돌,안전운전불이행,건조,맑음,교차로 - 교차로부근,승용,남,35세,상해없음,승용,남,36세,부상신고
2012090200100083,2012년 9월 2일 05시,일요일,광주광역시 서구 광천동,중상사고,0,1,2,0,차대차 - 기타,안전운전불이행,건조,맑음,교차로 - 교차로안,승용,여,23세,상해없음,승용,남,56세,경상
2012090200100115,2012년 9월 2일 07시,일요일,광주광역시 광산구 지정동,경상사고,0,0,2,0,차대차 - 측면직각충돌,차로위반,건조,맑음,단일로 - 기타,승용,남,19세,상해없음,승용,남,43세,경상
2012090200100135,2012년 9월 2일 08시,일요일,광주광역시 북구 임동,부상신고사고,0,0,0,1,차대차 - 측면직각충돌,신호위반,건조,맑음,단일로 - 기타,원동기,남,33세,부상신고,승용,여,41세,상해없음
2012090200100152,2012년 9월 2일 09시,일요일,광주광역시 광산구 우산동,경상사고,0,0,2,0,차대차 - 측면직각충돌,안전운전불이행,건조,맑음,단일로 - 기타,승용,여,39세,경상,승용,남,55세,경상
2012090200100174,2012년 9월 2일 10시,일요일,광주광역시 서구 치평동,경상사고,0,0,3,0,차대차 - 측면직각충돌,중앙선침범,건조,맑음,단일로 - 기타,승용,남,60세,상해없음,승용,여,31세,경상
2012090200100175,2012년 9월 2일 10시,일요일,광주광역시 북구 오치동,경상사고,0,0,2,0,차대차 - 측면직각충돌,교차로운행방법위반,건조,맑음,교차로 - 교차로안,승용,남,40세,경상,승용,남,30세,경상
2012090200100176,2012년 9월 2일 10시,일요일,광주광역시 광산구 우산동,경상사고,0,0,1,0,차대사람 - 기타,안전운전불이행,건조,맑음,교차로 - 교차로부근,승용,여,34세,상해없음,보행자,남,75세,경상
2012090200100205,2012년 9월 2일 11시,일요일,광주광역시 서구 마륵동,중상사고,0,2,2,0,차대차 - 측면직각충돌,신호위반,건조,맑음,교차로 - 교차로안,승용,남,51세,상해없음,승용,남,35세,중상
2012090200100307,2012년 9월 2일 15시,일요일,광주광역시 동구 월남동,경상사고,0,0,2,0,차대차 - 기타,안전운전불이행,건조,맑음,교차로 - 교차로안,승용,남,52세,상해없음,승용,남,38세,경상
2012090200100338,2012년 9월 2일 16시,일요일,광주광역시 서구 농성동,경상사고,0,0,1,0,차대차 - 측면직각충돌,안전운전불이행,건조,맑음,단일로 - 기타,승용,남,48세,상해없음,승합,남,55세,상해없음
2012090200100364,2012년 9월 2일 17시,일요일,광주광역시 광산구 운남동,경상사고,0,0,1,0,차대차 - 추돌 - 주정차중,안전운전불이행,건조,맑음,단일로 - 기타,승용,남,34세,상해없음,승용,여,24세,경상
2012090200100399,2012년 9월 2일 18시,일요일,광주광역시 북구 중흥동,경상사고,0,0,4,0,차대차 - 추돌 - 주정차중,안전거리미확보,건조,맑음,교차로 - 교차로부근,승용,남,50세,상해없음,승용,남,55세,경상
2012090200100400,2012년 9월 2일 18시,일요일,광주광역시 광산구 송정동,경상사고,0,0,2,0,차대차 - 측면직각충돌,안전운전불이행,건조,맑음,교차로 - 교차로안,승용,남,42세,상해없음,승용,남,42세,경상
2012090200100432,2012년 9월 2일 19시,일요일,광주광역시 북구 중흥동,경상사고,0,0,2,0,차대차 - 추돌 - 진행중,안전운전불이행,건조,맑음,단일로 - 기타,승용,남,46세,기타불명,승용,남,44세,경상
2012090200100465,2012년 9월 2일 20시,일요일,광주광역시 서구 유촌동,경상사고,0,0,1,0,차대차 - 기타,안전운전불이행,건조,맑음,단일로 - 기타,승용,남,51세,상해없음,자전거,남,63세,경상
2012090200100492,2012년 9월 2일 21시,일요일,광주광역시 서구 광천동,경상사고,0,0,1,0,차대차 - 측면직각충돌,불법유턴,건조,맑음,단일로 - 기타,승용,남,28세,상해없음,승용,남,51세,경상
2012090200100493,2012년 9월 2일 21시,일요일,광주광역시 광산구 장덕동,경상사고,0,0,1,0,차대차 - 기타,안전거리미확보,건조,맑음,교차로 - 교차로부근,승용,남,30세,상해없음,이륜,남,36세,경상
2012090200100494,2012년 9월 2일 21시,일요일,광주광역시 광산구 월계동,중상사고,0,1,0,0,차대차 - 정면충돌,신호위반,건조,맑음,단일로 - 횡단보도상,승용,여,45세,상해없음,자전거,남,20세,중상
2012090200100516,2012년 9월 2일 22시,일요일,광주광역시 북구 중흥동,중상사고,0,1,0,0,차대차 - 추돌 - 주정차중,안전운전불이행,건조,맑음,단일로 - 기타,승용,남,30세,상해없음,승용,여,46세,중상
2012090200100527,2012년 9월 2일 23시,일요일,광주광역시 북구 용봉동,경상사고,0,0,1,0,차량단독 - 기타,안전운전불이행,건조,맑음,단일로 - 기타,승용,남,51세,상해없음,,,,
2012090300100014,2012년 9월 3일 00시,월요일,광주광역시 서구 유촌동,중상사고,0,1,1,0,차대차 - 측면직각충돌,신호위반,건조,맑음,교차로 - 교차로안,승용,남,18세,상해없음,승용,남,51세,중상
2012090300100026,2012년 9월 3일 01시,월요일,광주광역시 북구 운암동,사망사고,1,2,0,0,차대차 - 정면충돌,중앙선침범,건조,맑음,단일로 - 기타,승용,남,21세,중상,승용,남,62세,사망
2012090300100032,2012년 9월 3일 02시,월요일,광주광역시 광산구 송치동,중상사고,0,1,0,0,차량단독 - 공작물충돌,안전운전불이행,습기,안개,단일로 - 기타,화물,남,46세,중상,,,,
2012090300100041,2012년 9월 3일 04시,월요일,광주광역시 북구 금곡동,경상사고,0,0,4,0,차량단독 - 공작물충돌,안전운전불이행,건조,맑음,단일로 - 기타,승용,남,23세,경상,,,,
2012090300100061,2012년 9월 3일 06시,월요일,광주광역시 서구 유촌동,경상사고,0,0,1,0,차대차 - 기타,안전운전불이행,건조,맑음,교차로 - 교차로부근,승용,남,40세,상해없음,승용,여,57세,경상
2012090300100095,2012년 9월 3일 07시,월요일,광주광역시 서구 유촌동,경상사고,0,0,1,0,차대차 - 추돌 - 진행중,안전운전불이행,건조,맑음,단일로 - 기타,승용,남,55세,상해없음,승용,남,31세,경상
2012090300100133,2012년 9월 3일 08시,월요일,광주광역시 북구 오치동,경상사고,0,0,1,0,차대차 - 기타,신호위반,건조,맑음,교차로 - 교차로부근,화물,남,53세,상해없음,자전거,남,16세,경상
2012090300100165,2012년 9월 3일 09시,월요일,광주광역시 남구 월산동,중상사고,0,1,0,0,차대사람 - 기타,안전운전불이행,건조,맑음,단일로 - 기타,기타불명,기타불명,기타불명,기타불명,보행자,여,76세,중상
2012090300100192,2012년 9월 3일 10시,월요일,광주광역시 동구 용산동,경상사고,0,0,1,0,차량단독 - 공작물충돌,안전운전불이행,건조,맑음,단일로 - 기타,화물,남,25세,상해없음,,,,
2012090300100222,2012년 9월 3일 11시,월요일,광주광역시 서구 농성동,경상사고,0,0,1,0,차대차 - 추돌 - 주정차중,안전운전불이행,건조,맑음,단일로 - 기타,승용,여,49세,상해없음,승용,남,49세,경상
2012090300100223,2012년 9월 3일 11시,월요일,광주광역시 북구 두암동,경상사고,0,0,1,0,차대사람 - 기타,안전운전불이행,건조,맑음,단일로 - 기타,승용,여,67세,상해없음,보행자,남,19세,경상
2012090300100249,2012년 9월 3일 12시,월요일,광주광역시 서구 화정동,경상사고,0,0,1,0,차대사람 - 보도통행중,안전운전불이행,건조,맑음,단일로 - 기타,자전거,기타불명,기타불명,기타불명,보행자,여,56세,경상
2012090300100250,2012년 9월 3일 12시,월요일,광주광역시 북구 중흥동,중상사고,0,1,0,0,차대차 - 측면직각충돌,안전운전불이행,건조,맑음,교차로 - 교차로안,승용,여,58세,중상,승합,남,57세,상해없음
2012090300100303,2012년 9월 3일 14시,월요일,광주광역시 서구 치평동,경상사고,0,0,2,0,차대차 - 기타,차로위반,건조,맑음,단일로 - 기타,승용,남,34세,경상,승용,남,42세,경상
2012090300100304,2012년 9월 3일 14시,월요일,광주광역시 북구 동림동,경상사고,0,0,2,0,차대차 - 추돌 - 진행중,안전거리미확보,건조,맑음,단일로 - 기타,화물,기타불명,기타불명,기타불명,승합,남,51세,경상
2012090300100347,2012년 9월 3일 15시,월요일,광주광역시 서구 풍암동,부상신고사고,0,0,0,1,차대차 - 추돌 - 주정차중,안전운전불이행,건조,맑음,단일로 - 기타,화물,남,70세,기타불명,승용,남,32세,부상신고
2012090300100348,2012년 9월 3일 15시,월요일,광주광역시 서구 풍암동,경상사고,0,0,1,0,차대차 - 추돌 - 주정차중,중앙선침범,건조,맑음,단일로 - 기타,승용,남,64세,상해없음,승용,남,45세,경상
2012090300100387,2012년 9월 3일 16시,월요일,광주광역시 남구 백운동,경상사고,0,0,5,0,차대차 - 기타,교차로운행방법위반,건조,맑음,교차로 - 교차로안,승용,남,43세,상해없음,승합,남,39세,상해없음
2012090300100388,2012년 9월 3일 16시,월요일,광주광역시 광산구 월계동,경상사고,0,0,1,0,차대사람 - 길가장자리구역통행중,안전운전불이행,건조,맑음,단일로 - 기타,승용,남,41세,상해없음,보행자,남,6세,경상
2012090300100389,2012년 9월 3일 16시,월요일,광주광역시 광산구 월곡동,경상사고,0,0,5,0,차대차 - 기타,안전운전불이행,건조,맑음,단일로 - 기타,화물,남,73세,상해없음,승용,남,59세,경상
2012090300100390,2012년 9월 3일 16시,월요일,광주광역시 광산구 월계동,경상사고,0,0,1,0,차대차 - 측면직각충돌,안전운전불이행,건조,맑음,교차로 - 교차로부근,화물,남,51세,상해없음,자전거,남,8세,경상
2012090300100448,2012년 9월 3일 18시,월요일,광주광역시 동구 서석동,경상사고,0,0,1,0,차대차 - 추돌 - 주정차중,안전운전불이행,건조,맑음,단일로 - 기타,승용,남,35세,상해없음,이륜,남,31세,경상
2012090300100449,2012년 9월 3일 18시,월요일,광주광역시 서구 치평동,경상사고,0,0,1,0,차대차 - 기타,중앙선침범,건조,맑음,단일로 - 기타,승용,남,49세,상해없음,화물,남,37세,경상
2012090300100450,2012년 9월 3일 18시,월요일,광주광역시 북구 운암동,경상사고,0,0,1,0,차대차 - 측면직각충돌,안전거리미확보,건조,맑음,단일로 - 기타,승용,남,50세,상해없음,승용,남,40세,경상
2012090300100451,2012년 9월 3일 18시,월요일,광주광역시 광산구 임곡동,경상사고,0,0,2,0,차대차 - 추돌 - 주정차중,안전운전불이행,건조,맑음,단일로 - 기타,승용,여,29세,상해없음,승용,남,54세,경상
2012090300100535,2012년 9월 3일 20시,월요일,광주광역시 서구 화정동,경상사고,0,0,1,0,차대사람 - 차도통행중,안전운전불이행,건조,흐림,단일로 - 기타,승용,여,56세,상해없음,보행자,여,21세,경상
2012090300100574,2012년 9월 3일 21시,월요일,광주광역시 남구 서동,경상사고,0,0,1,0,차대차 - 추돌 - 진행중,안전거리미확보,건조,맑음,단일로 - 기타,이륜,남,19세,경상,승용,남,63세,상해없음
2012090300100607,2012년 9월 3일 22시,월요일,광주광역시 남구 주월동,경상사고,0,0,1,0,차대사람 - 횡단중,안전운전불이행,건조,맑음,단일로 - 횡단보도부근,승용,남,34세,상해없음,보행자,남,39세,경상
2012090300100608,2012년 9월 3일 22시,월요일,광주광역시 광산구 소촌동,경상사고,0,0,1,0,차대차 - 추돌 - 진행중,안전운전불이행,건조,맑음,교차로 - 교차로부근,승용,남,42세,상해없음,원동기,남,16세,경상
2012090300100609,2012년 9월 3일 22시,월요일,광주광역시 광산구 운남동,경상사고,0,0,4,0,차대차 - 추돌 - 진행중,직진우회전진행방해,습기,흐림,교차로 - 교차로안,원동기,남,16세,상해없음,승용,남,19세,경상
2012090400100012,2012년 9월 4일 00시,화요일,광주광역시 광산구 장덕동,경상사고,0,0,3,0,차대차 - 측면직각충돌,신호위반,건조,맑음,교차로 - 교차로안,승용,남,54세,상해없음,승용,여,25세,경상
2012090400100036,2012년 9월 4일 03시,화요일,광주광역시 서구 치평동,경상사고,0,0,6,0,차대차 - 측면직각충돌,중앙선침범,건조,맑음,교차로 - 교차로부근,승용,남,30세,상해없음,승용,여,26세,경상
2012090400100043,2012년 9월 4일 04시,화요일,광주광역시 광산구 신창동,경상사고,0,0,1,0,차대사람 - 보도통행중,안전운전불이행,건조,맑음,교차로 - 교차로안,승용,여,36세,상해없음,보행자,남,21세,경상
2012090400100197,2012년 9월 4일 10시,화요일,광주광역시 동구 소태동,중상사고,0,1,1,0,차대사람 - 횡단중,안전운전불이행,습기,비,교차로 - 교차로안,승용,남,74세,상해없음,보행자,여,52세,경상
2012090400100240,2012년 9월 4일 12시,화요일,광주광역시 남구 구동,경상사고,0,0,1,0,차대사람 - 기타,보행자보호의무위반,습기,비,단일로 - 기타,승용,남,39세,상해없음,보행자,남,57세,경상
2012090400100271,2012년 9월 4일 13시,화요일,광주광역시 광산구 도산동,중상사고,0,1,0,0,차대차 - 기타,안전운전불이행,건조,맑음,교차로 - 교차로안,자전거,여,63세,중상,승합,남,53세,상해없음
2012090400100302,2012년 9월 4일 14시,화요일,광주광역시 북구 신안동,경상사고,0,0,2,0,차대차 - 추돌 - 진행중,안전거리미확보,습기,흐림,단일로 - 기타,승용,여,45세,경상,화물,남,55세,경상
2012090400100330,2012년 9월 4일 15시,화요일,광주광역시 광산구 신촌동,중상사고,0,4,27,0,차대차 - 측면직각충돌,신호위반,건조,맑음,교차로 - 교차로안,승합,남,53세,상해없음,승합,남,37세,중상
2012090400100451,2012년 9월 4일 18시,화요일,광주광역시 동구 장동,경상사고,0,0,1,0,차대차 - 추돌 - 진행중,안전거리미확보,건조,맑음,단일로 - 기타,승용,남,37세,상해없음,승용,남,57세,경상
2012090400100452,2012년 9월 4일 18시,화요일,광주광역시 남구 주월동,경상사고,0,0,1,0,차대차 - 기타,안전운전불이행,습기,비,교차로 - 교차로부근,승용,여,28세,상해없음,원동기,남,39세,경상
2012090400100507,2012년 9월 4일 19시,화요일,광주광역시 서구 매월동,중상사고,0,1,1,0,차대차 - 추돌 - 진행중,안전거리미확보,건조,흐림,단일로 - 기타,승합,남,47세,상해없음,승용,남,46세,중상
2012090400100508,2012년 9월 4일 19시,화요일,광주광역시 북구 두암동,경상사고,0,0,1,0,차대사람 - 횡단중,신호위반,습기,비,단일로 - 횡단보도상,승용,남,41세,상해없음,보행자,여,37세,경상