사고번호,사고일시,요일,시군구,사고내용,사망자수,중상자수,경상자수,부상신고자수,사고유형,법규위반,노면상태,기상상태,도로형태,가해운전자 차종,가해운전자 성별,가해운전자 연령,가해운전자 상해정도,피해운전자 차종,피해운전자 성별,피해운전자 연령,피해운전자 상해정도
2012090400100509,2012년 9월 4일 19시,화요일,광주광역시 북구 용봉동,경상사고,0,0,1,0,차대사람 - 길가장자리구역통행중,안전운전불이행,습기,흐림,단일로 - 기타,화물,여,47세,상해없음,보행자,여,30세,경상
2012090400100510,2012년 9월 4일 19시,화요일,광주광역시 북구 신안동,경상사고,0,0,2,0,차대차 - 추돌 - 진행중,안전운전불이행,습기,비,단일로 - 기타,승용,남,58세,상해없음,화물,남,52세,경상
2012090400100511,2012년 9월 4일 19시,화요일,광주광역시 광산구 도산동,중상사고,0,1,0,0,차대사람 - 기타,안전운전불이행,습기,비,단일로 - 기타,승용,여,35세,상해없음,보행자,남,59세,중상
2012090400100606,2012년 9월 4일 21시,화요일,광주광역시 서구 양동,사망사고,1,0,0,0,차대사람 - 횡단중,안전운전불이행,습기,비,단일로 - 기타,승용,남,59세,상해없음,보행자,남,56세,사망
2012090400100607,2012년 9월 4일 21시,화요일,광주광역시 서구 마륵동,경상사고,0,0,1,0,차대차 - 추돌 - 진행중,안전거리미확보,건조,맑음,교차로 - 교차로부근,승용,남,32세,상해없음,승용,남,55세,경상
2012090400100608,2012년 9월 4일 21시,화요일,광주광역시 서구 광천동,경상사고,0,0,2,0,차대차 - 추돌 - 진행중,안전운전불이행,습기,비,단일로 - 기타,승용,남,56세,상해없음,승용,남,34세,상해없음
2012090400100649,2012년 9월 4일 22시,화요일,광주광역시 북구 운암동,경상사고,0,0,2,0,차대차 - 추돌 - 주정차중,안전거리미확보,습기,비,단일로 - 기타,화물,남,44세,상해없음,승용,남,48세,경상
2012090400100681,2012년 9월 4일 23시,화요일,광주광역시 남구 양림동,경상사고,0,0,1,0,차대차 - 측면직각충돌,신호위반,습기,비,단일로 - 횡단보도상,승용,남,25세,상해없음,원동기,남,19세,상해없음
2012090400100682,2012년 9월 4일 23시,화요일,광주광역시 북구 중흥동,중상사고,0,1,0,0,차대차 - 측면직각충돌,교차로운행방법위반,습기,비,교차로 - 교차로안,승용,남,45세,상해없음,승용,남,55세,중상
2012090500100028,2012년 9월 5일 00시,수요일,광주광역시 북구 운암동,부상신고사고,0,0,0,2,차대차 - 측면직각충돌,안전운전불이행,기타,맑음,단일로 - 기타,승합,남,32세,상해없음,승용,여,26세,부상신고
2012090500100029,2012년 9월 5일 00시,수요일,광주광역시 광산구 송정동,경상사고,0,0,1,0,차대차 - 기타,안전운전불이행,습기,비,단일로 - 기타,승용,남,52세,상해없음,이륜,남,44세,경상
2012090500100047,2012년 9월 5일 01시,수요일,광주광역시 북구 중흥동,경상사고,0,0,2,0,차대차 - 측면직각충돌,교차로운행방법위반,습기,비,교차로 - 교차로안,승용,남,28세,상해없음,승용,남,57세,경상
2012090500100063,2012년 9월 5일 02시,수요일,광주광역시 동구 내남동,경상사고,0,0,1,0,차량단독 - 공작물충돌,안전운전불이행,습기,비,교차로 - 교차로부근,화물,남,50세,경상,,,,
2012090500100064,2012년 9월 5일 02시,수요일,광주광역시 광산구 월곡동,중상사고,0,1,1,0,차대차 - 기타,안전운전불이행,습기,비,교차로 - 교차로안,승용,남,18세,중상,승용,남,45세,기타불명
2012090500100106,2012년 9월 5일 06시,수요일,광주광역시 북구 운암동,경상사고,0,0,1,0,차대차 - 추돌 - 주정차중,안전운전불이행,습기,흐림,단일로 - 기타,승용,남,48세,상해없음,승용,남,52세,경상
2012090500100146,2012년 9월 5일 07시,수요일,광주광역시 서구 쌍촌동,경상사고,0,0,1,0,차량단독 - 기타,안전운전불이행,건조,맑음,단일로 - 기타,승합,남,31세,상해없음,,,,
2012090500100147,2012년 9월 5일 07시,수요일,광주광역시 광산구 우산동,경상사고,0,0,5,0,차대차 - 추돌 - 진행중,안전거리미확보,건조,맑음,단일로 - 교량,승합,남,29세,상해없음,승용,남,37세,경상
2012090500100185,2012년 9월 5일 08시,수요일,광주광역시 동구 서석동,경상사고,0,0,1,0,차대차 - 추돌 - 진행중,안전거리미확보,건조,맑음,단일로 - 기타,승용,남,27세,상해없음,승용,남,56세,경상
2012090500100186,2012년 9월 5일 08시,수요일,광주광역시 동구 계림동,부상신고사고,0,0,0,1,차대사람 - 차도통행중,안전운전불이행,건조,맑음,교차로 - 교차로부근,기타불명,기타불명,기타불명,기타불명,보행자,여,16세,부상신고
2012090500100187,2012년 9월 5일 08시,수요일,광주광역시 서구 풍암동,경상사고,0,0,1,0,차대차 - 측면직각충돌,교차로운행방법위반,건조,맑음,교차로 - 교차로안,화물,남,59세,상해없음,승용,남,52세,경상
2012090500100188,2012년 9월 5일 08시,수요일,광주광역시 북구 용봉동,경상사고,0,0,1,0,차대차 - 추돌 - 진행중,안전거리미확보,건조,맑음,단일로 - 기타,승용,남,24세,상해없음,승용,남,31세,경상
2012090500100221,2012년 9월 5일 09시,수요일,광주광역시 광산구 운남동,경상사고,0,0,2,0,차대차 - 측면직각충돌,신호위반,건조,맑음,교차로 - 교차로안,승용,여,46세,상해없음,승용,남,42세,경상
2012090500100254,2012년 9월 5일 11시,수요일,광주광역시 서구 유촌동,경상사고,0,0,1,0,차대차 - 기타,안전운전불이행,건조,맑음,단일로 - 횡단보도상,자전거,남,64세,상해없음,자전거,남,55세,경상
2012090500100278,2012년 9월 5일 12시,수요일,광주광역시 남구 주월동,경상사고,0,0,1,0,차대사람 - 기타,신호위반,건조,맑음,단일로 - 기타,승용,남,63세,상해없음,보행자,여,44세,경상
2012090500100334,2012년 9월 5일 14시,수요일,광주광역시 북구 두암동,경상사고,0,0,1,0,차대차 - 기타,안전운전불이행,건조,맑음,단일로 - 기타,승용,여,21세,상해없음,승용,여,34세,경상
2012090500100371,2012년 9월 5일 15시,수요일,광주광역시 서구 풍암동,중상사고,0,1,0,0,차대사람 - 횡단중,보행자보호의무위반,건조,맑음,단일로 - 횡단보도상,승용,여,26세,상해없음,보행자,여,68세,중상
2012090500100372,2012년 9월 5일 15시,수요일,광주광역시 남구 주월동,경상사고,0,0,1,0,차량단독 - 기타,안전운전불이행,건조,맑음,단일로 - 기타,승합,남,49세,상해없음,,,,
2012090500100373,2012년 9월 5일 15시,수요일,광주광역시 광산구 산정동,경상사고,0,0,1,0,차대차 - 측면직각충돌,안전운전불이행,건조,맑음,단일로 - 기타,승용,남,36세,경상,화물,남,58세,상해없음
2012090500100446,2012년 9월 5일 17시,수요일,광주광역시 동구 금남로5가,경상사고,0,0,2,0,차량단독 - 공작물충돌,안전운전불이행,건조,맑음,단일로 - 기타,승용,여,54세,경상,,,,
2012090500100447,2012년 9월 5일 17시,수요일,광주광역시 광산구 송정동,경상사고,0,0,1,0,차대차 - 추돌 - 진행중,안전운전불이행,건조,맑음,단일로 - 기타,승합,남,64세,상해없음,승용,여,43세,경상
2012090500100496,2012년 9월 5일 18시,수요일,광주광역시 북구 임동,경상사고,0,0,1,0,차대차 - 측면직각충돌,안전운전불이행,건조,맑음,단일로 - 기타,승용,기타불명,기타불명,기타불명,승용,여,50세,경상
2012090500100536,2012년 9월 5일 19시,수요일,광주광역시 서구 유촌동,경상사고,0,0,2,0,차대차 - 측면직각충돌,교차로운행방법위반,건조,맑음,교차로 - 교차로안,화물,남,65세,상해없음,승용,남,62세,경상
2012090500100537,2012년 9월 5일 19시,수요일,광주광역시 광산구 신촌동,경상사고,0,0,1,0,차대사람 - 차도통행중,보행자보호의무위반,건조,맑음,단일로 - 교량,이륜,기타불명,기타불명,기타불명,보행자,여,23세,경상
2012090500100569,2012년 9월 5일 20시,수요일,광주광역시 남구 봉선동,경상사고,0,0,1,0,차대차 - 측면직각충돌,신호위반,건조,맑음,교차로 - 교차로안,기타불명,기타불명,기타불명,기타불명,승용,남,53세,경상
2012090500100570,2012년 9월 5일 20시,수요일,광주광역시 북구 신안동,경상사고,0,0,1,0,차대차 - 측면직각충돌,신호위반,건조,맑음,단일로 - 기타,승용,여,52세,상해없음,승용,남,45세,경상
2012090500100624,2012년 9월 5일 22시,수요일,광주광역시 동구 서석동,경상사고,0,0,1,0,차대차 - 추돌 - 진행중,안전거리미확보,건조,맑음,단일로 - 기타,승용,남,53세,상해없음,승용,여,41세,경상
2012090500100625,2012년 9월 5일 22시,수요일,광주광역시 서구 금호동,경상사고,0,0,1,0,차대차 - 추돌 - 주정차중,안전운전불이행,건조,맑음,교차로 - 교차로안,승용,남,60세,상해없음,승용,남,29세,경상
2012090500100626,2012년 9월 5일 22시,수요일,광주광역시 서구 치평동,경상사고,0,0,1,0,차대차 - 추돌 - 주정차중,안전거리미확보,건조,맑음,교차로 - 교차로부근,승용,남,39세,상해없음,승용,여,28세,경상
2012090500100654,2012년 9월 5일 23시,수요일,광주광역시 동구 산수동,경상사고,0,0,2,0,차대차 - 추돌 - 진행중,안전운전불이행,건조,기타,단일로 - 기타,승용,남,20세,상해없음,승합,남,28세,경상
2012090500100655,2012년 9월 5일 23시,수요일,광주광역시 동구 호남동,경상사고,0,0,4,0,차대차 - 추돌 - 진행중,안전운전불이행,건조,맑음,단일로 - 기타,승용,남,29세,경상,승용,남,47세,경상
2012090600100049,2012년 9월 6일 02시,목요일,광주광역시 북구 신안동,중상사고,0,1,1,0,차량단독 - 전도전복,안전운전불이행,건조,맑음,교차로 - 교차로안,승용,남,49세,중상,,,,
2012090600100050,2012년 9월 6일 02시,목요일,광주광역시 광산구 신창동,경상사고,0,0,1,0,차량단독 - 공작물충돌,안전운전불이행,건조,맑음,단일로 - 기타,승합,남,38세,경상,,,,
2012090600100067,2012년 9월 6일 04시,목요일,광주광역시 동구 계림동,경상사고,0,0,1,0,차대차 - 추돌 - 주정차중,안전운전불이행,건조,맑음,단일로 - 기타,승용,남,68세,상해없음,승용,남,32세,경상
2012090600100068,2012년 9월 6일 04시,목요일,광주광역시 서구 금호동,경상사고,0,0,2,0,차대차 - 측면직각충돌,신호위반,건조,맑음,교차로 - 교차로안,승용,남,65세,상해없음,승용,남,42세,경상
2012090600100086,2012년 9월 6일 05시,목요일,광주광역시 북구 두암동,경상사고,0,0,2,0,차대차 - 추돌 - 진행중,신호위반,건조,맑음,단일로 - 기타,승용,남,63세,상해없음,승용,여,46세,경상
2012090600100138,2012년 9월 6일 07시,목요일,광주광역시 서구 금호동,경상사고,0,0,2,0,차대차 - 측면직각충돌,안전운전불이행,건조,맑음,단일로 - 기타,승용,남,23세,경상,화물,남,38세,기타불명
2012090600100180,2012년 9월 6일 08시,목요일,광주광역시 북구 신안동,경상사고,0,0,1,0,차대차 - 측면직각충돌,안전운전불이행,건조,맑음,교차로 - 교차로안,승용,남,49세,상해없음,승용,남,52세,경상
2012090600100181,2012년 9월 6일 08시,목요일,광주광역시 광산구 흑석동,경상사고,0,0,1,0,차대차 - 기타,교차로운행방법위반,건조,맑음,교차로 - 교차로안,승용,남,44세,경상,건설기계,남,48세,상해없음
2012090600100182,2012년 9월 6일 08시,목요일,광주광역시 광산구 신창동,경상사고,0,0,1,0,차대사람 - 기타,안전운전불이행,건조,맑음,단일로 - 기타,승합,남,46세,상해없음,보행자,남,17세,경상
2012090600100213,2012년 9월 6일 09시,목요일,광주광역시 서구 농성동,경상사고,0,0,1,0,차대사람 - 횡단중,안전운전불이행,건조,맑음,기타 - 기타,승용,남,65세,상해없음,보행자,여,75세,경상
2012090600100214,2012년 9월 6일 09시,목요일,광주광역시 서구 쌍촌동,경상사고,0,0,3,0,차대차 - 추돌 - 진행중,안전운전불이행,건조,맑음,단일로 - 기타,승용,남,30세,상해없음,승용,남,46세,경상
2012090600100215,2012년 9월 6일 09시,목요일,광주광역시 서구 마륵동,경상사고,0,0,2,0,차대차 - 추돌 - 진행중,안전거리미확보,건조,맑음,단일로 - 기타,화물,남,57세,상해없음,승용,여,46세,경상
2012090600100216,2012년 9월 6일 09시,목요일,광주광역시 북구 누문동,경상사고,0,0,1,0,차량단독 - 기타,안전운전불이행,건조,맑음,단일로 - 기타,승용,남,56세,상해없음,,,,
2012090600100217,2012년 9월 6일 09시,목요일,광주광역시 광산구 운수동,경상사고,0,0,1,0,차량단독 - 공작물충돌,안전운전불이행,건조,맑음,단일로 - 기타,건설기계,남,44세,경상,,,,
2012090600100247,2012년 9월 6일 10시,목요일,광주광역시 북구 각화동,경상사고,0,0,1,0,차대차 - 측면직각충돌,직진우회전진행방해,건조,맑음,교차로 - 교차로안,승용,남,72세,상해없음,원동기,남,34세,경상
2012090600100309,2012년 9월 6일 12시,목요일,광주광역시 동구 내남동,경상사고,0,0,3,0,차대차 - 추돌 - 주정차중,안전운전불이행,건조,맑음,단일로 - 기타,화물,남,33세,상해없음,화물,남,56세,경상
2012090600100334,2012년 9월 6일 13시,목요일,광주광역시 서구 풍암동,경상사고,0,0,4,0,차대차 - 기타,안전거리미확보,건조,맑음,단일로 - 기타,승용,남,52세,상해없음,화물,남,53세,상해없음
2012090600100368,2012년 9월 6일 14시,목요일,광주광역시 서구 치평동,경상사고,0,0,3,0,차대차 - 기타,교차로운행방법위반,건조,맑음,교차로 - 교차로안,승용,남,55세,경상,승용,남,51세,경상
2012090600100404,2012년 9월 6일 15시,목요일,광주광역시 광산구 양동,중상사고,0,1,0,0,차대차 - 기타,안전운전불이행,건조,맑음,기타 - 기타,승용,여,51세,상해없음,원동기,남,44세,중상
2012090600100405,2012년 9월 6일 15시,목요일,광주광역시 북구 오치동,경상사고,0,0,1,0,차대사람 - 횡단중,안전운전불이행,건조,맑음,단일로 - 기타,승용,여,40세,상해없음,보행자,남,9세,경상
2012090600100446,2012년 9월 6일 16시,목요일,광주광역시 서구 쌍촌동,경상사고,0,0,1,0,차대차 - 측면직각충돌,안전운전불이행,건조,맑음,단일로 - 기타,승용,남,56세,상해없음,이륜,남,33세,경상
2012090600100447,2012년 9월 6일 16시,목요일,광주광역시 광산구 산월동,중상사고,0,1,0,0,차대사람 - 기타,안전운전불이행,건조,맑음,기타 - 기타,승용,남,31세,상해없음,보행자,남,7세,중상
2012090600100502,2012년 9월 6일 17시,목요일,광주광역시 북구 두암동,경상사고,0,0,3,0,차대차 - 측면직각충돌,교차로운행방법위반,건조,맑음,교차로 - 교차로안,승용,남,42세,경상,화물,남,70세,경상
2012090600100545,2012년 9월 6일 18시,목요일,광주광역시 남구 주월동,중상사고,0,1,0,0,차대차 - 측면직각충돌,안전거리미확보,건조,맑음,단일로 - 기타,승용,남,40세,상해없음,이륜,여,59세,중상
2012090600100546,2012년 9월 6일 18시,목요일,광주광역시 광산구 우산동,경상사고,0,0,2,0,차대차 - 추돌 - 주정차중,안전운전불이행,건조,맑음,단일로 - 기타,승용,남,63세,기타불명,승용,여,30세,경상
2012090600100606,2012년 9월 6일 19시,목요일,광주광역시 동구 산수동,중상사고,0,1,0,0,차대사람 - 횡단중,안전운전불이행,건조,맑음,교차로 - 교차로부근,승용,남,40세,상해없음,보행자,여,75세,중상
2012090600100607,2012년 9월 6일 19시,목요일,광주광역시 서구 풍암동,경상사고,0,0,2,0,차대차 - 기타,중앙선침범,건조,맑음,기타 - 기타,승용,남,60세,상해없음,승용,남,25세,경상
2012090600100648,2012년 9월 6일 20시,목요일,광주광역시 서구 풍암동,경상사고,0,0,3,0,차대차 - 기타,안전거리미확보,건조,맑음,단일로 - 기타,승용,여,41세,상해없음,승용,남,77세,경상
2012090600100681,2012년 9월 6일 21시,목요일,광주광역시 서구 농성동,중상사고,0,1,0,0,차대사람 - 차도통행중,중앙선침범,건조,맑음,단일로 - 기타,승용,남,41세,상해없음,보행자,남,46세,중상
2012090600100682,2012년 9월 6일 21시,목요일,광주광역시 광산구 송정동,경상사고,0,0,1,0,차대차 - 추돌 - 주정차중,안전운전불이행,건조,맑음,단일로 - 기타,화물,남,55세,상해없음,승용,여,49세,경상
2012090600100708,2012년 9월 6일 22시,목요일,광주광역시 광산구 쌍암동,경상사고,0,0,2,0,차대차 - 추돌 - 주정차중,안전운전불이행,건조,맑음,단일로 - 기타,승용,남,47세,상해없음,승용,남,26세,경상
2012090600100736,2012년 9월 6일 23시,목요일,광주광역시 남구 주월동,경상사고,0,0,1,0,차대차 - 정면충돌,중앙선침범,건조,맑음,단일로 - 기타,승용,여,42세,상해없음,원동기,남,22세,경상
2012090600100737,2012년 9월 6일 23시,목요일,광주광역시 북구 임동,부상신고사고,0,0,0,1,차대차 - 추돌 - 진행중,안전운전불이행,건조,맑음,단일로 - 기타,승용,남,77세,상해없음,승용,남,25세,상해없음
2012090600100738,2012년 9월 6일 23시,목요일,광주광역시 북구 일곡동,경상사고,0,0,1,0,차량단독 - 기타,안전운전불이행,건조,맑음,단일로 - 기타,승용,남,50세,기타불명,,,,
2012090700100017,2012년 9월 7일 00시,금요일,광주광역시 북구 운암동,경상사고,0,0,2,0,차대차 - 측면직각충돌,중앙선침범,건조,맑음,단일로 - 기타,승용,남,33세,상해없음,승용,남,48세,경상
2012090700100128,2012년 9월 7일 07시,금요일,광주광역시 북구 중흥동,경상사고,0,0,1,0,차대차 - 측면직각충돌,안전운전불이행,건조,맑음,단일로 - 기타,승용,여,53세,상해없음,자전거,남,13세,경상
2012090700100129,2012년 9월 7일 07시,금요일,광주광역시 광산구 흑석동,경상사고,0,0,1,0,차대사람 - 횡단중,보행자보호의무위반,건조,맑음,교차로 - 교차로안,화물,남,33세,상해없음,보행자,여,22세,경상
2012090700100161,2012년 9월 7일 08시,금요일,광주광역시 서구 농성동,경상사고,0,0,1,0,차대차 - 측면직각충돌,교차로운행방법위반,건조,맑음,교차로 - 교차로안,승용,여,39세,상해없음,승용,남,47세,경상
2012090700100193,2012년 9월 7일 09시,금요일,광주광역시 동구 지산동,경상사고,0,0,1,0,차대차 - 기타,교차로운행방법위반,건조,맑음,교차로 - 교차로부근,승용,여,63세,상해없음,자전거,남,26세,경상
2012090700100194,2012년 9월 7일 09시,금요일,광주광역시 북구 풍향동,경상사고,0,0,1,0,차대차 - 추돌 - 진행중,안전거리미확보,건조,맑음,단일로 - 기타,승용,여,54세,상해없음,승용,남,43세,경상
2012090700100278,2012년 9월 7일 12시,금요일,광주광역시 서구 쌍촌동,경상사고,0,0,2,0,차대차 - 기타,안전거리미확보,건조,맑음,단일로 - 기타,원동기,남,23세,상해없음,원동기,남,67세,경상
2012090700100279,2012년 9월 7일 12시,금요일,광주광역시 광산구 산정동,중상사고,0,1,0,0,차대차 - 측면직각충돌,신호위반,건조,흐림,단일로 - 횡단보도상,승용,여,53세,상해없음,자전거,여,42세,중상
2012090700100318,2012년 9월 7일 13시,금요일,광주광역시 서구 금호동,경상사고,0,0,1,0,차대사람 - 횡단중,보행자보호의무위반,건조,맑음,단일로 - 횡단보도상,승용,남,30세,상해없음,보행자,여,6세,경상
2012090700100341,2012년 9월 7일 14시,금요일,광주광역시 북구 삼각동,경상사고,0,0,2,0,차대차 - 측면직각충돌,안전거리미확보,건조,맑음,단일로 - 기타,이륜,남,16세,경상,승용,남,38세,경상
2012090700100369,2012년 9월 7일 15시,금요일,광주광역시 서구 쌍촌동,경상사고,0,0,2,0,차대차 - 측면직각충돌,교차로운행방법위반,건조,맑음,교차로 - 교차로안,승용,남,51세,경상,승용,남,43세,경상
2012090700100370,2012년 9월 7일 15시,금요일,광주광역시 북구 두암동,경상사고,0,0,1,0,차대차 - 정면충돌,안전운전불이행,건조,맑음,단일로 - 기타,기타불명,기타불명,기타불명,기타불명,자전거,남,12세,경상
2012090700100446,2012년 9월 7일 17시,금요일,광주광역시 북구 용봉동,경상사고,0,0,2,0,차대차 - 추돌 - 진행중,안전거리미확보,건조,맑음,단일로 - 기타,승용,남,36세,상해없음,승용,남,50세,경상
2012090700100492,2012년 9월 7일 18시,금요일,광주광역시 광산구 신창동,경상사고,0,0,1,0,차대차 - 추돌 - 주정차중,안전운전불이행,습기,비,단일로 - 기타,승용,남,43세,기타불명,승용,남,25세,경상
2012090700100536,2012년 9월 7일 19시,금요일,광주광역시 서구 매월동,경상사고,0,0,1,0,차대차 - 측면직각충돌,차로위반,건조,맑음,단일로 - 기타,승용,남,29세,상해없음,승용,여,53세,상해없음
2012090700100537,2012년 9월 7일 19시,금요일,광주광역시 북구 문흥동,경상사고,0,0,1,0,차대차 - 측면직각충돌,안전거리미확보,건조,맑음,단일로 - 기타,화물,남,42세,상해없음,이륜,남,20세,경상
2012090700100538,2012년 9월 7일 19시,금요일,광주광역시 북구 동림동,경상사고,0,0,1,0,차대차 - 기타,안전운전불이행,건조,맑음,단일로 - 기타,승용,남,58세,상해없음,승용,남,30세,경상
2012090700100539,2012년 9월 7일 19시,금요일,광주광역시 북구 운암동,경상사고,0,0,1,0,차대차 - 측면직각충돌,안전거리미확보,습기,비,단일로 - 기타,승합,남,48세,상해없음,승용,여,31세,경상
2012090700100540,2012년 9월 7일 19시,금요일,광주광역시 광산구 운남동,경상사고,0,0,3,0,차대차 - 추돌 - 진행중,안전거리미확보,건조,맑음,단일로 - 교량,승용,여,43세,경상,승용,남,41세,경상
2012090700100569,2012년 9월 7일 20시,금요일,광주광역시 서구 유촌동,경상사고,0,0,4,0,차대차 - 측면직각충돌,차로위반,습기,비,단일로 - 기타,승용,남,32세,경상,승용,남,27세,경상
2012090700100570,2012년 9월 7일 20시,금요일,광주광역시 광산구 송정동,경상사고,0,0,2,0,차대사람 - 횡단중,안전운전불이행,습기,맑음,단일로 - 기타,승용,여,41세,상해없음,보행자,여,39세,경상
2012090700100571,2012년 9월 7일 20시,금요일,광주광역시 광산구 신창동,경상사고,0,0,1,0,차대사람 - 길가장자리구역통행중,안전운전불이행,습기,비,단일로 - 기타,승용,남,25세,상해없음,보행자,여,26세,경상
2012090700100603,2012년 9월 7일 21시,금요일,광주광역시 서구 풍암동,경상사고,0,0,1,0,차대차 - 측면직각충돌,안전거리미확보,습기,비,단일로 - 기타,승용,남,54세,상해없음,승용,남,53세,경상
2012090700100634,2012년 9월 7일 22시,금요일,광주광역시 서구 쌍촌동,경상사고,0,0,1,0,차대차 - 기타,교차로운행방법위반,습기,비,교차로 - 교차로안,승용,남,38세,상해없음,승용,여,49세,상해없음
2012090700100635,2012년 9월 7일 22시,금요일,광주광역시 남구 봉선동,경상사고,0,0,3,0,차대차 - 추돌 - 진행중,안전거리미확보,습기,비,교차로 - 교차로부근,승용,남,51세,상해없음,승용,여,42세,경상
2012090700100636,2012년 9월 7일 22시,금요일,광주광역시 남구 봉선동,경상사고,0,0,2,0,차대차 - 측면직각충돌,안전거리미확보,건조,맑음,단일로 - 기타,승용,남,51세,기타불명,승용,여,54세,경상
2012090700100637,2012년 9월 7일 22시,금요일,광주광역시 남구 진월동,경상사고,0,0,2,0,차대차 - 추돌 - 진행중,안전거리미확보,습기,비,단일로 - 횡단보도부근,승용,남,23세,상해없음,승용,남,52세,경상
2012090700100638,2012년 9월 7일 22시,금요일,광주광역시 북구 동림동,경상사고,0,0,4,0,차대차 - 측면직각충돌,신호위반,습기,비,교차로 - 교차로안,승합,남,30세,상해없음,승용,남,45세,경상
2012090700100639,2012년 9월 7일 22시,금요일,광주광역시 광산구 쌍암동,중상사고,0,1,0,0,차량단독 - 기타,안전운전불이행,습기,비,교차로 - 교차로부근,승용,남,57세,중상,,,,
2012090700100640,2012년 9월 7일 22시,금요일,광주광역시 광산구 월계동,중상사고,0,1,1,0,차량단독 - 기타,안전운전불이행,습기,비,교차로 - 교차로부근,승용,남,59세,중상,,,,
2012090800100055,2012년 9월 8일 00시,토요일,광주광역시 동구 선교동,경상사고,0,0,2,0,차대차 - 추돌 - 진행중,안전운전불이행,습기,비,단일로 - 기타,승용,남,38세,상해없음,승용,남,51세,경상
2012090800100056,2012년 9월 8일 00시,토요일,광주광역시 남구 행암동,경상사고,0,0,1,1,차대차 - 추돌 - 주정차중,안전운전불이행,습기,흐림,교차로 - 교차로부근,화물,남,42세,부상신고,승용,남,38세,경상
2012090800100057,2012년 9월 8일 00시,토요일,광주광역시 광산구 월곡동,중상사고,0,1,0,0,차대사람 - 기타,안전운전불이행,습기,비,단일로 - 기타,승용,남,32세,상해없음,보행자,남,25세,중상
2012090800100111,2012년 9월 8일 01시,토요일,광주광역시 서구 풍암동,경상사고,0,0,3,0,차대차 - 추돌 - 주정차중,안전운전불이행,습기,비,교차로 - 교차로안,승용,남,38세,상해없음,승용,남,37세,경상
2012090800100112,2012년 9월 8일 01시,토요일,광주광역시 서구 치평동,경상사고,0,0,1,0,차대차 - 측면직각충돌,중앙선침범,습기,비,단일로 - 기타,승용,남,42세,상해없음,승용,여,43세,경상
2012090800100113,2012년 9월 8일 01시,토요일,광주광역시 서구 화정동,경상사고,0,0,1,0,차대차 - 추돌 - 주정차중,안전거리미확보,습기,흐림,교차로 - 교차로부근,승용,여,27세,상해없음,승용,남,46세,경상
2012090800100147,2012년 9월 8일 02시,토요일,광주광역시 서구 매월동,경상사고,0,0,1,0,차대차 - 측면직각충돌,신호위반,습기,비,교차로 - 교차로부근,승용,남,49세,상해없음,승용,남,22세,경상
2012090800100194,2012년 9월 8일 04시,토요일,광주광역시 서구 화정동,경상사고,0,0,1,0,차대사람 - 횡단중,안전운전불이행,습기,흐림,교차로 - 교차로안,승용,남,30세,상해없음,보행자,남,41세,경상
2012090800100230,2012년 9월 8일 06시,토요일,광주광역시 서구 광천동,중상사고,0,1,0,0,차량단독 - 기타,안전운전불이행,건조,맑음,단일로 - 기타,승합,남,50세,상해없음,,,,
2012090800100313,2012년 9월 8일 10시,토요일,광주광역시 서구 광천동,경상사고,0,0,1,0,차대사람 - 기타,보행자보호의무위반,건조,기타,교차로 - 교차로부근,승용,기타불명,기타불명,기타불명,보행자,남,14세,경상
2012090800100314,2012년 9월 8일 10시,토요일,광주광역시 광산구 수완동,중상사고,0,1,2,0,차대차 - 측면직각충돌,교차로운행방법위반,건조,맑음,교차로 - 교차로안,승용,여,37세,중상,승용,남,41세,경상
2012090800100315,2012년 9월 8일 10시,토요일,광주광역시 광산구 송정동,경상사고,0,0,1,0,차대사람 - 기타,안전운전불이행,건조,맑음,단일로 - 기타,승용,남,30세,상해없음,보행자,남,71세,경상
2012090800100339,2012년 9월 8일 11시,토요일,광주광역시 북구 우산동,경상사고,0,0,1,0,차대차 - 추돌 - 진행중,안전운전불이행,건조,맑음,단일로 - 기타,승용,남,64세,상해없음,승용,남,55세,경상
2012090800100404,2012년 9월 8일 13시,토요일,광주광역시 서구 금호동,경상사고,0,0,1,0,차대차 - 기타,안전운전불이행,건조,맑음,단일로 - 기타,화물,남,39세,상해없음,승용,여,44세,경상
2012090800100432,2012년 9월 8일 14시,토요일,광주광역시 광산구 송정동,경상사고,0,0,1,0,차대차 - 추돌 - 진행중,불법유턴,건조,맑음,교차로 - 교차로안,승용,여,48세,상해없음,자전거,남,78세,경상
2012090800100471,2012년 9월 8일 15시,토요일,광주광역시 남구 진월동,경상사고,0,0,2,0,차대사람 - 기타,안전운전불이행,건조,맑음,교차로 - 교차로안,승용,남,55세,상해없음,보행자,여,62세,경상
2012090800100472,2012년 9월 8일 15시,토요일,광주광역시 북구 임동,중상사고,0,1,2,0,차대차 - 측면직각충돌,중앙선침범,건조,맑음,단일로 - 기타,승용,여,30세,중상,화물,남,60세,경상
2012090800100518,2012년 9월 8일 16시,토요일,광주광역시 광산구 우산동,경상사고,0,0,2,2,차대차 - 측면직각충돌,교차로운행방법위반,건조,맑음,교차로 - 교차로안,승용,남,42세,경상,승용,남,55세,부상신고