사고번호,사고일시,요일,시군구,사고내용,사망자수,중상자수,경상자수,부상신고자수,사고유형,법규위반,노면상태,기상상태,도로형태,가해운전자 차종,가해운전자 성별,가해운전자 연령,가해운전자 상해정도,피해운전자 차종,피해운전자 성별,피해운전자 연령,피해운전자 상해정도
2012090800100519,2012년 9월 8일 16시,토요일,광주광역시 광산구 도산동,경상사고,0,0,3,0,차대차 - 추돌 - 진행중,안전운전불이행,건조,맑음,기타 - 기타,승용,남,41세,상해없음,승용,여,37세,경상
2012090800100555,2012년 9월 8일 17시,토요일,광주광역시 북구 동림동,경상사고,0,0,1,0,차대차 - 기타,안전운전불이행,건조,맑음,단일로 - 기타,승용,남,35세,상해없음,자전거,남,41세,경상
2012090800100615,2012년 9월 8일 19시,토요일,광주광역시 동구 황금동,경상사고,0,0,1,0,차대차 - 기타,신호위반,건조,맑음,교차로 - 교차로안,승용,남,28세,상해없음,승용,남,50세,상해없음
2012090800100616,2012년 9월 8일 19시,토요일,광주광역시 북구 북동,경상사고,0,0,3,0,차대사람 - 횡단중,안전운전불이행,건조,맑음,단일로 - 기타,승용,남,46세,상해없음,보행자,여,59세,경상
2012090800100682,2012년 9월 8일 21시,토요일,광주광역시 북구 오치동,경상사고,0,0,2,0,차대차 - 추돌 - 주정차중,안전운전불이행,건조,맑음,교차로 - 교차로부근,승용,기타불명,기타불명,기타불명,승용,여,49세,경상
2012090800100683,2012년 9월 8일 21시,토요일,광주광역시 광산구 운남동,경상사고,0,0,1,0,차대사람 - 길가장자리구역통행중,안전운전불이행,건조,맑음,단일로 - 기타,승용,남,48세,상해없음,보행자,여,42세,경상
2012090800100709,2012년 9월 8일 22시,토요일,광주광역시 서구 치평동,경상사고,0,0,3,0,차대차 - 추돌 - 주정차중,안전운전불이행,건조,맑음,단일로 - 기타,승용,남,40세,상해없음,승용,남,60세,상해없음
2012090800100734,2012년 9월 8일 23시,토요일,광주광역시 북구 용두동,경상사고,0,0,3,0,차대차 - 추돌 - 주정차중,안전운전불이행,건조,맑음,교차로 - 교차로부근,승용,여,44세,상해없음,승용,남,24세,경상
2012090800100735,2012년 9월 8일 23시,토요일,광주광역시 북구 문흥동,경상사고,0,0,1,0,차대사람 - 횡단중,보행자보호의무위반,건조,맑음,교차로 - 교차로안,승용,남,25세,상해없음,보행자,여,68세,경상
2012090800100736,2012년 9월 8일 23시,토요일,광주광역시 광산구 안청동,경상사고,0,0,1,0,차대차 - 측면직각충돌,안전거리미확보,건조,맑음,단일로 - 기타,승용,남,18세,경상,승용,미분류,기타불명,기타불명
2012090900100024,2012년 9월 9일 00시,일요일,광주광역시 남구 진월동,경상사고,0,0,1,0,차대차 - 정면충돌,신호위반,건조,맑음,교차로 - 교차로안,승용,남,46세,상해없음,승용,남,55세,경상
2012090900100025,2012년 9월 9일 00시,일요일,광주광역시 북구 풍향동,경상사고,0,0,2,0,차대차 - 추돌 - 주정차중,안전운전불이행,습기,비,교차로 - 교차로안,승용,남,25세,상해없음,승용,남,58세,경상
2012090900100050,2012년 9월 9일 01시,일요일,광주광역시 북구 동림동,중상사고,0,1,0,0,차대차 - 추돌 - 주정차중,안전운전불이행,건조,맑음,단일로 - 기타,이륜,남,28세,중상,화물,남,48세,상해없음
2012090900100068,2012년 9월 9일 02시,일요일,광주광역시 광산구 월계동,경상사고,0,0,2,0,차대차 - 측면직각충돌,신호위반,건조,맑음,교차로 - 교차로안,승용,남,49세,상해없음,승용,남,49세,경상
2012090900100087,2012년 9월 9일 03시,일요일,광주광역시 동구 금남로4가,경상사고,0,0,1,0,차대차 - 측면직각충돌,신호위반,건조,흐림,교차로 - 교차로안,승용,여,22세,경상,승용,남,27세,상해없음
2012090900100088,2012년 9월 9일 03시,일요일,광주광역시 서구 화정동,경상사고,0,0,2,0,차대차 - 추돌 - 주정차중,안전운전불이행,건조,맑음,교차로 - 교차로부근,승용,여,34세,상해없음,승용,남,25세,경상
2012090900100089,2012년 9월 9일 03시,일요일,광주광역시 서구 농성동,경상사고,0,0,3,0,차대차 - 측면직각충돌,신호위반,건조,맑음,교차로 - 교차로안,승용,여,44세,상해없음,승용,남,46세,경상
2012090900100090,2012년 9월 9일 03시,일요일,광주광역시 서구 금호동,경상사고,0,0,1,0,차대차 - 추돌 - 주정차중,안전거리미확보,습기,비,기타 - 기타,승용,남,23세,상해없음,승용,남,37세,상해없음
2012090900100106,2012년 9월 9일 04시,일요일,광주광역시 서구 치평동,경상사고,0,0,2,0,차대차 - 기타,중앙선침범,건조,맑음,단일로 - 기타,승용,남,21세,상해없음,승용,남,19세,경상
2012090900100136,2012년 9월 9일 06시,일요일,광주광역시 북구 용봉동,경상사고,0,0,1,0,차대사람 - 횡단중,신호위반,습기,비,단일로 - 횡단보도상,이륜,기타불명,기타불명,기타불명,보행자,남,82세,경상
2012090900100162,2012년 9월 9일 08시,일요일,광주광역시 남구 양림동,경상사고,0,0,2,0,차대차 - 측면직각충돌,교차로운행방법위반,습기,비,교차로 - 교차로안,화물,남,34세,상해없음,승용,남,69세,경상
2012090900100211,2012년 9월 9일 10시,일요일,광주광역시 북구 신안동,경상사고,0,0,2,0,차대차 - 추돌 - 주정차중,안전거리미확보,습기,비,교차로 - 교차로부근,화물,남,53세,상해없음,승용,남,62세,경상
2012090900100251,2012년 9월 9일 12시,일요일,광주광역시 광산구 신촌동,경상사고,0,0,5,0,차대차 - 측면직각충돌,신호위반,습기,비,교차로 - 교차로안,승용,여,41세,경상,승용,남,52세,상해없음
2012090900100279,2012년 9월 9일 13시,일요일,광주광역시 북구 삼각동,경상사고,0,0,1,0,차대차 - 기타,안전운전불이행,습기,비,교차로 - 교차로안,승용,남,65세,상해없음,승용,여,42세,경상
2012090900100308,2012년 9월 9일 14시,일요일,광주광역시 서구 화정동,경상사고,0,0,2,0,차대차 - 기타,안전운전불이행,습기,비,기타 - 기타,승용,남,57세,경상,승용,남,40세,경상
2012090900100340,2012년 9월 9일 15시,일요일,광주광역시 광산구 장덕동,경상사고,0,0,1,0,차량단독 - 기타,안전운전불이행,습기,비,교차로 - 교차로부근,원동기,남,26세,경상,,,,
2012090900100372,2012년 9월 9일 16시,일요일,광주광역시 북구 누문동,경상사고,0,0,1,0,차대차 - 측면직각충돌,안전거리미확보,건조,맑음,단일로 - 기타,승용,남,35세,상해없음,승합,남,50세,경상
2012090900100428,2012년 9월 9일 18시,일요일,광주광역시 동구 서석동,경상사고,0,0,5,0,차대차 - 추돌 - 진행중,안전거리미확보,습기,흐림,단일로 - 기타,승용,남,41세,상해없음,승용,남,51세,경상
2012090900100470,2012년 9월 9일 19시,일요일,광주광역시 동구 동명동,경상사고,0,0,1,0,차대사람 - 횡단중,안전운전불이행,습기,비,교차로 - 교차로안,승용,여,30세,상해없음,보행자,여,28세,경상
2012090900100471,2012년 9월 9일 19시,일요일,광주광역시 동구 수기동,경상사고,0,0,1,0,차대차 - 측면직각충돌,차로위반,건조,맑음,단일로 - 기타,화물,남,66세,상해없음,승용,남,26세,경상
2012090900100493,2012년 9월 9일 20시,일요일,광주광역시 북구 삼각동,사망사고,1,1,1,0,차대차 - 정면충돌,중앙선침범,습기,흐림,단일로 - 기타,화물,남,63세,사망,승용,남,33세,중상
2012090900100494,2012년 9월 9일 20시,일요일,광주광역시 광산구 월곡동,경상사고,0,0,6,0,차대차 - 추돌 - 주정차중,안전운전불이행,건조,맑음,단일로 - 기타,승용,남,51세,상해없음,승용,여,29세,경상
2012090900100532,2012년 9월 9일 21시,일요일,광주광역시 광산구 삼거동,사망사고,1,0,0,0,차대사람 - 기타,안전운전불이행,건조,흐림,단일로 - 기타,승용,기타불명,기타불명,기타불명,보행자,남,34세,사망
2012090900100551,2012년 9월 9일 22시,일요일,광주광역시 광산구 월곡동,경상사고,0,0,1,0,차대차 - 추돌 - 주정차중,안전운전불이행,습기,비,교차로 - 교차로부근,승용,남,33세,기타불명,승용,남,29세,경상
2012091000100013,2012년 9월 10일 00시,월요일,광주광역시 광산구 신가동,중상사고,0,1,2,0,차대차 - 정면충돌,신호위반,건조,맑음,단일로 - 기타,화물,남,33세,경상,승용,남,31세,중상
2012091000100027,2012년 9월 10일 01시,월요일,광주광역시 광산구 쌍암동,경상사고,0,0,1,0,차대차 - 추돌 - 주정차중,안전운전불이행,습기,비,교차로 - 교차로부근,승용,남,43세,기타불명,승용,남,37세,경상
2012091000100035,2012년 9월 10일 02시,월요일,광주광역시 북구 운암동,경상사고,0,0,2,0,차대차 - 측면직각충돌,중앙선침범,습기,비,단일로 - 기타,승용,남,21세,상해없음,승용,남,47세,상해없음
2012091000100036,2012년 9월 10일 02시,월요일,광주광역시 광산구 수완동,경상사고,0,0,2,0,차대사람 - 기타,기타,습기,비,단일로 - 기타,승용,남,61세,상해없음,보행자,남,41세,경상
2012091000100043,2012년 9월 10일 03시,월요일,광주광역시 광산구 운남동,경상사고,0,0,1,0,차대차 - 측면직각충돌,안전거리미확보,습기,비,단일로 - 기타,승용,남,21세,상해없음,승용,남,54세,경상
2012091000100064,2012년 9월 10일 05시,월요일,광주광역시 서구 치평동,경상사고,0,0,6,0,차대차 - 기타,안전운전불이행,건조,흐림,기타 - 기타,승용,여,26세,상해없음,승용,남,20세,경상
2012091000100072,2012년 9월 10일 06시,월요일,광주광역시 북구 용봉동,경상사고,0,0,1,0,차대차 - 측면직각충돌,안전거리미확보,건조,맑음,교차로 - 교차로부근,승합,남,57세,상해없음,승용,남,45세,경상
2012091000100099,2012년 9월 10일 07시,월요일,광주광역시 광산구 장덕동,경상사고,0,0,1,0,차대차 - 측면직각충돌,교차로운행방법위반,건조,맑음,교차로 - 교차로안,승용,남,31세,상해없음,승용,여,34세,경상
2012091000100147,2012년 9월 10일 08시,월요일,광주광역시 서구 동천동,중상사고,0,1,0,0,차대사람 - 횡단중,안전운전불이행,건조,맑음,단일로 - 기타,승용,여,50세,상해없음,보행자,남,18세,중상
2012091000100148,2012년 9월 10일 08시,월요일,광주광역시 광산구 운남동,경상사고,0,0,1,0,차대차 - 측면직각충돌,안전운전불이행,건조,맑음,단일로 - 기타,자전거,여,45세,경상,승용,여,51세,상해없음
2012091000100195,2012년 9월 10일 10시,월요일,광주광역시 북구 양산동,경상사고,0,0,1,0,차대차 - 기타,중앙선침범,건조,맑음,단일로 - 기타,원동기,남,74세,경상,승용,남,54세,상해없음
2012091000100219,2012년 9월 10일 11시,월요일,광주광역시 동구 학동,경상사고,0,0,1,0,차대차 - 추돌 - 진행중,안전운전불이행,건조,맑음,단일로 - 기타,승용,남,31세,상해없음,이륜,남,32세,경상
2012091000100220,2012년 9월 10일 11시,월요일,광주광역시 북구 운암동,경상사고,0,0,1,0,차대차 - 추돌 - 주정차중,안전운전불이행,건조,맑음,교차로 - 교차로안,승용,여,49세,상해없음,화물,남,43세,경상
2012091000100221,2012년 9월 10일 11시,월요일,광주광역시 북구 신안동,중상사고,0,1,0,0,차대차 - 측면직각충돌,중앙선침범,건조,맑음,단일로 - 기타,승용,남,46세,상해없음,이륜,남,39세,중상
2012091000100253,2012년 9월 10일 12시,월요일,광주광역시 북구 두암동,중상사고,0,1,0,0,차대차 - 측면직각충돌,안전운전불이행,건조,맑음,단일로 - 기타,승용,남,46세,상해없음,자전거,여,44세,중상
2012091000100279,2012년 9월 10일 13시,월요일,광주광역시 북구 화암동,경상사고,0,0,1,0,차량단독 - 공작물충돌,안전운전불이행,건조,맑음,단일로 - 기타,화물,남,42세,경상,,,,
2012091000100280,2012년 9월 10일 13시,월요일,광주광역시 광산구 운남동,부상신고사고,0,0,0,1,차대차 - 추돌 - 진행중,안전운전불이행,건조,맑음,교차로 - 교차로부근,승합,남,47세,상해없음,승용,남,36세,부상신고
2012091000100338,2012년 9월 10일 15시,월요일,광주광역시 북구 두암동,사망사고,1,0,0,0,차대차 - 기타,안전운전불이행,건조,맑음,단일로 - 기타,승용,남,30세,상해없음,자전거,남,72세,사망
2012091000100339,2012년 9월 10일 15시,월요일,광주광역시 광산구 소촌동,중상사고,0,2,0,0,차대차 - 측면직각충돌,안전운전불이행,건조,맑음,단일로 - 기타,승용,남,52세,상해없음,원동기,남,55세,중상
2012091000100371,2012년 9월 10일 16시,월요일,광주광역시 북구 동림동,경상사고,0,0,3,0,차대차 - 측면직각충돌,신호위반,건조,맑음,교차로 - 교차로안,승용,남,36세,상해없음,승용,남,63세,경상
2012091000100407,2012년 9월 10일 17시,월요일,광주광역시 광산구 도천동,경상사고,0,0,1,0,차대차 - 측면직각충돌,안전운전불이행,건조,맑음,단일로 - 기타,승합,남,62세,상해없음,이륜,남,71세,경상
2012091000100408,2012년 9월 10일 17시,월요일,광주광역시 광산구 장덕동,중상사고,0,1,0,0,차대차 - 측면직각충돌,교차로운행방법위반,건조,맑음,단일로 - 기타,원동기,남,36세,중상,승용,여,36세,상해없음
2012091000100440,2012년 9월 10일 18시,월요일,광주광역시 서구 양동,중상사고,0,1,0,0,차대차 - 측면직각충돌,안전운전불이행,건조,맑음,교차로 - 교차로부근,자전거,남,78세,중상,원동기,남,51세,상해없음
2012091000100441,2012년 9월 10일 18시,월요일,광주광역시 서구 쌍촌동,경상사고,0,0,1,0,차대차 - 측면직각충돌,교차로운행방법위반,건조,맑음,교차로 - 교차로안,승용,여,51세,상해없음,이륜,남,16세,경상
2012091000100442,2012년 9월 10일 18시,월요일,광주광역시 북구 각화동,경상사고,0,0,1,0,차대사람 - 기타,안전운전불이행,건조,맑음,교차로 - 교차로부근,승용,남,64세,상해없음,보행자,여,52세,경상
2012091000100443,2012년 9월 10일 18시,월요일,광주광역시 광산구 도덕동,경상사고,0,0,1,0,차대차 - 추돌 - 주정차중,안전운전불이행,건조,맑음,교차로 - 교차로부근,화물,남,53세,상해없음,승용,여,45세,경상
2012091000100444,2012년 9월 10일 18시,월요일,광주광역시 광산구 신창동,경상사고,0,0,1,1,차대차 - 측면직각충돌,안전거리미확보,건조,맑음,교차로 - 교차로부근,승용,여,38세,부상신고,승용,여,53세,경상
2012091000100490,2012년 9월 10일 19시,월요일,광주광역시 서구 치평동,경상사고,0,0,2,0,차대차 - 측면직각충돌,안전거리미확보,건조,맑음,단일로 - 기타,승용,남,25세,경상,승용,여,61세,경상
2012091000100491,2012년 9월 10일 19시,월요일,광주광역시 광산구 하남동,중상사고,0,1,0,0,차대차 - 측면직각충돌,안전운전불이행,건조,맑음,교차로 - 교차로부근,원동기,남,41세,중상,승용,남,50세,상해없음
2012091000100535,2012년 9월 10일 20시,월요일,광주광역시 북구 오치동,경상사고,0,0,1,0,차대사람 - 기타,안전운전불이행,건조,맑음,기타 - 기타,승용,남,43세,상해없음,보행자,남,3세,경상
2012091000100556,2012년 9월 10일 21시,월요일,광주광역시 서구 화정동,사망사고,1,0,0,0,차대사람 - 횡단중,안전운전불이행,건조,맑음,단일로 - 기타,승용,남,25세,상해없음,보행자,여,67세,사망
2012091000100557,2012년 9월 10일 21시,월요일,광주광역시 북구 두암동,경상사고,0,0,2,0,차대차 - 측면직각충돌,안전운전불이행,건조,맑음,교차로 - 교차로안,승합,남,40세,상해없음,승용,남,52세,경상
2012091000100590,2012년 9월 10일 22시,월요일,광주광역시 북구 일곡동,중상사고,0,1,0,0,차대차 - 측면직각충돌,교차로운행방법위반,건조,맑음,교차로 - 교차로안,이륜,남,16세,중상,승용,남,31세,상해없음
2012091000100591,2012년 9월 10일 22시,월요일,광주광역시 광산구 장덕동,중상사고,0,1,0,0,차대차 - 측면직각충돌,중앙선침범,건조,맑음,교차로 - 교차로부근,승합,남,43세,상해없음,원동기,남,23세,중상
2012091000100619,2012년 9월 10일 23시,월요일,광주광역시 동구 용산동,중상사고,0,1,0,0,차량단독 - 기타,안전운전불이행,건조,맑음,단일로 - 기타,승합,남,60세,상해없음,,,,
2012091100100039,2012년 9월 11일 01시,화요일,광주광역시 북구 양산동,경상사고,0,0,2,0,차대차 - 추돌 - 진행중,차로위반,건조,맑음,교차로 - 교차로부근,승용,남,22세,상해없음,승용,남,42세,경상
2012091100100040,2012년 9월 11일 01시,화요일,광주광역시 북구 오룡동,경상사고,0,0,1,0,차대차 - 측면직각충돌,안전운전불이행,건조,맑음,단일로 - 기타,승용,남,40세,상해없음,승용,남,27세,경상
2012091100100064,2012년 9월 11일 03시,화요일,광주광역시 동구 금남로5가,경상사고,0,0,1,0,차대차 - 측면직각충돌,신호위반,건조,맑음,교차로 - 교차로안,승용,남,22세,상해없음,승용,남,25세,경상
2012091100100175,2012년 9월 11일 08시,화요일,광주광역시 서구 치평동,경상사고,0,0,4,0,차대차 - 측면직각충돌,신호위반,건조,맑음,교차로 - 교차로안,승용,남,27세,경상,승용,여,27세,경상
2012091100100176,2012년 9월 11일 08시,화요일,광주광역시 서구 광천동,경상사고,0,0,1,1,차대차 - 추돌 - 주정차중,안전운전불이행,건조,맑음,단일로 - 기타,승용,여,49세,부상신고,승용,남,50세,경상
2012091100100177,2012년 9월 11일 08시,화요일,광주광역시 북구 대촌동,경상사고,0,0,2,0,차대차 - 추돌 - 주정차중,안전거리미확보,건조,맑음,단일로 - 기타,승용,여,56세,상해없음,승용,남,29세,경상
2012091100100178,2012년 9월 11일 08시,화요일,광주광역시 광산구 신촌동,중상사고,0,1,0,0,차대차 - 추돌 - 주정차중,불법유턴,건조,맑음,교차로 - 교차로부근,승용,여,40세,중상,승용,남,71세,상해없음
2012091100100179,2012년 9월 11일 08시,화요일,광주광역시 광산구 용동,경상사고,0,0,1,0,차대차 - 측면직각충돌,중앙선침범,건조,흐림,교차로 - 교차로부근,승용,남,28세,상해없음,승용,남,23세,경상
2012091100100325,2012년 9월 11일 13시,화요일,광주광역시 동구 서석동,경상사고,0,0,4,0,차대차 - 측면직각충돌,안전운전불이행,건조,맑음,교차로 - 교차로안,승용,남,44세,경상,승용,남,26세,경상
2012091100100353,2012년 9월 11일 14시,화요일,광주광역시 동구 산수동,경상사고,0,0,3,0,차대차 - 측면직각충돌,안전운전불이행,건조,맑음,교차로 - 교차로부근,승합,남,60세,상해없음,승용,남,27세,경상
2012091100100354,2012년 9월 11일 14시,화요일,광주광역시 남구 진월동,경상사고,0,0,1,0,차대사람 - 횡단중,보행자보호의무위반,건조,맑음,단일로 - 횡단보도상,승용,여,41세,상해없음,보행자,여,82세,경상
2012091100100355,2012년 9월 11일 14시,화요일,광주광역시 광산구 수완동,경상사고,0,0,4,0,차대차 - 추돌 - 진행중,안전운전불이행,건조,맑음,단일로 - 기타,화물,남,30세,상해없음,승용,여,30세,경상
2012091100100407,2012년 9월 11일 16시,화요일,광주광역시 북구 문흥동,경상사고,0,0,1,0,차대사람 - 기타,안전운전불이행,건조,맑음,단일로 - 기타,기타불명,기타불명,기타불명,기타불명,보행자,여,14세,경상
2012091100100439,2012년 9월 11일 17시,화요일,광주광역시 광산구 도천동,중상사고,0,1,0,0,차대차 - 추돌 - 진행중,안전운전불이행,건조,맑음,단일로 - 기타,승용,기타불명,기타불명,기타불명,자전거,남,52세,중상
2012091100100440,2012년 9월 11일 17시,화요일,광주광역시 광산구 월계동,부상신고사고,0,0,0,1,차대차 - 측면직각충돌,안전운전불이행,건조,맑음,교차로 - 교차로안,승용,기타불명,기타불명,기타불명,자전거,남,11세,부상신고
2012091100100465,2012년 9월 11일 18시,화요일,광주광역시 북구 연제동,사망사고,1,0,0,0,차대차 - 측면직각충돌,신호위반,건조,맑음,교차로 - 교차로안,승용,남,51세,상해없음,자전거,남,51세,사망
2012091100100466,2012년 9월 11일 18시,화요일,광주광역시 광산구 오선동,중상사고,0,1,0,0,차대사람 - 횡단중,안전운전불이행,건조,맑음,단일로 - 기타,화물,남,49세,상해없음,보행자,여,28세,중상
2012091100100467,2012년 9월 11일 18시,화요일,광주광역시 광산구 우산동,경상사고,0,0,2,0,차대차 - 측면직각충돌,안전거리미확보,건조,맑음,단일로 - 기타,화물,남,30세,상해없음,승용,남,41세,경상
2012091100100506,2012년 9월 11일 19시,화요일,광주광역시 남구 봉선동,경상사고,0,0,1,0,차대사람 - 횡단중,보행자보호의무위반,건조,맑음,교차로 - 교차로안,승용,여,47세,상해없음,보행자,남,59세,경상
2012091100100539,2012년 9월 11일 20시,화요일,광주광역시 남구 백운동,경상사고,0,0,1,0,차대차 - 측면직각충돌,안전운전불이행,건조,맑음,단일로 - 횡단보도상,승용,여,43세,상해없음,자전거,남,77세,경상
2012091100100572,2012년 9월 11일 21시,화요일,광주광역시 남구 진월동,부상신고사고,0,0,0,1,차대차 - 추돌 - 진행중,안전운전불이행,건조,맑음,기타 - 기타,기타불명,기타불명,기타불명,기타불명,자전거,남,61세,부상신고
2012091100100573,2012년 9월 11일 21시,화요일,광주광역시 북구 운암동,경상사고,0,0,1,0,차대차 - 추돌 - 진행중,안전운전불이행,건조,맑음,교차로 - 교차로안,승용,남,25세,상해없음,승용,남,63세,기타불명
2012091100100627,2012년 9월 11일 23시,화요일,광주광역시 북구 용봉동,경상사고,0,0,2,0,차대차 - 추돌 - 진행중,안전거리미확보,건조,맑음,단일로 - 기타,승합,남,51세,상해없음,승용,남,32세,경상
2012091200100010,2012년 9월 12일 00시,수요일,광주광역시 서구 광천동,경상사고,0,0,2,0,차대차 - 추돌 - 진행중,안전운전불이행,건조,맑음,단일로 - 기타,기타불명,기타불명,기타불명,기타불명,승용,남,29세,경상
2012091200100011,2012년 9월 12일 00시,수요일,광주광역시 북구 문흥동,중상사고,0,1,0,0,차대차 - 측면직각충돌,안전운전불이행,건조,맑음,단일로 - 기타,승용,여,30세,상해없음,자전거,남,75세,중상
2012091200100033,2012년 9월 12일 02시,수요일,광주광역시 동구 계림동,부상신고사고,0,0,0,1,차량단독 - 공작물충돌,안전운전불이행,건조,맑음,단일로 - 기타,승용,남,30세,부상신고,,,,
2012091200100034,2012년 9월 12일 02시,수요일,광주광역시 북구 신안동,중상사고,0,1,1,0,차대차 - 측면직각충돌,교차로운행방법위반,건조,맑음,교차로 - 교차로안,승용,남,36세,중상,승용,남,26세,경상
2012091200100035,2012년 9월 12일 02시,수요일,광주광역시 북구 중흥동,중상사고,0,1,0,0,차대차 - 측면직각충돌,신호위반,건조,맑음,교차로 - 교차로안,승용,남,51세,상해없음,이륜,남,21세,중상
2012091200100047,2012년 9월 12일 03시,수요일,광주광역시 북구 동림동,경상사고,0,0,2,0,차대차 - 측면직각충돌,신호위반,건조,맑음,교차로 - 교차로안,승용,남,22세,상해없음,승용,남,49세,경상
2012091200100189,2012년 9월 12일 10시,수요일,광주광역시 서구 금호동,경상사고,0,0,2,0,차대차 - 기타,안전운전불이행,건조,맑음,교차로 - 교차로부근,승용,남,29세,경상,승용,여,34세,경상
2012091200100242,2012년 9월 12일 13시,수요일,광주광역시 북구 용봉동,경상사고,0,0,1,0,차대차 - 추돌 - 진행중,안전거리미확보,건조,맑음,단일로 - 기타,승용,남,29세,상해없음,승용,남,55세,상해없음
2012091200100304,2012년 9월 12일 15시,수요일,광주광역시 북구 오치동,경상사고,0,0,1,0,차대차 - 추돌 - 주정차중,안전거리미확보,습기,비,단일로 - 기타,화물,남,29세,상해없음,승용,남,60세,경상
2012091200100305,2012년 9월 12일 15시,수요일,광주광역시 광산구 월계동,경상사고,0,0,2,0,차대차 - 추돌 - 진행중,안전거리미확보,건조,맑음,교차로 - 교차로안,화물,남,53세,기타불명,승용,여,49세,경상
2012091200100344,2012년 9월 12일 16시,수요일,광주광역시 동구 학동,경상사고,0,0,1,0,차대차 - 기타,안전운전불이행,건조,맑음,단일로 - 기타,이륜,남,50세,경상,승용,남,50세,상해없음
2012091200100375,2012년 9월 12일 17시,수요일,광주광역시 남구 주월동,경상사고,0,0,1,0,차대사람 - 기타,안전운전불이행,건조,맑음,단일로 - 기타,자전거,남,66세,상해없음,보행자,여,8세,경상
2012091200100376,2012년 9월 12일 17시,수요일,광주광역시 북구 중흥동,경상사고,0,0,1,0,차대사람 - 횡단중,안전운전불이행,건조,맑음,단일로 - 기타,승용,남,65세,상해없음,보행자,남,72세,경상
2012091200100377,2012년 9월 12일 17시,수요일,광주광역시 북구 매곡동,경상사고,0,0,1,0,차대사람 - 기타,안전운전불이행,건조,맑음,단일로 - 기타,승용,남,46세,상해없음,보행자,여,43세,경상
2012091200100404,2012년 9월 12일 18시,수요일,광주광역시 광산구 도산동,경상사고,0,0,1,0,차대사람 - 길가장자리구역통행중,안전운전불이행,건조,맑음,교차로 - 교차로부근,자전거,남,65세,상해없음,보행자,여,77세,경상
2012091200100447,2012년 9월 12일 19시,수요일,광주광역시 북구 동림동,경상사고,0,0,2,0,차대차 - 측면직각충돌,신호위반,건조,맑음,교차로 - 교차로안,승용,여,59세,상해없음,승용,남,54세,경상
2012091200100486,2012년 9월 12일 20시,수요일,광주광역시 서구 광천동,경상사고,0,0,1,0,차대차 - 기타,안전거리미확보,건조,맑음,교차로 - 교차로부근,승용,남,18세,상해없음,승용,남,46세,경상
2012091200100515,2012년 9월 12일 21시,수요일,광주광역시 북구 신안동,경상사고,0,0,3,0,차대차 - 추돌 - 주정차중,안전운전불이행,건조,맑음,단일로 - 기타,승용,여,42세,경상,승용,남,62세,경상
2012091200100516,2012년 9월 12일 21시,수요일,광주광역시 북구 삼각동,중상사고,0,1,0,0,차대차 - 측면직각충돌,신호위반,건조,맑음,교차로 - 교차로안,승합,여,54세,상해없음,이륜,남,42세,중상
2012091200100545,2012년 9월 12일 22시,수요일,광주광역시 동구 금남로5가,경상사고,0,0,3,0,차대차 - 추돌 - 진행중,안전운전불이행,건조,맑음,교차로 - 교차로부근,승용,여,52세,상해없음,승용,남,48세,경상
2012091200100546,2012년 9월 12일 22시,수요일,광주광역시 서구 치평동,중상사고,0,1,3,0,차대차 - 측면직각충돌,신호위반,건조,맑음,교차로 - 교차로안,승용,남,45세,경상,승용,남,59세,경상
2012091200100547,2012년 9월 12일 22시,수요일,광주광역시 북구 운암동,중상사고,0,1,1,0,차대사람 - 차도통행중,안전운전불이행,건조,맑음,단일로 - 기타,자전거,남,40세,경상,보행자,여,60세,중상
2012091300100029,2012년 9월 13일 01시,목요일,광주광역시 서구 치평동,경상사고,0,0,1,0,차대차 - 측면직각충돌,신호위반,건조,맑음,교차로 - 교차로안,승용,남,33세,상해없음,승용,남,33세,경상
2012091300100037,2012년 9월 13일 02시,목요일,광주광역시 동구 서석동,경상사고,0,0,2,0,차대사람 - 기타,안전운전불이행,건조,맑음,교차로 - 교차로부근,승용,남,20세,상해없음,보행자,남,21세,경상
2012091300100076,2012년 9월 13일 05시,목요일,광주광역시 광산구 운남동,사망사고,1,0,0,0,차대차 - 측면직각충돌,불법유턴,건조,맑음,단일로 - 횡단보도상,자전거,남,81세,사망,특수,남,39세,상해없음
2012091300100091,2012년 9월 13일 06시,목요일,광주광역시 남구 백운동,경상사고,0,0,1,0,차대차 - 기타,교차로운행방법위반,건조,맑음,단일로 - 기타,승용,남,24세,상해없음,승용,남,74세,경상
2012091300100092,2012년 9월 13일 06시,목요일,광주광역시 북구 양산동,경상사고,0,0,1,0,차대차 - 측면직각충돌,신호위반,건조,맑음,교차로 - 교차로안,원동기,남,75세,경상,승용,남,51세,상해없음
2012091300100093,2012년 9월 13일 06시,목요일,광주광역시 북구 매곡동,경상사고,0,0,1,0,차대차 - 측면직각충돌,안전거리미확보,건조,맑음,단일로 - 기타,자전거,여,22세,경상,승용,남,40세,상해없음
2012091300100094,2012년 9월 13일 06시,목요일,광주광역시 광산구 월계동,경상사고,0,0,1,0,차대차 - 추돌 - 진행중,안전운전불이행,건조,맑음,단일로 - 기타,승용,여,29세,상해없음,화물,남,53세,경상