사고번호,사고일시,요일,시군구,사고내용,사망자수,중상자수,경상자수,부상신고자수,사고유형,법규위반,노면상태,기상상태,도로형태,가해운전자 차종,가해운전자 성별,가해운전자 연령,가해운전자 상해정도,피해운전자 차종,피해운전자 성별,피해운전자 연령,피해운전자 상해정도
2012100300100516,2012년 10월 3일 22시,수요일,광주광역시 북구 유동,경상사고,0,0,1,0,차대차 - 측면직각충돌,안전거리미확보,건조,맑음,단일로 - 기타,승용,남,26세,상해없음,승용,남,51세,상해없음
2012100400100020,2012년 10월 4일 01시,목요일,광주광역시 광산구 우산동,경상사고,0,0,1,0,차대사람 - 차도통행중,안전운전불이행,건조,맑음,교차로 - 교차로안,승용,남,31세,상해없음,보행자,남,32세,경상
2012100400100039,2012년 10월 4일 04시,목요일,광주광역시 북구 오치동,경상사고,0,0,2,0,차대차 - 측면직각충돌,신호위반,건조,맑음,교차로 - 교차로안,승용,남,23세,상해없음,승합,남,38세,경상
2012100400100064,2012년 10월 4일 06시,목요일,광주광역시 북구 신안동,중상사고,0,1,0,0,차대차 - 측면직각충돌,교차로운행방법위반,건조,맑음,교차로 - 교차로안,화물,남,53세,상해없음,자전거,남,21세,중상
2012100400100087,2012년 10월 4일 07시,목요일,광주광역시 북구 문흥동,경상사고,0,0,2,0,차대차 - 측면직각충돌,교차로운행방법위반,건조,맑음,교차로 - 교차로안,승용,남,66세,상해없음,승용,여,42세,경상
2012100400100125,2012년 10월 4일 08시,목요일,광주광역시 북구 오치동,경상사고,0,0,5,0,차대차 - 추돌 - 진행중,안전거리미확보,건조,맑음,단일로 - 기타,승용,여,26세,경상,승합,남,65세,경상
2012100400100181,2012년 10월 4일 10시,목요일,광주광역시 서구 금호동,중상사고,0,1,0,0,차대차 - 추돌 - 진행중,안전운전불이행,건조,맑음,교차로 - 교차로안,화물,남,50세,상해없음,승용,남,40세,중상
2012100400100246,2012년 10월 4일 13시,목요일,광주광역시 북구 매곡동,경상사고,0,0,1,0,차대차 - 기타,안전운전불이행,건조,맑음,교차로 - 교차로부근,화물,여,46세,상해없음,자전거,남,73세,경상
2012100400100247,2012년 10월 4일 13시,목요일,광주광역시 북구 문흥동,경상사고,0,0,1,0,차대차 - 측면직각충돌,안전운전불이행,건조,맑음,교차로 - 교차로부근,승용,여,59세,상해없음,승용,남,30세,경상
2012100400100325,2012년 10월 4일 15시,목요일,광주광역시 동구 서석동,경상사고,0,0,2,0,차대차 - 추돌 - 주정차중,안전운전불이행,건조,맑음,단일로 - 기타,승용,남,36세,상해없음,승용,남,36세,경상
2012100400100343,2012년 10월 4일 16시,목요일,광주광역시 동구 불로동,경상사고,0,0,1,0,차대차 - 기타,신호위반,건조,맑음,교차로 - 교차로안,자전거,남,60세,경상,승용,여,62세,상해없음
2012100400100381,2012년 10월 4일 17시,목요일,광주광역시 남구 주월동,경상사고,0,0,1,0,차대차 - 추돌 - 진행중,안전운전불이행,건조,맑음,교차로 - 교차로부근,승용,남,44세,기타불명,승용,여,34세,경상
2012100400100481,2012년 10월 4일 19시,목요일,광주광역시 광산구 수완동,경상사고,0,0,3,0,차대차 - 추돌 - 주정차중,안전운전불이행,건조,맑음,단일로 - 기타,승용,남,42세,기타불명,승용,남,38세,경상
2012100400100530,2012년 10월 4일 21시,목요일,광주광역시 서구 화정동,경상사고,0,0,1,0,차대차 - 기타,안전운전불이행,건조,맑음,교차로 - 교차로안,승용,여,50세,상해없음,자전거,남,42세,경상
2012100400100531,2012년 10월 4일 21시,목요일,광주광역시 북구 유동,경상사고,0,0,1,0,차대차 - 추돌 - 진행중,안전운전불이행,건조,맑음,교차로 - 교차로부근,승용,여,42세,상해없음,자전거,남,42세,경상
2012100400100532,2012년 10월 4일 21시,목요일,광주광역시 광산구 신가동,경상사고,0,0,3,0,차대차 - 기타,신호위반,건조,맑음,교차로 - 교차로안,승용,남,30세,상해없음,승용,남,31세,경상
2012100400100533,2012년 10월 4일 21시,목요일,광주광역시 광산구 우산동,경상사고,0,0,1,0,차대차 - 측면직각충돌,안전거리미확보,건조,맑음,단일로 - 기타,승용,남,63세,상해없음,승용,남,32세,경상
2012100400100561,2012년 10월 4일 22시,목요일,광주광역시 동구 학동,경상사고,0,0,1,0,차대사람 - 기타,안전운전불이행,건조,맑음,단일로 - 기타,승용,여,46세,상해없음,보행자,남,52세,경상
2012100500100043,2012년 10월 5일 03시,금요일,광주광역시 북구 문흥동,중상사고,0,2,0,0,차대차 - 기타,안전운전불이행,건조,맑음,단일로 - 기타,승용,남,42세,상해없음,승용,남,50세,중상
2012100500100046,2012년 10월 5일 03시,금요일,광주광역시 서구 풍암동,경상사고,0,0,1,0,차대차 - 측면직각충돌,신호위반,습기,안개,교차로 - 교차로안,화물,남,59세,상해없음,승용,여,52세,경상
2012100500100163,2012년 10월 5일 09시,금요일,광주광역시 서구 화정동,경상사고,0,0,1,0,차대사람 - 길가장자리구역통행중,안전운전불이행,건조,맑음,단일로 - 기타,승용,남,73세,상해없음,보행자,여,26세,경상
2012100500100189,2012년 10월 5일 10시,금요일,광주광역시 광산구 도산동,중상사고,0,1,0,0,차대사람 - 보도통행중,중앙선침범,건조,맑음,단일로 - 기타,승용,남,45세,상해없음,보행자,여,92세,중상
2012100500100258,2012년 10월 5일 13시,금요일,광주광역시 남구 사동,경상사고,0,0,6,0,차대차 - 정면충돌,교차로운행방법위반,건조,맑음,교차로 - 교차로안,승용,여,30세,경상,승용,여,22세,경상
2012100500100259,2012년 10월 5일 13시,금요일,광주광역시 광산구 장덕동,부상신고사고,0,0,0,1,차량단독 - 공작물충돌,안전운전불이행,건조,맑음,단일로 - 기타,승용,여,57세,부상신고,,,,
2012100500100284,2012년 10월 5일 14시,금요일,광주광역시 남구 봉선동,경상사고,0,0,3,0,차대차 - 측면직각충돌,안전운전불이행,건조,맑음,단일로 - 기타,승용,여,53세,경상,승용,여,39세,경상
2012100500100309,2012년 10월 5일 15시,금요일,광주광역시 광산구 장덕동,경상사고,0,0,3,0,차대차 - 측면직각충돌,신호위반,건조,맑음,교차로 - 교차로부근,승용,여,38세,경상,승용,여,35세,경상
2012100500100419,2012년 10월 5일 18시,금요일,광주광역시 북구 용두동,경상사고,0,0,2,0,차대차 - 측면직각충돌,교차로운행방법위반,건조,맑음,교차로 - 교차로안,승용,남,39세,상해없음,승용,남,33세,경상
2012100500100420,2012년 10월 5일 18시,금요일,광주광역시 광산구 신가동,경상사고,0,0,1,0,차대사람 - 횡단중,보행자보호의무위반,건조,맑음,단일로 - 횡단보도상,승용,남,23세,상해없음,보행자,여,6세,경상
2012100500100461,2012년 10월 5일 19시,금요일,광주광역시 광산구 송정동,경상사고,0,0,1,0,차대차 - 추돌 - 진행중,안전운전불이행,건조,맑음,교차로 - 교차로안,원동기,남,17세,경상,승용,남,47세,상해없음
2012100500100494,2012년 10월 5일 20시,금요일,광주광역시 남구 진월동,경상사고,0,0,6,0,차대차 - 측면직각충돌,안전운전불이행,건조,맑음,단일로 - 기타,승용,여,67세,경상,승합,남,56세,경상
2012100500100495,2012년 10월 5일 20시,금요일,광주광역시 북구 용봉동,경상사고,0,0,1,0,차대사람 - 길가장자리구역통행중,안전운전불이행,건조,맑음,단일로 - 기타,승용,여,26세,상해없음,보행자,남,25세,경상
2012100500100496,2012년 10월 5일 20시,금요일,광주광역시 광산구 흑석동,경상사고,0,0,1,0,차대사람 - 보도통행중,안전운전불이행,건조,맑음,단일로 - 기타,자전거,여,21세,상해없음,보행자,여,54세,경상
2012100500100532,2012년 10월 5일 21시,금요일,광주광역시 남구 양림동,경상사고,0,0,2,0,차대차 - 추돌 - 주정차중,안전운전불이행,건조,맑음,단일로 - 기타,승용,남,56세,상해없음,승용,남,29세,경상
2012100500100555,2012년 10월 5일 22시,금요일,광주광역시 북구 동림동,경상사고,0,0,4,0,차대차 - 추돌 - 진행중,안전거리미확보,건조,맑음,단일로 - 기타,화물,남,39세,상해없음,승용,여,40세,경상
2012100500100585,2012년 10월 5일 23시,금요일,광주광역시 북구 오치동,경상사고,0,0,1,0,차대사람 - 기타,안전운전불이행,건조,맑음,단일로 - 기타,승용,남,41세,상해없음,보행자,남,20세,경상
2012100500100586,2012년 10월 5일 23시,금요일,광주광역시 광산구 수완동,경상사고,0,0,3,0,차대차 - 측면직각충돌,안전운전불이행,건조,맑음,미분류 - 미분류,승용,남,32세,경상,승용,남,41세,상해없음
2012100600100071,2012년 10월 6일 03시,토요일,광주광역시 서구 치평동,경상사고,0,0,4,1,차대차 - 측면직각충돌,교차로운행방법위반,건조,맑음,교차로 - 교차로안,승용,여,43세,경상,승용,남,27세,경상
2012100600100079,2012년 10월 6일 04시,토요일,광주광역시 광산구 신가동,경상사고,0,0,2,0,차대차 - 기타,안전거리미확보,건조,맑음,교차로 - 교차로안,승용,남,16세,상해없음,승용,남,41세,경상
2012100600100133,2012년 10월 6일 07시,토요일,광주광역시 북구 중흥동,경상사고,0,0,1,0,차대차 - 추돌 - 주정차중,안전운전불이행,건조,맑음,단일로 - 기타,승용,남,26세,상해없음,승용,여,46세,경상
2012100600100157,2012년 10월 6일 08시,토요일,광주광역시 광산구 도천동,경상사고,0,0,1,0,차대사람 - 횡단중,신호위반,건조,맑음,단일로 - 횡단보도상,승용,기타불명,기타불명,기타불명,보행자,남,39세,경상
2012100600100223,2012년 10월 6일 11시,토요일,광주광역시 남구 승촌동,중상사고,0,2,0,0,차대차 - 측면직각충돌,교차로운행방법위반,건조,맑음,교차로 - 교차로부근,자전거,남,72세,중상,자전거,남,72세,중상
2012100600100285,2012년 10월 6일 13시,토요일,광주광역시 서구 치평동,경상사고,0,0,1,0,차대차 - 측면직각충돌,안전거리미확보,건조,맑음,교차로 - 교차로안,승용,남,48세,상해없음,승용,여,52세,경상
2012100600100286,2012년 10월 6일 13시,토요일,광주광역시 북구 문흥동,경상사고,0,0,1,0,차대사람 - 횡단중,안전운전불이행,건조,맑음,단일로 - 기타,화물,남,53세,상해없음,보행자,남,24세,경상
2012100600100287,2012년 10월 6일 13시,토요일,광주광역시 광산구 신가동,경상사고,0,0,1,0,차대차 - 추돌 - 진행중,안전운전불이행,건조,맑음,미분류 - 미분류,승용,남,40세,상해없음,승용,여,39세,경상
2012100600100315,2012년 10월 6일 14시,토요일,광주광역시 광산구 선암동,중상사고,0,1,0,0,차대차 - 측면직각충돌,중앙선침범,건조,맑음,교차로 - 교차로부근,화물,남,53세,상해없음,자전거,여,53세,중상
2012100600100339,2012년 10월 6일 15시,토요일,광주광역시 남구 월산동,중상사고,0,1,1,0,차대차 - 기타,안전거리미확보,건조,맑음,단일로 - 기타,건설기계,남,47세,상해없음,승용,남,34세,경상
2012100600100340,2012년 10월 6일 15시,토요일,광주광역시 북구 중흥동,중상사고,0,1,1,0,차대차 - 측면직각충돌,안전운전불이행,건조,맑음,교차로 - 교차로안,승용,남,59세,상해없음,원동기,남,23세,중상
2012100600100371,2012년 10월 6일 16시,토요일,광주광역시 광산구 흑석동,중상사고,0,1,0,0,차대차 - 측면직각충돌,안전거리미확보,건조,맑음,단일로 - 기타,원동기,남,63세,중상,승용,남,38세,상해없음
2012100600100372,2012년 10월 6일 16시,토요일,광주광역시 광산구 산월동,경상사고,0,0,5,1,차대차 - 측면직각충돌,교차로운행방법위반,건조,맑음,교차로 - 교차로안,승용,여,39세,경상,승용,여,30세,경상
2012100600100406,2012년 10월 6일 17시,토요일,광주광역시 남구 월산동,경상사고,0,0,1,0,차대사람 - 기타,신호위반,건조,맑음,단일로 - 횡단보도상,승용,남,41세,상해없음,보행자,여,7세,경상
2012100600100407,2012년 10월 6일 17시,토요일,광주광역시 북구 운암동,중상사고,0,1,0,0,차대차 - 측면직각충돌,신호위반,건조,맑음,교차로 - 교차로안,승용,남,47세,상해없음,원동기,남,45세,중상
2012100600100462,2012년 10월 6일 18시,토요일,광주광역시 북구 양산동,중상사고,0,1,0,0,차대차 - 기타,안전운전불이행,건조,맑음,단일로 - 기타,승용,여,25세,상해없음,이륜,남,50세,중상
2012100600100497,2012년 10월 6일 19시,토요일,광주광역시 서구 매월동,경상사고,0,0,1,0,차대차 - 기타,안전거리미확보,건조,맑음,단일로 - 기타,화물,남,24세,상해없음,승용,여,55세,경상
2012100600100522,2012년 10월 6일 20시,토요일,광주광역시 서구 치평동,경상사고,0,0,2,0,차대차 - 측면직각충돌,안전운전불이행,건조,맑음,교차로 - 교차로안,승용,여,50세,상해없음,승용,남,32세,경상
2012100600100523,2012년 10월 6일 20시,토요일,광주광역시 광산구 월계동,중상사고,0,1,0,0,차대사람 - 차도통행중,안전운전불이행,건조,맑음,단일로 - 기타,원동기,남,16세,상해없음,보행자,여,51세,중상
2012100600100589,2012년 10월 6일 22시,토요일,광주광역시 서구 농성동,부상신고사고,0,0,0,1,차대차 - 기타,안전거리미확보,건조,맑음,단일로 - 기타,원동기,남,16세,부상신고,승용,남,55세,상해없음
2012100600100590,2012년 10월 6일 22시,토요일,광주광역시 광산구 수완동,중상사고,0,1,1,0,차대차 - 측면직각충돌,신호위반,건조,맑음,교차로 - 교차로안,승용,남,44세,상해없음,승용,남,57세,상해없음
2012100600100629,2012년 10월 6일 23시,토요일,광주광역시 남구 방림동,중상사고,0,2,0,0,차대사람 - 횡단중,신호위반,건조,맑음,단일로 - 횡단보도상,승용,남,42세,상해없음,보행자,여,42세,중상
2012100600100630,2012년 10월 6일 23시,토요일,광주광역시 북구 용봉동,경상사고,0,0,2,0,차대차 - 추돌 - 진행중,안전거리미확보,건조,맑음,단일로 - 기타,기타불명,기타불명,기타불명,기타불명,승용,남,33세,경상
2012100600100631,2012년 10월 6일 23시,토요일,광주광역시 광산구 월곡동,경상사고,0,0,1,0,차대차 - 측면직각충돌,차로위반,건조,맑음,단일로 - 기타,승용,남,55세,상해없음,원동기,남,16세,경상
2012100700100019,2012년 10월 7일 00시,일요일,광주광역시 북구 유동,중상사고,0,2,0,0,차대차 - 기타,신호위반,건조,맑음,단일로 - 기타,승용,남,41세,상해없음,승용,남,49세,중상
2012100700100061,2012년 10월 7일 04시,일요일,광주광역시 북구 임동,부상신고사고,0,0,0,1,차대사람 - 기타,안전운전불이행,건조,맑음,단일로 - 기타,승용,남,44세,상해없음,보행자,남,30세,부상신고
2012100700100074,2012년 10월 7일 05시,일요일,광주광역시 서구 치평동,경상사고,0,0,2,0,차대차 - 측면직각충돌,안전운전불이행,건조,맑음,단일로 - 기타,승용,여,46세,상해없음,승용,남,19세,경상
2012100700100170,2012년 10월 7일 11시,일요일,광주광역시 서구 금호동,경상사고,0,0,1,0,차대사람 - 기타,안전운전불이행,건조,맑음,단일로 - 기타,이륜,남,53세,상해없음,보행자,여,6세,경상
2012100700100233,2012년 10월 7일 14시,일요일,광주광역시 남구 주월동,경상사고,0,0,2,0,차대차 - 측면직각충돌,신호위반,건조,맑음,교차로 - 교차로안,승용,여,59세,상해없음,승용,남,50세,경상
2012100700100263,2012년 10월 7일 15시,일요일,광주광역시 광산구 수완동,경상사고,0,0,4,0,차대차 - 측면직각충돌,안전운전불이행,건조,맑음,단일로 - 기타,승용,여,46세,상해없음,승용,여,38세,경상
2012100700100299,2012년 10월 7일 16시,일요일,광주광역시 동구 산수동,중상사고,0,1,0,0,차대사람 - 횡단중,안전운전불이행,건조,맑음,단일로 - 기타,승용,여,67세,상해없음,보행자,남,8세,중상
2012100700100361,2012년 10월 7일 18시,일요일,광주광역시 동구 계림동,경상사고,0,0,1,0,차대차 - 기타,안전운전불이행,건조,맑음,단일로 - 기타,승용,남,19세,상해없음,승용,여,49세,기타불명
2012100700100362,2012년 10월 7일 18시,일요일,광주광역시 남구 양과동,경상사고,0,0,1,0,차대차 - 측면직각충돌,안전거리미확보,건조,맑음,기타 - 기타,승용,여,52세,경상,화물,남,54세,상해없음
2012100700100363,2012년 10월 7일 18시,일요일,광주광역시 북구 운암동,경상사고,0,0,1,0,차대차 - 추돌 - 주정차중,안전거리미확보,건조,맑음,단일로 - 기타,승용,남,47세,상해없음,승용,남,42세,경상
2012100700100364,2012년 10월 7일 18시,일요일,광주광역시 북구 두암동,경상사고,0,0,1,0,차대사람 - 길가장자리구역통행중,안전운전불이행,건조,맑음,단일로 - 기타,승용,여,28세,상해없음,보행자,여,15세,경상
2012100700100365,2012년 10월 7일 18시,일요일,광주광역시 광산구 신창동,중상사고,0,1,0,0,차대차 - 추돌 - 진행중,안전거리미확보,건조,맑음,교차로 - 교차로부근,자전거,남,14세,중상,승용,남,24세,상해없음
2012100700100391,2012년 10월 7일 19시,일요일,광주광역시 동구 운림동,경상사고,0,0,2,0,차대차 - 기타,신호위반,건조,기타,교차로 - 교차로안,자전거,남,17세,경상,이륜,남,35세,경상
2012100700100445,2012년 10월 7일 21시,일요일,광주광역시 광산구 선암동,중상사고,0,1,0,0,차대사람 - 횡단중,안전운전불이행,건조,맑음,교차로 - 교차로부근,승용,여,51세,상해없음,보행자,남,46세,중상
2012100700100478,2012년 10월 7일 22시,일요일,광주광역시 광산구 월계동,중상사고,0,1,0,0,차대사람 - 횡단중,신호위반,건조,맑음,교차로 - 교차로안,승용,남,55세,상해없음,보행자,여,16세,중상
2012100800100010,2012년 10월 8일 00시,월요일,광주광역시 서구 쌍촌동,부상신고사고,0,0,0,1,차대사람 - 기타,안전운전불이행,건조,맑음,단일로 - 기타,승용,기타불명,기타불명,기타불명,보행자,여,18세,부상신고
2012100800100025,2012년 10월 8일 01시,월요일,광주광역시 동구 월남동,중상사고,0,1,1,0,차량단독 - 공작물충돌,안전운전불이행,건조,맑음,단일로 - 기타,승용,여,49세,경상,,,,
2012100800100026,2012년 10월 8일 01시,월요일,광주광역시 서구 화정동,경상사고,0,0,2,0,차대사람 - 차도통행중,안전운전불이행,건조,맑음,단일로 - 기타,승용,기타불명,기타불명,기타불명,보행자,남,40세,경상
2012100800100065,2012년 10월 8일 05시,월요일,광주광역시 북구 각화동,사망사고,1,0,0,0,차대사람 - 차도통행중,안전운전불이행,건조,맑음,단일로 - 기타,승용,남,50세,상해없음,보행자,여,80세,사망
2012100800100066,2012년 10월 8일 05시,월요일,광주광역시 북구 임동,경상사고,0,0,1,0,차대차 - 측면직각충돌,신호위반,건조,맑음,교차로 - 교차로안,승용,남,39세,상해없음,승용,남,33세,경상
2012100800100077,2012년 10월 8일 06시,월요일,광주광역시 동구 호남동,경상사고,0,0,2,0,차대차 - 측면직각충돌,신호위반,건조,기타,교차로 - 교차로안,승용,남,26세,상해없음,승용,남,54세,경상
2012100800100078,2012년 10월 8일 06시,월요일,광주광역시 서구 화정동,중상사고,0,1,0,0,차대사람 - 기타,안전운전불이행,건조,맑음,단일로 - 기타,승용,남,59세,상해없음,보행자,여,80세,중상
2012100800100102,2012년 10월 8일 07시,월요일,광주광역시 서구 풍암동,경상사고,0,0,1,0,차대차 - 기타,안전운전불이행,건조,맑음,교차로 - 교차로안,화물,남,46세,상해없음,승용,여,35세,경상
2012100800100103,2012년 10월 8일 07시,월요일,광주광역시 광산구 우산동,중상사고,0,1,0,0,차대사람 - 횡단중,보행자보호의무위반,건조,맑음,단일로 - 횡단보도상,승용,남,53세,상해없음,보행자,여,53세,중상
2012100800100140,2012년 10월 8일 08시,월요일,광주광역시 서구 마륵동,경상사고,0,0,1,0,차대차 - 기타,안전운전불이행,건조,맑음,단일로 - 기타,승용,여,34세,상해없음,승용,남,58세,경상
2012100800100141,2012년 10월 8일 08시,월요일,광주광역시 서구 금호동,경상사고,0,0,1,0,차대차 - 측면직각충돌,안전운전불이행,건조,맑음,교차로 - 교차로부근,특수,남,34세,상해없음,자전거,남,13세,경상
2012100800100171,2012년 10월 8일 09시,월요일,광주광역시 서구 마륵동,중상사고,0,1,1,0,차대차 - 추돌 - 주정차중,안전운전불이행,건조,맑음,단일로 - 기타,화물,남,22세,상해없음,특수,남,38세,상해없음
2012100800100172,2012년 10월 8일 09시,월요일,광주광역시 북구 양산동,경상사고,0,0,2,0,차대차 - 측면직각충돌,교차로운행방법위반,건조,맑음,교차로 - 교차로안,승용,남,41세,경상,승용,여,21세,경상
2012100800100197,2012년 10월 8일 10시,월요일,광주광역시 서구 풍암동,경상사고,0,0,3,0,차대차 - 기타,안전운전불이행,건조,맑음,교차로 - 교차로안,승용,남,60세,경상,화물,남,28세,경상
2012100800100198,2012년 10월 8일 10시,월요일,광주광역시 서구 치평동,경상사고,0,0,1,0,차대차 - 측면직각충돌,신호위반,건조,맑음,단일로 - 기타,승용,남,58세,상해없음,승용,여,51세,경상
2012100800100199,2012년 10월 8일 10시,월요일,광주광역시 북구 임동,경상사고,0,0,1,0,차대사람 - 차도통행중,안전운전불이행,건조,맑음,단일로 - 기타,승용,남,30세,상해없음,보행자,여,57세,경상
2012100800100225,2012년 10월 8일 11시,월요일,광주광역시 서구 금호동,경상사고,0,0,1,0,차대차 - 기타,안전거리미확보,건조,맑음,단일로 - 기타,승용,남,55세,상해없음,승용,여,30세,경상
2012100800100226,2012년 10월 8일 11시,월요일,광주광역시 남구 진월동,경상사고,0,0,3,0,차대차 - 기타,안전거리미확보,건조,맑음,단일로 - 기타,승용,남,77세,상해없음,화물,남,62세,경상
2012100800100257,2012년 10월 8일 12시,월요일,광주광역시 서구 서창동,경상사고,0,0,2,0,차대차 - 기타,안전운전불이행,건조,맑음,단일로 - 기타,승용,여,28세,상해없음,승용,여,47세,경상
2012100800100293,2012년 10월 8일 13시,월요일,광주광역시 광산구 송정동,경상사고,0,0,1,0,차대차 - 측면직각충돌,교차로운행방법위반,건조,맑음,교차로 - 교차로안,원동기,남,28세,경상,승용,남,40세,상해없음
2012100800100330,2012년 10월 8일 14시,월요일,광주광역시 서구 화정동,중상사고,0,1,0,0,차대차 - 측면직각충돌,안전운전불이행,건조,맑음,단일로 - 터널,기타불명,기타불명,기타불명,기타불명,이륜,여,54세,중상
2012100800100398,2012년 10월 8일 16시,월요일,광주광역시 광산구 신창동,경상사고,0,0,1,0,차대차 - 추돌 - 진행중,안전운전불이행,건조,맑음,단일로 - 기타,승용,남,35세,상해없음,승용,여,47세,경상
2012100800100482,2012년 10월 8일 18시,월요일,광주광역시 북구 중흥동,경상사고,0,0,1,0,차대차 - 측면직각충돌,안전운전불이행,건조,맑음,교차로 - 교차로안,이륜,남,65세,경상,승용,남,28세,상해없음
2012100800100483,2012년 10월 8일 18시,월요일,광주광역시 광산구 도산동,부상신고사고,0,0,0,1,차대차 - 추돌 - 진행중,안전운전불이행,건조,맑음,단일로 - 기타,원동기,남,16세,부상신고,승용,남,32세,상해없음
2012100800100515,2012년 10월 8일 19시,월요일,광주광역시 동구 학동,경상사고,0,0,1,0,차대차 - 추돌 - 주정차중,안전운전불이행,건조,맑음,교차로 - 교차로안,화물,남,51세,상해없음,이륜,남,19세,경상
2012100800100516,2012년 10월 8일 19시,월요일,광주광역시 서구 매월동,경상사고,0,0,6,0,차대차 - 추돌 - 주정차중,안전운전불이행,건조,맑음,단일로 - 기타,승용,여,53세,경상,승용,남,37세,경상
2012100800100546,2012년 10월 8일 20시,월요일,광주광역시 남구 백운동,중상사고,0,1,0,0,차대사람 - 횡단중,신호위반,건조,맑음,단일로 - 기타,승용,남,48세,상해없음,보행자,여,54세,중상
2012100800100547,2012년 10월 8일 20시,월요일,광주광역시 북구 운암동,경상사고,0,0,1,0,차대차 - 추돌 - 진행중,안전운전불이행,건조,맑음,단일로 - 기타,승용,여,36세,상해없음,승용,여,43세,경상
2012100800100578,2012년 10월 8일 21시,월요일,광주광역시 북구 용봉동,경상사고,0,0,1,0,차대차 - 추돌 - 주정차중,안전운전불이행,건조,맑음,교차로 - 교차로부근,기타불명,기타불명,기타불명,기타불명,승용,여,27세,경상
2012100800100579,2012년 10월 8일 21시,월요일,광주광역시 광산구 송정동,경상사고,0,0,1,0,차대사람 - 횡단중,안전운전불이행,건조,맑음,교차로 - 교차로부근,승용,남,42세,상해없음,보행자,남,13세,경상
2012100800100580,2012년 10월 8일 21시,월요일,광주광역시 광산구 산월동,경상사고,0,0,1,0,차대차 - 추돌 - 진행중,안전운전불이행,건조,맑음,교차로 - 교차로부근,승용,남,50세,기타불명,승용,남,40세,경상
2012100800100627,2012년 10월 8일 23시,월요일,광주광역시 북구 중흥동,경상사고,0,0,1,0,차대차 - 기타,안전운전불이행,건조,맑음,단일로 - 기타,승용,여,54세,상해없음,승용,남,32세,경상
2012100900100042,2012년 10월 9일 03시,화요일,광주광역시 북구 우산동,중상사고,0,1,0,0,차대차 - 측면직각충돌,안전운전불이행,건조,맑음,교차로 - 교차로부근,승용,남,28세,상해없음,승용,남,58세,기타불명
2012100900100091,2012년 10월 9일 07시,화요일,광주광역시 서구 풍암동,경상사고,0,0,1,0,차대사람 - 차도통행중,안전운전불이행,건조,맑음,교차로 - 교차로안,기타불명,기타불명,기타불명,기타불명,보행자,남,18세,경상
2012100900100092,2012년 10월 9일 07시,화요일,광주광역시 북구 임동,경상사고,0,0,2,0,차대차 - 측면직각충돌,신호위반,건조,맑음,교차로 - 교차로안,승용,남,37세,상해없음,승용,남,52세,경상
2012100900100143,2012년 10월 9일 08시,화요일,광주광역시 서구 양동,경상사고,0,0,2,0,차대차 - 측면직각충돌,교차로운행방법위반,건조,맑음,교차로 - 교차로안,승용,남,40세,경상,승용,남,30세,경상
2012100900100144,2012년 10월 9일 08시,화요일,광주광역시 북구 오치동,경상사고,0,0,1,0,차대차 - 기타,교차로운행방법위반,건조,맑음,교차로 - 교차로안,화물,남,36세,상해없음,승용,남,53세,경상
2012100900100145,2012년 10월 9일 08시,화요일,광주광역시 북구 두암동,중상사고,0,1,0,0,차대차 - 측면직각충돌,신호위반,건조,맑음,교차로 - 교차로안,자전거,여,46세,중상,승용,남,71세,상해없음
2012100900100180,2012년 10월 9일 09시,화요일,광주광역시 서구 치평동,경상사고,0,0,1,0,차대차 - 측면직각충돌,안전운전불이행,건조,맑음,단일로 - 기타,화물,남,62세,상해없음,승용,남,47세,경상
2012100900100247,2012년 10월 9일 12시,화요일,광주광역시 남구 진월동,경상사고,0,0,2,0,차대차 - 기타,안전거리미확보,건조,맑음,기타 - 기타,승용,여,22세,상해없음,승용,여,41세,경상
2012100900100248,2012년 10월 9일 12시,화요일,광주광역시 북구 운암동,경상사고,0,0,1,0,차대차 - 기타,안전운전불이행,건조,맑음,단일로 - 기타,승용,남,31세,상해없음,승용,여,40세,경상
2012100900100249,2012년 10월 9일 12시,화요일,광주광역시 광산구 장록동,중상사고,0,2,0,0,차대차 - 측면직각충돌,교차로운행방법위반,건조,맑음,교차로 - 교차로안,승용,남,36세,중상,화물,남,50세,중상
2012100900100335,2012년 10월 9일 15시,화요일,광주광역시 북구 운암동,경상사고,0,0,2,0,차대차 - 추돌 - 진행중,안전거리미확보,건조,맑음,교차로 - 교차로부근,화물,남,40세,상해없음,승용,남,49세,경상
2012100900100411,2012년 10월 9일 17시,화요일,광주광역시 남구 방림동,사망사고,1,0,0,0,차대사람 - 횡단중,보행자보호의무위반,건조,맑음,단일로 - 기타,건설기계,남,30세,상해없음,보행자,여,77세,사망
2012100900100461,2012년 10월 9일 18시,화요일,광주광역시 서구 치평동,경상사고,0,0,1,0,차대차 - 측면직각충돌,안전운전불이행,건조,맑음,교차로 - 교차로안,기타불명,기타불명,기타불명,기타불명,자전거,남,58세,경상
2012100900100462,2012년 10월 9일 18시,화요일,광주광역시 서구 치평동,경상사고,0,0,2,0,차대차 - 기타,안전거리미확보,건조,맑음,기타 - 기타,승용,여,40세,상해없음,승용,남,56세,경상