사고번호,사고일시,요일,시군구,사고내용,사망자수,중상자수,경상자수,부상신고자수,사고유형,법규위반,노면상태,기상상태,도로형태,가해운전자 차종,가해운전자 성별,가해운전자 연령,가해운전자 상해정도,피해운전자 차종,피해운전자 성별,피해운전자 연령,피해운전자 상해정도
2012100900100463,2012년 10월 9일 18시,화요일,광주광역시 북구 중흥동,경상사고,0,0,1,0,차대사람 - 횡단중,보행자보호의무위반,건조,맑음,단일로 - 횡단보도상,승용,남,36세,상해없음,보행자,남,8세,경상
2012100900100464,2012년 10월 9일 18시,화요일,광주광역시 북구 두암동,경상사고,0,0,2,0,차대차 - 추돌 - 주정차중,안전거리미확보,건조,맑음,교차로 - 교차로부근,승용,여,59세,상해없음,승용,남,44세,경상
2012100900100507,2012년 10월 9일 19시,화요일,광주광역시 북구 신안동,경상사고,0,0,1,0,차대차 - 측면직각충돌,안전운전불이행,건조,맑음,단일로 - 기타,승용,남,62세,상해없음,이륜,남,32세,경상
2012100900100539,2012년 10월 9일 20시,화요일,광주광역시 북구 양산동,경상사고,0,0,1,0,차대차 - 기타,안전운전불이행,건조,맑음,단일로 - 기타,승용,남,56세,상해없음,승용,여,38세,경상
2012100900100580,2012년 10월 9일 21시,화요일,광주광역시 북구 운암동,경상사고,0,0,1,0,차대사람 - 횡단중,안전운전불이행,건조,맑음,교차로 - 교차로안,화물,남,42세,상해없음,보행자,남,70세,경상
2012100900100581,2012년 10월 9일 21시,화요일,광주광역시 북구 두암동,경상사고,0,0,1,0,차대차 - 추돌 - 주정차중,안전운전불이행,기타,기타,단일로 - 기타,승용,남,54세,상해없음,원동기,남,28세,경상
2012100900100624,2012년 10월 9일 23시,화요일,광주광역시 북구 오치동,경상사고,0,0,1,0,차대차 - 기타,안전운전불이행,건조,맑음,단일로 - 기타,특수,남,28세,상해없음,승용,여,47세,경상
2012100900100625,2012년 10월 9일 23시,화요일,광주광역시 광산구 신가동,중상사고,0,1,0,0,차대차 - 측면직각충돌,차로위반,건조,맑음,단일로 - 기타,승용,남,31세,상해없음,이륜,남,16세,중상
2012101000100016,2012년 10월 10일 00시,수요일,광주광역시 서구 쌍촌동,경상사고,0,0,1,0,차대차 - 측면직각충돌,교차로운행방법위반,건조,흐림,교차로 - 교차로안,화물,남,58세,상해없음,승용,남,25세,경상
2012101000100050,2012년 10월 10일 04시,수요일,광주광역시 북구 오치동,경상사고,0,0,3,0,차대차 - 측면직각충돌,중앙선침범,건조,맑음,교차로 - 교차로부근,승용,남,34세,상해없음,승용,남,29세,경상
2012101000100064,2012년 10월 10일 05시,수요일,광주광역시 광산구 산월동,중상사고,0,1,0,0,차대차 - 추돌 - 진행중,안전운전불이행,건조,맑음,단일로 - 기타,승용,기타불명,기타불명,기타불명,원동기,남,74세,중상
2012101000100086,2012년 10월 10일 06시,수요일,광주광역시 광산구 도산동,경상사고,0,0,1,0,차대차 - 기타,안전운전불이행,건조,맑음,단일로 - 기타,승용,남,43세,상해없음,화물,남,36세,경상
2012101000100106,2012년 10월 10일 07시,수요일,광주광역시 광산구 용동,경상사고,0,0,1,0,차대차 - 측면직각충돌,교차로운행방법위반,건조,맑음,단일로 - 기타,승합,남,60세,기타불명,승용,남,29세,경상
2012101000100146,2012년 10월 10일 08시,수요일,광주광역시 서구 쌍촌동,중상사고,0,1,0,0,차대사람 - 횡단중,신호위반,건조,맑음,단일로 - 횡단보도상,승용,남,68세,상해없음,보행자,남,72세,중상
2012101000100147,2012년 10월 10일 08시,수요일,광주광역시 북구 풍향동,경상사고,0,0,2,0,차대차 - 기타,교차로운행방법위반,건조,맑음,교차로 - 교차로안,승합,남,55세,상해없음,승용,여,54세,상해없음
2012101000100148,2012년 10월 10일 08시,수요일,광주광역시 광산구 쌍암동,경상사고,0,0,2,0,차대차 - 측면직각충돌,신호위반,건조,맑음,교차로 - 교차로안,승용,남,79세,상해없음,승용,남,50세,경상
2012101000100176,2012년 10월 10일 09시,수요일,광주광역시 광산구 장덕동,중상사고,0,1,0,0,차대사람 - 횡단중,보행자보호의무위반,건조,맑음,교차로 - 교차로안,승용,남,27세,상해없음,보행자,남,41세,중상
2012101000100196,2012년 10월 10일 10시,수요일,광주광역시 서구 화정동,경상사고,0,0,1,0,차대차 - 추돌 - 주정차중,안전거리미확보,건조,맑음,단일로 - 기타,승용,남,43세,상해없음,승용,남,52세,상해없음
2012101000100275,2012년 10월 10일 13시,수요일,광주광역시 북구 신안동,중상사고,0,1,0,0,차대사람 - 횡단중,보행자보호의무위반,건조,맑음,교차로 - 교차로안,승용,남,44세,상해없음,보행자,여,45세,중상
2012101000100376,2012년 10월 10일 16시,수요일,광주광역시 북구 중흥동,경상사고,0,0,1,0,차대차 - 측면직각충돌,교차로운행방법위반,건조,맑음,교차로 - 교차로부근,승용,남,49세,상해없음,승용,남,60세,상해없음
2012101000100412,2012년 10월 10일 17시,수요일,광주광역시 서구 금호동,경상사고,0,0,2,0,차대차 - 추돌 - 주정차중,안전운전불이행,건조,맑음,단일로 - 기타,승용,남,37세,상해없음,승용,남,45세,경상
2012101000100473,2012년 10월 10일 18시,수요일,광주광역시 광산구 운남동,경상사고,0,0,1,0,차대차 - 측면직각충돌,교차로운행방법위반,건조,맑음,교차로 - 교차로안,승용,남,37세,상해없음,승용,남,52세,상해없음
2012101000100512,2012년 10월 10일 19시,수요일,광주광역시 서구 내방동,경상사고,0,0,1,0,차대차 - 측면직각충돌,신호위반,건조,맑음,교차로 - 교차로안,승용,여,53세,상해없음,화물,남,43세,경상
2012101000100546,2012년 10월 10일 20시,수요일,광주광역시 서구 풍암동,부상신고사고,0,0,0,1,차대차 - 기타,신호위반,건조,맑음,교차로 - 교차로안,승용,남,74세,상해없음,원동기,남,30세,부상신고
2012101000100547,2012년 10월 10일 20시,수요일,광주광역시 남구 진월동,경상사고,0,0,1,0,차대차 - 추돌 - 진행중,기타,건조,맑음,단일로 - 기타,기타불명,기타불명,기타불명,기타불명,승용,남,56세,경상
2012101000100584,2012년 10월 10일 21시,수요일,광주광역시 서구 쌍촌동,경상사고,0,0,1,0,차대차 - 추돌 - 주정차중,안전거리미확보,건조,맑음,단일로 - 기타,원동기,남,51세,경상,승용,남,49세,상해없음
2012101000100625,2012년 10월 10일 23시,수요일,광주광역시 북구 두암동,경상사고,0,0,3,0,차대차 - 추돌 - 주정차중,안전운전불이행,건조,맑음,교차로 - 교차로부근,승용,남,57세,상해없음,승용,여,36세,경상
2012101000100626,2012년 10월 10일 23시,수요일,광주광역시 광산구 우산동,경상사고,0,0,2,0,차대차 - 추돌 - 진행중,교차로운행방법위반,건조,맑음,교차로 - 교차로부근,승용,남,40세,상해없음,승용,남,39세,경상
2012101100100025,2012년 10월 11일 00시,목요일,광주광역시 광산구 쌍암동,경상사고,0,0,3,0,차대차 - 측면직각충돌,안전거리미확보,건조,맑음,단일로 - 기타,승용,남,46세,상해없음,승용,남,55세,경상
2012101100100048,2012년 10월 11일 01시,목요일,광주광역시 광산구 신창동,경상사고,0,0,1,0,차대사람 - 횡단중,안전운전불이행,건조,맑음,교차로 - 교차로안,승용,남,36세,상해없음,보행자,남,37세,경상
2012101100100071,2012년 10월 11일 03시,목요일,광주광역시 서구 치평동,경상사고,0,0,2,0,차대차 - 측면직각충돌,교차로운행방법위반,건조,맑음,교차로 - 교차로안,승용,남,40세,상해없음,승용,남,54세,상해없음
2012101100100072,2012년 10월 11일 03시,목요일,광주광역시 서구 금호동,경상사고,0,0,1,0,차대차 - 추돌 - 주정차중,안전거리미확보,건조,맑음,교차로 - 교차로부근,승용,남,26세,상해없음,승용,남,38세,경상
2012101100100187,2012년 10월 11일 08시,목요일,광주광역시 서구 농성동,경상사고,0,0,2,0,차대차 - 측면직각충돌,안전거리미확보,건조,맑음,단일로 - 기타,승용,여,56세,상해없음,승용,남,30세,경상
2012101100100188,2012년 10월 11일 08시,목요일,광주광역시 서구 화정동,경상사고,0,0,1,0,차대차 - 기타,안전거리미확보,건조,맑음,단일로 - 기타,승용,기타불명,기타불명,기타불명,이륜,남,28세,경상
2012101100100189,2012년 10월 11일 08시,목요일,광주광역시 남구 진월동,중상사고,0,1,0,0,차대사람 - 기타,안전운전불이행,건조,맑음,교차로 - 교차로부근,승용,여,24세,상해없음,보행자,여,80세,중상
2012101100100190,2012년 10월 11일 08시,목요일,광주광역시 북구 임동,경상사고,0,0,1,0,차대차 - 기타,안전거리미확보,건조,맑음,교차로 - 교차로안,승용,남,47세,상해없음,이륜,남,76세,경상
2012101100100238,2012년 10월 11일 09시,목요일,광주광역시 서구 유촌동,경상사고,0,0,1,0,차대차 - 측면직각충돌,교차로운행방법위반,건조,맑음,교차로 - 교차로안,승용,여,67세,상해없음,화물,남,41세,경상
2012101100100261,2012년 10월 11일 10시,목요일,광주광역시 북구 중흥동,경상사고,0,0,1,0,차대차 - 기타,안전운전불이행,건조,맑음,단일로 - 기타,화물,남,58세,상해없음,자전거,남,58세,경상
2012101100100262,2012년 10월 11일 10시,목요일,광주광역시 광산구 도산동,경상사고,0,0,1,0,차대차 - 기타,안전운전불이행,건조,맑음,교차로 - 교차로부근,승합,남,33세,상해없음,승용,남,32세,경상
2012101100100325,2012년 10월 11일 12시,목요일,광주광역시 동구 광산동,경상사고,0,0,2,0,차대차 - 기타,안전운전불이행,건조,맑음,단일로 - 기타,승용,여,23세,상해없음,승용,남,29세,경상
2012101100100326,2012년 10월 11일 12시,목요일,광주광역시 북구 오치동,경상사고,0,0,1,0,차대차 - 측면직각충돌,안전운전불이행,건조,맑음,교차로 - 교차로안,승용,남,67세,상해없음,이륜,여,49세,경상
2012101100100353,2012년 10월 11일 13시,목요일,광주광역시 서구 내방동,경상사고,0,0,1,0,차대차 - 기타,안전운전불이행,건조,맑음,교차로 - 교차로부근,건설기계,남,47세,상해없음,승용,남,60세,경상
2012101100100354,2012년 10월 11일 13시,목요일,광주광역시 북구 운암동,경상사고,0,0,1,0,차대차 - 측면직각충돌,교차로운행방법위반,건조,맑음,교차로 - 교차로안,승용,여,50세,상해없음,승용,여,58세,경상
2012101100100378,2012년 10월 11일 14시,목요일,광주광역시 광산구 비아동,경상사고,0,0,2,0,차대차 - 기타,교차로운행방법위반,건조,맑음,교차로 - 교차로부근,화물,남,33세,상해없음,승용,남,56세,경상
2012101100100419,2012년 10월 11일 15시,목요일,광주광역시 남구 백운동,경상사고,0,0,1,0,차대차 - 추돌 - 진행중,안전거리미확보,건조,맑음,단일로 - 횡단보도부근,승용,남,22세,상해없음,승합,남,37세,상해없음
2012101100100420,2012년 10월 11일 15시,목요일,광주광역시 북구 문흥동,중상사고,0,1,0,0,차대차 - 측면직각충돌,안전운전불이행,건조,맑음,단일로 - 기타,승용,여,30세,상해없음,원동기,남,17세,중상
2012101100100524,2012년 10월 11일 17시,목요일,광주광역시 서구 광천동,경상사고,0,0,1,0,차대차 - 추돌 - 주정차중,안전운전불이행,건조,맑음,교차로 - 교차로부근,승용,남,44세,상해없음,승용,남,49세,경상
2012101100100576,2012년 10월 11일 18시,목요일,광주광역시 북구 월출동,사망사고,1,0,0,0,차대차 - 기타,안전운전불이행,건조,맑음,교차로 - 교차로안,승용,남,31세,상해없음,자전거,남,30세,사망
2012101100100577,2012년 10월 11일 18시,목요일,광주광역시 광산구 월계동,부상신고사고,0,0,0,1,차대차 - 측면직각충돌,안전운전불이행,건조,맑음,단일로 - 기타,자전거,남,14세,부상신고,승용,남,41세,상해없음
2012101100100611,2012년 10월 11일 19시,목요일,광주광역시 북구 용봉동,중상사고,0,1,0,0,차대차 - 측면직각충돌,안전운전불이행,건조,맑음,교차로 - 교차로안,승용,남,37세,상해없음,원동기,남,17세,중상
2012101100100654,2012년 10월 11일 20시,목요일,광주광역시 광산구 운남동,경상사고,0,0,1,0,차대차 - 측면직각충돌,안전운전불이행,건조,맑음,단일로 - 횡단보도상,승용,여,44세,상해없음,자전거,여,33세,경상
2012101100100678,2012년 10월 11일 21시,목요일,광주광역시 서구 유촌동,경상사고,0,0,1,0,차대차 - 측면직각충돌,교차로운행방법위반,건조,맑음,교차로 - 교차로안,승용,여,25세,상해없음,승용,여,31세,경상
2012101100100679,2012년 10월 11일 21시,목요일,광주광역시 남구 봉선동,경상사고,0,0,1,0,차대차 - 추돌 - 진행중,안전거리미확보,건조,맑음,단일로 - 기타,승용,여,50세,상해없음,승용,남,46세,경상
2012101100100680,2012년 10월 11일 21시,목요일,광주광역시 북구 중흥동,경상사고,0,0,1,0,차대사람 - 기타,안전운전불이행,건조,맑음,교차로 - 교차로안,승용,남,57세,상해없음,보행자,여,16세,경상
2012101100100712,2012년 10월 11일 22시,목요일,광주광역시 북구 동림동,경상사고,0,0,2,0,차대차 - 추돌 - 주정차중,안전운전불이행,건조,맑음,단일로 - 횡단보도부근,승용,남,37세,상해없음,승용,남,39세,경상
2012101100100713,2012년 10월 11일 22시,목요일,광주광역시 광산구 산정동,경상사고,0,0,1,0,차대차 - 추돌 - 주정차중,안전운전불이행,건조,맑음,교차로 - 교차로부근,승용,남,27세,상해없음,승용,남,26세,경상
2012101100100744,2012년 10월 11일 23시,목요일,광주광역시 서구 농성동,경상사고,0,0,2,0,차대차 - 기타,안전거리미확보,건조,맑음,교차로 - 교차로부근,승용,남,28세,상해없음,승용,남,50세,경상
2012101100100745,2012년 10월 11일 23시,목요일,광주광역시 광산구 신가동,경상사고,0,0,2,0,차대차 - 추돌 - 진행중,안전운전불이행,건조,맑음,단일로 - 기타,승용,남,26세,상해없음,승용,남,46세,경상
2012101200100034,2012년 10월 12일 01시,금요일,광주광역시 서구 화정동,경상사고,0,0,1,0,차대차 - 정면충돌,안전운전불이행,건조,맑음,단일로 - 기타,승용,남,60세,상해없음,승용,남,53세,상해없음
2012101200100084,2012년 10월 12일 06시,금요일,광주광역시 동구 수기동,중상사고,0,1,1,0,차대차 - 측면직각충돌,신호위반,건조,맑음,교차로 - 교차로안,승용,남,26세,상해없음,승용,남,63세,경상
2012101200100162,2012년 10월 12일 08시,금요일,광주광역시 북구 오치동,경상사고,0,0,1,0,차대차 - 추돌 - 진행중,안전운전불이행,건조,맑음,단일로 - 기타,승용,남,60세,상해없음,승용,남,29세,경상
2012101200100254,2012년 10월 12일 11시,금요일,광주광역시 서구 치평동,경상사고,0,0,4,0,차대차 - 측면직각충돌,안전운전불이행,건조,맑음,교차로 - 교차로안,화물,남,61세,상해없음,승용,여,35세,경상
2012101200100255,2012년 10월 12일 11시,금요일,광주광역시 광산구 신창동,중상사고,0,1,0,0,차대사람 - 횡단중,안전운전불이행,건조,맑음,단일로 - 기타,승용,여,40세,상해없음,보행자,여,70세,중상
2012101200100325,2012년 10월 12일 13시,금요일,광주광역시 서구 화정동,경상사고,0,0,2,0,차대차 - 측면직각충돌,안전운전불이행,건조,맑음,교차로 - 교차로안,승용,남,40세,상해없음,승용,남,38세,경상
2012101200100352,2012년 10월 12일 14시,금요일,광주광역시 서구 금호동,경상사고,0,0,1,0,차대차 - 측면직각충돌,안전운전불이행,건조,맑음,단일로 - 기타,승용,여,41세,상해없음,원동기,남,48세,경상
2012101200100391,2012년 10월 12일 15시,금요일,광주광역시 서구 쌍촌동,경상사고,0,0,1,0,차대차 - 추돌 - 주정차중,안전거리미확보,건조,맑음,단일로 - 기타,승용,남,26세,상해없음,승용,여,23세,경상
2012101200100449,2012년 10월 12일 16시,금요일,광주광역시 북구 신안동,경상사고,0,0,2,0,차대차 - 측면직각충돌,안전운전불이행,건조,맑음,교차로 - 교차로안,승용,여,62세,상해없음,승합,남,59세,경상
2012101200100493,2012년 10월 12일 17시,금요일,광주광역시 북구 중흥동,중상사고,0,1,0,0,차대사람 - 횡단중,보행자보호의무위반,건조,맑음,단일로 - 횡단보도부근,승합,남,48세,상해없음,보행자,여,5세,중상
2012101200100559,2012년 10월 12일 18시,금요일,광주광역시 서구 양동,경상사고,0,0,1,0,차대차 - 기타,중앙선침범,건조,맑음,단일로 - 횡단보도부근,승용,남,32세,상해없음,원동기,남,27세,경상
2012101200100560,2012년 10월 12일 18시,금요일,광주광역시 광산구 수완동,경상사고,0,0,1,0,차대차 - 추돌 - 진행중,신호위반,건조,맑음,교차로 - 교차로부근,원동기,남,18세,경상,승용,남,51세,상해없음
2012101200100606,2012년 10월 12일 19시,금요일,광주광역시 동구 대인동,중상사고,0,1,0,0,차대사람 - 횡단중,안전운전불이행,건조,맑음,단일로 - 기타,승용,남,54세,상해없음,보행자,여,21세,중상
2012101200100607,2012년 10월 12일 19시,금요일,광주광역시 서구 치평동,경상사고,0,0,5,0,차대차 - 추돌 - 주정차중,안전운전불이행,건조,맑음,단일로 - 기타,승용,남,57세,상해없음,승용,남,25세,경상
2012101200100608,2012년 10월 12일 19시,금요일,광주광역시 광산구 장덕동,경상사고,0,0,2,1,차대차 - 측면직각충돌,안전거리미확보,건조,맑음,단일로 - 기타,이륜,남,27세,부상신고,승용,남,42세,경상
2012101200100638,2012년 10월 12일 20시,금요일,광주광역시 광산구 산정동,경상사고,0,0,1,0,차대차 - 추돌 - 주정차중,안전운전불이행,건조,맑음,단일로 - 기타,승용,남,41세,상해없음,승용,남,45세,경상
2012101200100682,2012년 10월 12일 21시,금요일,광주광역시 남구 봉선동,경상사고,0,0,1,0,차대차 - 기타,안전운전불이행,건조,맑음,교차로 - 교차로안,승용,남,47세,상해없음,원동기,남,16세,경상
2012101300100048,2012년 10월 13일 01시,토요일,광주광역시 동구 불로동,중상사고,0,1,0,0,차대차 - 기타,안전거리미확보,건조,맑음,단일로 - 기타,승용,남,51세,상해없음,이륜,남,28세,중상
2012101300100081,2012년 10월 13일 03시,토요일,광주광역시 동구 수기동,경상사고,0,0,1,0,차대사람 - 횡단중,안전운전불이행,건조,맑음,교차로 - 교차로부근,승용,남,30세,상해없음,보행자,남,23세,경상
2012101300100107,2012년 10월 13일 05시,토요일,광주광역시 서구 금호동,중상사고,0,2,1,0,차대차 - 측면직각충돌,신호위반,건조,맑음,교차로 - 교차로안,승용,남,25세,경상,승용,남,43세,중상
2012101300100159,2012년 10월 13일 08시,토요일,광주광역시 남구 송하동,경상사고,0,0,1,0,차대차 - 추돌 - 주정차중,안전운전불이행,건조,맑음,단일로 - 기타,화물,남,57세,기타불명,승용,남,37세,경상
2012101300100264,2012년 10월 13일 12시,토요일,광주광역시 북구 문흥동,부상신고사고,0,0,0,1,차대사람 - 기타,교차로운행방법위반,건조,맑음,교차로 - 교차로안,승용,남,45세,상해없음,보행자,여,10세,부상신고
2012101300100265,2012년 10월 13일 12시,토요일,광주광역시 광산구 신가동,경상사고,0,0,1,0,차량단독 - 공작물충돌,안전운전불이행,건조,맑음,단일로 - 기타,이륜,남,16세,경상,,,,
2012101300100307,2012년 10월 13일 13시,토요일,광주광역시 서구 매월동,경상사고,0,0,1,0,차대차 - 기타,안전운전불이행,건조,맑음,기타 - 기타,화물,남,58세,상해없음,자전거,남,50세,경상
2012101300100308,2012년 10월 13일 13시,토요일,광주광역시 서구 광천동,중상사고,0,1,0,0,차대사람 - 차도통행중,안전운전불이행,건조,맑음,단일로 - 기타,승용,남,70세,상해없음,보행자,여,46세,중상
2012101300100346,2012년 10월 13일 14시,토요일,광주광역시 서구 쌍촌동,경상사고,0,0,1,0,차대차 - 추돌 - 진행중,안전거리미확보,건조,맑음,단일로 - 기타,승용,남,28세,상해없음,승용,여,35세,경상
2012101300100347,2012년 10월 13일 14시,토요일,광주광역시 광산구 용봉동,중상사고,0,1,0,0,차대차 - 측면직각충돌,안전운전불이행,건조,맑음,단일로 - 기타,화물,남,52세,상해없음,원동기,남,73세,중상
2012101300100374,2012년 10월 13일 15시,토요일,광주광역시 서구 화정동,경상사고,0,0,1,0,차대차 - 기타,안전운전불이행,건조,맑음,단일로 - 기타,승용,남,42세,상해없음,승용,남,33세,기타불명
2012101300100399,2012년 10월 13일 16시,토요일,광주광역시 북구 장등동,부상신고사고,0,0,0,1,차대차 - 추돌 - 진행중,안전운전불이행,건조,맑음,단일로 - 기타,승용,기타불명,기타불명,기타불명,승용,여,57세,부상신고
2012101300100400,2012년 10월 13일 16시,토요일,광주광역시 광산구 흑석동,중상사고,0,1,0,0,차대차 - 측면직각충돌,안전운전불이행,건조,맑음,교차로 - 교차로안,승용,남,43세,상해없음,자전거,남,30세,중상
2012101300100442,2012년 10월 13일 17시,토요일,광주광역시 동구 호남동,경상사고,0,0,1,0,차대사람 - 기타,안전운전불이행,건조,맑음,기타 - 기타,승용,남,55세,상해없음,보행자,여,24세,경상
2012101300100507,2012년 10월 13일 18시,토요일,광주광역시 동구 산수동,경상사고,0,0,1,0,차대차 - 측면직각충돌,안전운전불이행,건조,맑음,단일로 - 기타,승용,남,44세,상해없음,승용,남,43세,경상
2012101300100508,2012년 10월 13일 18시,토요일,광주광역시 동구 대의동,중상사고,0,1,0,0,차대사람 - 횡단중,안전운전불이행,건조,맑음,교차로 - 교차로부근,승용,남,30세,상해없음,보행자,남,13세,중상
2012101300100509,2012년 10월 13일 18시,토요일,광주광역시 광산구 장덕동,경상사고,0,0,1,0,차대사람 - 횡단중,안전운전불이행,건조,맑음,단일로 - 기타,승용,여,45세,상해없음,보행자,남,18세,경상
2012101300100510,2012년 10월 13일 18시,토요일,광주광역시 광산구 월계동,경상사고,0,0,1,0,차대사람 - 횡단중,안전운전불이행,건조,맑음,교차로 - 교차로부근,원동기,남,15세,상해없음,보행자,여,30세,경상
2012101300100586,2012년 10월 13일 20시,토요일,광주광역시 서구 금호동,중상사고,0,1,1,0,차대사람 - 횡단중,신호위반,건조,맑음,단일로 - 횡단보도상,승용,남,59세,상해없음,보행자,남,53세,경상
2012101300100613,2012년 10월 13일 21시,토요일,광주광역시 동구 학동,경상사고,0,0,1,0,차대차 - 추돌 - 주정차중,안전운전불이행,건조,맑음,단일로 - 기타,승용,남,55세,상해없음,승용,남,45세,경상
2012101300100614,2012년 10월 13일 21시,토요일,광주광역시 광산구 운남동,경상사고,0,0,3,1,차대차 - 측면직각충돌,신호위반,건조,맑음,교차로 - 교차로안,승용,여,43세,부상신고,승합,여,42세,경상
2012101300100640,2012년 10월 13일 22시,토요일,광주광역시 광산구 신가동,경상사고,0,0,2,0,차대사람 - 횡단중,신호위반,건조,맑음,단일로 - 횡단보도부근,승용,여,25세,상해없음,보행자,여,22세,경상
2012101300100672,2012년 10월 13일 23시,토요일,광주광역시 남구 사동,경상사고,0,0,1,0,차대사람 - 기타,안전운전불이행,건조,맑음,단일로 - 기타,승용,남,27세,상해없음,보행자,여,53세,경상
2012101400100047,2012년 10월 14일 01시,일요일,광주광역시 서구 치평동,경상사고,0,0,1,0,차대차 - 기타,중앙선침범,건조,맑음,교차로 - 교차로부근,승용,남,41세,상해없음,승용,남,26세,경상
2012101400100048,2012년 10월 14일 01시,일요일,광주광역시 북구 운암동,중상사고,0,2,0,0,차대차 - 측면직각충돌,안전운전불이행,건조,맑음,미분류 - 미분류,승용,남,27세,중상,승용,남,48세,상해없음
2012101400100099,2012년 10월 14일 05시,일요일,광주광역시 광산구 우산동,경상사고,0,0,1,0,차대차 - 추돌 - 진행중,신호위반,건조,맑음,교차로 - 교차로안,승용,남,57세,상해없음,승용,남,31세,경상
2012101400100100,2012년 10월 14일 05시,일요일,광주광역시 광산구 송정동,중상사고,0,1,3,0,차대차 - 측면직각충돌,신호위반,건조,맑음,교차로 - 교차로안,승용,남,45세,경상,승용,남,33세,경상
2012101400100128,2012년 10월 14일 07시,일요일,광주광역시 광산구 송정동,경상사고,0,0,3,0,차대차 - 측면직각충돌,교차로운행방법위반,건조,맑음,교차로 - 교차로안,승용,여,44세,경상,승용,남,28세,경상
2012101400100210,2012년 10월 14일 11시,일요일,광주광역시 남구 월산동,경상사고,0,0,4,1,차대차 - 측면직각충돌,교차로운행방법위반,건조,맑음,교차로 - 교차로안,승용,남,69세,상해없음,승용,남,60세,경상
2012101400100219,2012년 10월 14일 12시,일요일,광주광역시 서구 광천동,중상사고,0,1,0,0,차대사람 - 기타,안전운전불이행,건조,맑음,교차로 - 교차로부근,승용,남,55세,상해없음,보행자,미분류,65세,중상
2012101400100220,2012년 10월 14일 12시,일요일,광주광역시 북구 두암동,경상사고,0,0,4,0,차대차 - 측면직각충돌,안전운전불이행,건조,맑음,단일로 - 기타,승용,여,50세,상해없음,원동기,남,26세,경상
2012101400100314,2012년 10월 14일 15시,일요일,광주광역시 남구 월산동,중상사고,0,1,0,0,차대사람 - 횡단중,보행자보호의무위반,건조,맑음,단일로 - 횡단보도상,승용,남,54세,상해없음,보행자,남,85세,중상
2012101400100344,2012년 10월 14일 16시,일요일,광주광역시 북구 동림동,경상사고,0,0,1,0,차대차 - 추돌 - 진행중,안전거리미확보,건조,맑음,단일로 - 기타,화물,남,42세,상해없음,승용,남,71세,상해없음
2012101400100431,2012년 10월 14일 18시,일요일,광주광역시 북구 삼각동,경상사고,0,0,4,1,차대차 - 기타,차로위반,건조,맑음,단일로 - 기타,승용,여,38세,경상,승용,남,37세,경상
2012101400100462,2012년 10월 14일 19시,일요일,광주광역시 광산구 신창동,중상사고,0,1,1,0,차대차 - 기타,안전거리미확보,건조,맑음,단일로 - 기타,승용,남,30세,상해없음,승용,남,29세,경상
2012101400100512,2012년 10월 14일 20시,일요일,광주광역시 광산구 장덕동,경상사고,0,0,2,0,차대차 - 측면직각충돌,신호위반,건조,맑음,교차로 - 교차로안,승용,여,25세,상해없음,승용,남,32세,경상
2012101400100543,2012년 10월 14일 21시,일요일,광주광역시 광산구 산정동,중상사고,0,1,0,0,차대차 - 기타,차로위반,건조,맑음,단일로 - 기타,화물,남,33세,상해없음,이륜,남,25세,중상
2012101400100565,2012년 10월 14일 22시,일요일,광주광역시 서구 농성동,경상사고,0,0,1,0,차대사람 - 기타,안전운전불이행,건조,흐림,단일로 - 기타,승용,남,56세,상해없음,보행자,남,42세,경상
2012101400100566,2012년 10월 14일 22시,일요일,광주광역시 북구 양산동,경상사고,0,0,1,0,차대차 - 측면직각충돌,신호위반,건조,맑음,교차로 - 교차로안,원동기,남,16세,경상,승합,남,49세,상해없음
2012101400100567,2012년 10월 14일 22시,일요일,광주광역시 광산구 신창동,경상사고,0,0,1,0,차대사람 - 횡단중,신호위반,건조,맑음,교차로 - 교차로부근,승용,남,46세,상해없음,보행자,여,49세,경상
2012101400100568,2012년 10월 14일 22시,일요일,광주광역시 광산구 우산동,경상사고,0,0,1,0,차대차 - 측면직각충돌,안전거리미확보,건조,맑음,교차로 - 교차로부근,승용,남,55세,기타불명,승용,남,27세,경상
2012101400100580,2012년 10월 14일 23시,일요일,광주광역시 동구 불로동,부상신고사고,0,0,0,1,차대사람 - 기타,안전운전불이행,건조,맑음,단일로 - 기타,승용,남,27세,상해없음,보행자,남,56세,부상신고
2012101400100581,2012년 10월 14일 23시,일요일,광주광역시 서구 양동,경상사고,0,0,2,0,차대차 - 측면직각충돌,안전운전불이행,건조,맑음,단일로 - 기타,승용,남,32세,상해없음,승용,남,54세,경상
2012101500100066,2012년 10월 15일 06시,월요일,광주광역시 북구 동림동,경상사고,0,0,4,0,차대차 - 기타,안전운전불이행,건조,맑음,단일로 - 기타,화물,남,27세,경상,승용,남,26세,경상
2012101500100146,2012년 10월 15일 08시,월요일,광주광역시 서구 치평동,경상사고,0,0,2,0,차대차 - 추돌 - 진행중,안전거리미확보,건조,맑음,단일로 - 기타,승용,기타불명,기타불명,기타불명,승용,남,35세,경상