사고번호,사고일시,요일,시군구,사고내용,사망자수,중상자수,경상자수,부상신고자수,사고유형,법규위반,노면상태,기상상태,도로형태,가해운전자 차종,가해운전자 성별,가해운전자 연령,가해운전자 상해정도,피해운전자 차종,피해운전자 성별,피해운전자 연령,피해운전자 상해정도
2012101900100513,2012년 10월 19일 18시,금요일,광주광역시 서구 벽진동,경상사고,0,0,1,0,차대차 - 측면직각충돌,안전운전불이행,건조,맑음,교차로 - 교차로부근,승용,여,48세,상해없음,승용,여,25세,경상
2012101900100514,2012년 10월 19일 18시,금요일,광주광역시 광산구 우산동,경상사고,0,0,1,0,차대사람 - 횡단중,안전운전불이행,건조,맑음,교차로 - 교차로안,화물,남,29세,상해없음,보행자,남,42세,경상
2012101900100515,2012년 10월 19일 18시,금요일,광주광역시 광산구 신촌동,경상사고,0,0,1,0,차대차 - 기타,신호위반,건조,맑음,단일로 - 횡단보도상,승합,남,63세,상해없음,자전거,여,71세,경상
2012101900100561,2012년 10월 19일 19시,금요일,광주광역시 서구 유촌동,경상사고,0,0,6,0,차대차 - 기타,차로위반,건조,맑음,기타 - 기타,승용,남,29세,경상,승용,남,32세,경상
2012101900100562,2012년 10월 19일 19시,금요일,광주광역시 남구 진월동,경상사고,0,0,1,0,차대차 - 측면직각충돌,신호위반,건조,맑음,교차로 - 교차로안,승용,여,26세,기타불명,승용,여,26세,경상
2012101900100627,2012년 10월 19일 21시,금요일,광주광역시 서구 쌍촌동,경상사고,0,0,1,0,차대차 - 기타,안전운전불이행,건조,맑음,단일로 - 기타,승용,남,50세,상해없음,원동기,남,34세,경상
2012101900100660,2012년 10월 19일 22시,금요일,광주광역시 서구 쌍촌동,경상사고,0,0,2,0,차대사람 - 기타,안전운전불이행,건조,맑음,기타 - 기타,화물,남,48세,상해없음,보행자,남,35세,경상
2012101900100661,2012년 10월 19일 22시,금요일,광주광역시 남구 백운동,경상사고,0,0,3,0,차대차 - 추돌 - 진행중,안전운전불이행,건조,맑음,교차로 - 교차로안,승용,남,44세,상해없음,승용,여,44세,경상
2012101900100662,2012년 10월 19일 22시,금요일,광주광역시 북구 두암동,경상사고,0,0,1,0,차대사람 - 길가장자리구역통행중,안전운전불이행,건조,맑음,교차로 - 교차로부근,승용,남,34세,상해없음,보행자,여,48세,경상
2012102000100024,2012년 10월 20일 00시,토요일,광주광역시 동구 산수동,경상사고,0,0,1,0,차대차 - 측면직각충돌,안전거리미확보,건조,맑음,단일로 - 기타,승용,여,44세,상해없음,이륜,남,34세,경상
2012102000100046,2012년 10월 20일 01시,토요일,광주광역시 광산구 도천동,중상사고,0,1,0,0,차대사람 - 횡단중,안전운전불이행,건조,맑음,교차로 - 교차로안,승용,남,37세,상해없음,보행자,여,39세,중상
2012102000100237,2012년 10월 20일 11시,토요일,광주광역시 북구 오치동,경상사고,0,0,1,0,차대차 - 측면직각충돌,안전운전불이행,건조,맑음,단일로 - 기타,기타불명,기타불명,기타불명,기타불명,자전거,남,11세,경상
2012102000100267,2012년 10월 20일 12시,토요일,광주광역시 서구 화정동,경상사고,0,0,1,0,차대차 - 측면직각충돌,안전운전불이행,건조,맑음,단일로 - 기타,승용,남,68세,상해없음,승용,남,33세,상해없음
2012102000100305,2012년 10월 20일 13시,토요일,광주광역시 광산구 신창동,중상사고,0,1,0,0,차대사람 - 기타,안전운전불이행,건조,맑음,단일로 - 기타,승용,남,46세,상해없음,보행자,남,79세,중상
2012102000100344,2012년 10월 20일 14시,토요일,광주광역시 남구 주월동,경상사고,0,0,1,0,차대차 - 기타,안전운전불이행,건조,맑음,기타 - 기타,기타불명,기타불명,기타불명,기타불명,자전거,남,17세,경상
2012102000100345,2012년 10월 20일 14시,토요일,광주광역시 북구 오치동,경상사고,0,0,2,0,차대차 - 측면직각충돌,안전운전불이행,건조,맑음,교차로 - 교차로안,승용,남,26세,경상,승용,남,50세,경상
2012102000100377,2012년 10월 20일 15시,토요일,광주광역시 북구 용봉동,경상사고,0,0,1,0,차대차 - 측면직각충돌,안전거리미확보,건조,맑음,교차로 - 교차로부근,기타불명,기타불명,기타불명,기타불명,이륜,남,36세,경상
2012102000100445,2012년 10월 20일 17시,토요일,광주광역시 동구 계림동,경상사고,0,0,1,0,차대사람 - 기타,안전운전불이행,건조,맑음,단일로 - 기타,승용,남,69세,상해없음,보행자,남,60세,경상
2012102000100446,2012년 10월 20일 17시,토요일,광주광역시 남구 송하동,경상사고,0,0,2,0,차대차 - 측면직각충돌,교차로운행방법위반,건조,맑음,교차로 - 교차로안,승용,남,52세,경상,승용,남,62세,상해없음
2012102000100447,2012년 10월 20일 17시,토요일,광주광역시 북구 신안동,경상사고,0,0,1,0,차대차 - 기타,안전거리미확보,건조,맑음,교차로 - 교차로안,승용,남,29세,상해없음,자전거,남,61세,경상
2012102000100448,2012년 10월 20일 17시,토요일,광주광역시 북구 용봉동,경상사고,0,0,5,1,차대차 - 추돌 - 주정차중,안전운전불이행,기타,기타,단일로 - 기타,승용,남,48세,상해없음,승용,여,30세,경상
2012102000100497,2012년 10월 20일 18시,토요일,광주광역시 남구 양과동,경상사고,0,0,3,0,차대차 - 추돌 - 진행중,안전거리미확보,건조,맑음,단일로 - 기타,승용,남,53세,상해없음,승용,남,27세,경상
2012102000100540,2012년 10월 20일 19시,토요일,광주광역시 북구 양산동,중상사고,0,1,0,0,차대차 - 측면직각충돌,직진우회전진행방해,건조,맑음,교차로 - 교차로안,승용,남,35세,상해없음,이륜,남,16세,중상
2012102000100599,2012년 10월 20일 21시,토요일,광주광역시 광산구 수완동,경상사고,0,0,1,0,차대차 - 기타,안전거리미확보,건조,맑음,단일로 - 기타,승용,여,26세,상해없음,이륜,남,37세,경상
2012102000100619,2012년 10월 20일 22시,토요일,광주광역시 서구 치평동,경상사고,0,0,3,0,차대차 - 측면직각충돌,신호위반,건조,맑음,교차로 - 교차로안,승용,남,65세,상해없음,승용,남,44세,경상
2012102000100621,2012년 10월 20일 22시,토요일,광주광역시 북구 신안동,경상사고,0,0,1,0,차대차 - 측면직각충돌,안전거리미확보,건조,맑음,교차로 - 교차로부근,승용,남,23세,상해없음,승용,남,52세,경상
2012102000100649,2012년 10월 20일 23시,토요일,광주광역시 서구 화정동,중상사고,0,1,0,0,차대사람 - 차도통행중,안전운전불이행,건조,맑음,교차로 - 교차로안,승용,남,66세,상해없음,보행자,남,58세,중상
2012102000100650,2012년 10월 20일 23시,토요일,광주광역시 서구 치평동,경상사고,0,0,3,0,차대차 - 측면직각충돌,안전운전불이행,건조,맑음,교차로 - 교차로부근,승용,남,61세,상해없음,승용,남,19세,상해없음
2012102100100025,2012년 10월 21일 00시,일요일,광주광역시 서구 농성동,경상사고,0,0,3,0,차대차 - 측면직각충돌,안전거리미확보,기타,맑음,단일로 - 기타,승용,남,52세,경상,승용,남,57세,경상
2012102100100026,2012년 10월 21일 00시,일요일,광주광역시 서구 화정동,경상사고,0,0,2,0,차대차 - 추돌 - 주정차중,안전거리미확보,건조,맑음,교차로 - 교차로부근,승용,남,26세,기타불명,승용,남,44세,경상
2012102100100027,2012년 10월 21일 00시,일요일,광주광역시 북구 삼각동,중상사고,0,1,0,0,차대사람 - 횡단중,신호위반,건조,맑음,단일로 - 기타,기타불명,기타불명,기타불명,기타불명,보행자,여,49세,중상
2012102100100028,2012년 10월 21일 00시,일요일,광주광역시 광산구 송정동,경상사고,0,0,2,0,차대차 - 추돌 - 진행중,안전거리미확보,건조,맑음,단일로 - 기타,승용,남,25세,상해없음,승용,남,29세,경상
2012102100100072,2012년 10월 21일 02시,일요일,광주광역시 북구 양산동,부상신고사고,0,0,0,1,차대차 - 기타,안전운전불이행,건조,맑음,교차로 - 교차로안,승용,남,29세,상해없음,승용,여,24세,부상신고
2012102100100159,2012년 10월 21일 09시,일요일,광주광역시 서구 금호동,중상사고,0,2,0,0,차대차 - 기타,신호위반,건조,맑음,교차로 - 교차로안,승용,여,35세,상해없음,승용,남,61세,중상
2012102100100208,2012년 10월 21일 11시,일요일,광주광역시 광산구 월계동,경상사고,0,0,1,0,차대사람 - 기타,안전운전불이행,건조,맑음,기타 - 기타,승용,기타불명,기타불명,기타불명,보행자,여,17세,경상
2012102100100226,2012년 10월 21일 12시,일요일,광주광역시 서구 치평동,경상사고,0,0,2,0,차대차 - 기타,중앙선침범,건조,맑음,교차로 - 교차로부근,승용,남,24세,상해없음,승용,남,29세,경상
2012102100100227,2012년 10월 21일 12시,일요일,광주광역시 광산구 월전동,경상사고,0,0,1,0,차대차 - 기타,신호위반,건조,맑음,교차로 - 교차로안,화물,남,60세,기타불명,화물,남,49세,경상
2012102100100247,2012년 10월 21일 13시,일요일,광주광역시 서구 덕흥동,경상사고,0,0,3,0,차대차 - 추돌 - 진행중,안전거리미확보,건조,맑음,교차로 - 교차로부근,승용,남,50세,상해없음,승용,남,55세,경상
2012102100100248,2012년 10월 21일 13시,일요일,광주광역시 광산구 수완동,경상사고,0,0,1,0,차대차 - 추돌 - 주정차중,안전운전불이행,건조,맑음,교차로 - 교차로부근,화물,기타불명,기타불명,기타불명,이륜,여,18세,경상
2012102100100272,2012년 10월 21일 14시,일요일,광주광역시 광산구 신촌동,경상사고,0,0,3,0,차대차 - 추돌 - 주정차중,안전거리미확보,건조,맑음,단일로 - 기타,화물,남,46세,상해없음,승용,남,32세,상해없음
2012102100100379,2012년 10월 21일 17시,일요일,광주광역시 서구 쌍촌동,경상사고,0,0,1,0,차대사람 - 기타,안전운전불이행,건조,맑음,단일로 - 기타,승용,여,37세,상해없음,보행자,남,38세,경상
2012102100100380,2012년 10월 21일 17시,일요일,광주광역시 광산구 우산동,경상사고,0,0,2,0,차대차 - 추돌 - 진행중,안전운전불이행,건조,맑음,단일로 - 기타,승용,남,30세,상해없음,승용,남,29세,경상
2012102100100419,2012년 10월 21일 18시,일요일,광주광역시 서구 금호동,경상사고,0,0,1,0,차대차 - 기타,불법유턴,기타,기타,단일로 - 기타,승용,남,46세,상해없음,원동기,남,16세,경상
2012102100100420,2012년 10월 21일 18시,일요일,광주광역시 북구 운암동,중상사고,0,1,0,0,차대사람 - 횡단중,안전운전불이행,건조,맑음,단일로 - 기타,승용,남,64세,상해없음,보행자,남,68세,중상
2012102100100421,2012년 10월 21일 18시,일요일,광주광역시 북구 신안동,경상사고,0,0,3,0,차대차 - 추돌 - 진행중,안전거리미확보,건조,맑음,단일로 - 기타,승용,남,70세,상해없음,승용,남,39세,상해없음
2012102100100422,2012년 10월 21일 18시,일요일,광주광역시 북구 두암동,경상사고,0,0,1,0,차대사람 - 횡단중,보행자보호의무위반,건조,맑음,단일로 - 기타,승용,남,28세,상해없음,보행자,남,62세,경상
2012102100100423,2012년 10월 21일 18시,일요일,광주광역시 광산구 신촌동,경상사고,0,0,5,0,차대차 - 추돌 - 진행중,안전운전불이행,건조,맑음,교차로 - 교차로부근,승용,남,30세,상해없음,승용,여,31세,경상
2012102100100488,2012년 10월 21일 20시,일요일,광주광역시 동구 계림동,중상사고,0,1,0,0,차대차 - 측면직각충돌,안전거리미확보,건조,맑음,단일로 - 기타,승용,남,53세,상해없음,이륜,남,22세,중상
2012102100100489,2012년 10월 21일 20시,일요일,광주광역시 광산구 월계동,경상사고,0,0,2,0,차대차 - 추돌 - 주정차중,안전운전불이행,건조,맑음,교차로 - 교차로부근,승용,여,54세,상해없음,승용,남,45세,경상
2012102100100509,2012년 10월 21일 21시,일요일,광주광역시 남구 방림동,중상사고,0,1,0,0,차대차 - 기타,신호위반,건조,맑음,교차로 - 교차로안,기타불명,기타불명,기타불명,기타불명,자전거,남,54세,중상
2012102100100510,2012년 10월 21일 21시,일요일,광주광역시 북구 문흥동,중상사고,0,1,0,0,차대차 - 기타,안전운전불이행,건조,맑음,단일로 - 기타,승용,남,46세,상해없음,승용,남,51세,상해없음
2012102100100536,2012년 10월 21일 22시,일요일,광주광역시 남구 노대동,경상사고,0,0,4,0,차대차 - 측면직각충돌,신호위반,건조,맑음,교차로 - 교차로안,승합,여,52세,상해없음,승용,남,45세,경상
2012102100100554,2012년 10월 21일 23시,일요일,광주광역시 동구 금남로1가,경상사고,0,0,1,0,차대사람 - 횡단중,안전운전불이행,건조,맑음,교차로 - 교차로안,승용,남,49세,상해없음,보행자,남,52세,경상
2012102100100555,2012년 10월 21일 23시,일요일,광주광역시 광산구 신가동,경상사고,0,0,1,0,차량단독 - 기타,안전운전불이행,건조,맑음,단일로 - 기타,승용,남,43세,상해없음,,,,
2012102200100021,2012년 10월 22일 01시,월요일,광주광역시 광산구 신가동,부상신고사고,0,0,0,1,차량단독 - 공작물충돌,안전운전불이행,건조,맑음,교차로 - 교차로부근,승용,남,27세,상해없음,,,,
2012102200100053,2012년 10월 22일 05시,월요일,광주광역시 서구 화정동,경상사고,0,0,1,2,차대차 - 기타,중앙선침범,건조,맑음,교차로 - 교차로부근,승용,남,31세,부상신고,승용,남,30세,부상신고
2012102200100114,2012년 10월 22일 07시,월요일,광주광역시 서구 동천동,경상사고,0,0,2,0,차대차 - 기타,안전운전불이행,건조,맑음,기타 - 기타,승용,여,31세,경상,승용,남,45세,경상
2012102200100222,2012년 10월 22일 10시,월요일,광주광역시 서구 치평동,경상사고,0,0,1,0,차대차 - 기타,안전운전불이행,습기,비,단일로 - 기타,승용,여,55세,상해없음,승용,여,40세,경상
2012102200100223,2012년 10월 22일 10시,월요일,광주광역시 남구 진월동,경상사고,0,0,1,0,차대차 - 측면직각충돌,신호위반,습기,비,교차로 - 교차로안,승용,남,70세,상해없음,승합,남,30세,경상
2012102200100282,2012년 10월 22일 12시,월요일,광주광역시 서구 화정동,경상사고,0,0,3,0,차대차 - 추돌 - 진행중,안전거리미확보,습기,비,단일로 - 기타,승용,남,53세,상해없음,승용,여,50세,경상
2012102200100283,2012년 10월 22일 12시,월요일,광주광역시 북구 풍향동,경상사고,0,0,1,0,차대차 - 측면직각충돌,안전운전불이행,습기,비,교차로 - 교차로안,승용,남,57세,상해없음,승용,여,34세,경상
2012102200100320,2012년 10월 22일 13시,월요일,광주광역시 북구 용봉동,경상사고,0,0,1,0,차대차 - 추돌 - 주정차중,안전거리미확보,습기,비,단일로 - 기타,승용,남,37세,상해없음,승용,여,42세,경상
2012102200100321,2012년 10월 22일 13시,월요일,광주광역시 광산구 선암동,중상사고,0,1,1,0,차대차 - 추돌 - 주정차중,안전운전불이행,습기,비,교차로 - 교차로부근,승용,남,48세,상해없음,승용,남,33세,경상
2012102200100428,2012년 10월 22일 16시,월요일,광주광역시 서구 쌍촌동,경상사고,0,0,1,0,차대차 - 측면직각충돌,교차로운행방법위반,습기,비,교차로 - 교차로안,승용,여,49세,상해없음,승용,남,31세,경상
2012102200100429,2012년 10월 22일 16시,월요일,광주광역시 남구 방림동,경상사고,0,0,1,0,차대사람 - 기타,안전운전불이행,건조,맑음,기타 - 기타,승용,여,75세,상해없음,보행자,여,18세,경상
2012102200100430,2012년 10월 22일 16시,월요일,광주광역시 북구 매곡동,경상사고,0,0,1,0,차대사람 - 횡단중,안전운전불이행,습기,흐림,단일로 - 기타,승용,남,43세,상해없음,보행자,남,21세,경상
2012102200100555,2012년 10월 22일 18시,월요일,광주광역시 남구 봉선동,경상사고,0,0,1,0,차대사람 - 기타,안전운전불이행,습기,흐림,단일로 - 횡단보도부근,승용,남,40세,상해없음,보행자,남,45세,경상
2012102200100556,2012년 10월 22일 18시,월요일,광주광역시 북구 오룡동,경상사고,0,0,1,0,차대사람 - 보도통행중,보행자보호의무위반,습기,비,교차로 - 교차로안,승용,남,37세,상해없음,보행자,여,25세,경상
2012102200100557,2012년 10월 22일 18시,월요일,광주광역시 광산구 운남동,중상사고,0,1,0,0,차대사람 - 기타,안전운전불이행,습기,비,기타 - 기타,화물,남,44세,상해없음,보행자,여,43세,중상
2012102200100603,2012년 10월 22일 19시,월요일,광주광역시 서구 치평동,중상사고,0,1,3,0,차대차 - 측면직각충돌,교차로운행방법위반,습기,비,교차로 - 교차로안,승용,남,51세,상해없음,승용,여,34세,경상
2012102200100604,2012년 10월 22일 19시,월요일,광주광역시 광산구 우산동,경상사고,0,0,2,0,차대차 - 추돌 - 진행중,안전거리미확보,건조,흐림,단일로 - 기타,승용,여,23세,경상,승용,여,36세,상해없음
2012102200100605,2012년 10월 22일 19시,월요일,광주광역시 광산구 우산동,사망사고,1,0,1,0,차대차 - 추돌 - 진행중,안전거리미확보,건조,흐림,미분류 - 미분류,화물,남,36세,사망,승용,남,41세,상해없음
2012102200100650,2012년 10월 22일 20시,월요일,광주광역시 북구 오치동,경상사고,0,0,2,0,차대차 - 기타,안전거리미확보,건조,흐림,단일로 - 기타,승용,남,19세,상해없음,승용,남,28세,경상
2012102200100681,2012년 10월 22일 21시,월요일,광주광역시 북구 운암동,부상신고사고,0,0,0,1,차대사람 - 기타,안전운전불이행,건조,맑음,단일로 - 기타,기타불명,기타불명,기타불명,기타불명,보행자,남,17세,부상신고
2012102200100682,2012년 10월 22일 21시,월요일,광주광역시 광산구 산정동,경상사고,0,0,2,2,차대차 - 측면직각충돌,신호위반,건조,맑음,교차로 - 교차로안,화물,남,30세,상해없음,승용,여,33세,경상
2012102200100717,2012년 10월 22일 22시,월요일,광주광역시 서구 치평동,경상사고,0,0,1,0,차대차 - 추돌 - 주정차중,안전거리미확보,건조,맑음,교차로 - 교차로안,승용,남,44세,상해없음,승용,남,28세,상해없음
2012102300100040,2012년 10월 23일 02시,화요일,광주광역시 남구 월산동,중상사고,0,1,0,0,차대사람 - 기타,안전운전불이행,건조,맑음,단일로 - 기타,승용,남,30세,상해없음,보행자,여,78세,중상
2012102300100041,2012년 10월 23일 02시,화요일,광주광역시 북구 신용동,경상사고,0,0,1,0,차대차 - 추돌 - 주정차중,안전운전불이행,건조,맑음,교차로 - 교차로부근,승용,남,44세,상해없음,승합,남,34세,경상
2012102300100122,2012년 10월 23일 07시,화요일,광주광역시 서구 쌍촌동,경상사고,0,0,3,0,차대차 - 추돌 - 주정차중,안전거리미확보,건조,맑음,교차로 - 교차로부근,승용,남,28세,상해없음,승용,남,30세,경상
2012102300100123,2012년 10월 23일 07시,화요일,광주광역시 남구 월산동,중상사고,0,1,0,0,차대사람 - 기타,안전운전불이행,건조,맑음,교차로 - 교차로안,화물,남,31세,상해없음,보행자,남,64세,중상
2012102300100124,2012년 10월 23일 07시,화요일,광주광역시 광산구 하남동,경상사고,0,0,2,0,차대차 - 측면직각충돌,직진우회전진행방해,건조,맑음,교차로 - 교차로안,승용,남,49세,경상,승용,남,54세,경상
2012102300100178,2012년 10월 23일 08시,화요일,광주광역시 동구 지산동,경상사고,0,0,1,0,차대사람 - 기타,기타,건조,맑음,기타 - 기타,이륜,남,25세,상해없음,보행자,여,24세,경상
2012102300100179,2012년 10월 23일 08시,화요일,광주광역시 서구 화정동,경상사고,0,0,1,0,차대차 - 추돌 - 진행중,안전운전불이행,건조,맑음,단일로 - 기타,승용,남,39세,상해없음,승용,남,35세,경상
2012102300100180,2012년 10월 23일 08시,화요일,광주광역시 북구 오치동,경상사고,0,0,1,0,차대차 - 기타,안전운전불이행,건조,맑음,교차로 - 교차로안,승용,남,42세,상해없음,원동기,남,34세,경상
2012102300100260,2012년 10월 23일 10시,화요일,광주광역시 남구 백운동,중상사고,0,1,0,0,차대사람 - 기타,안전운전불이행,건조,맑음,교차로 - 교차로부근,승용,여,57세,상해없음,보행자,여,72세,중상
2012102300100283,2012년 10월 23일 11시,화요일,광주광역시 광산구 오선동,경상사고,0,0,2,0,차대차 - 측면직각충돌,중앙선침범,건조,맑음,단일로 - 기타,화물,남,24세,상해없음,화물,남,39세,경상
2012102300100296,2012년 10월 23일 12시,화요일,광주광역시 광산구 하남동,경상사고,0,0,2,0,차대차 - 측면직각충돌,신호위반,건조,맑음,교차로 - 교차로안,승합,남,41세,상해없음,승용,남,27세,경상
2012102300100404,2012년 10월 23일 15시,화요일,광주광역시 광산구 지평동,경상사고,0,0,1,0,차대차 - 측면직각충돌,안전운전불이행,건조,맑음,교차로 - 교차로부근,특수,남,61세,상해없음,자전거,남,66세,경상
2012102300100442,2012년 10월 23일 16시,화요일,광주광역시 북구 운암동,경상사고,0,0,1,0,차대차 - 측면직각충돌,신호위반,건조,맑음,교차로 - 교차로안,이륜,남,18세,경상,승용,남,47세,상해없음
2012102300100443,2012년 10월 23일 16시,화요일,광주광역시 광산구 송정동,경상사고,0,0,1,0,차대사람 - 차도통행중,안전운전불이행,건조,맑음,교차로 - 교차로안,승용,남,44세,상해없음,보행자,남,9세,경상
2012102300100489,2012년 10월 23일 17시,화요일,광주광역시 서구 유촌동,중상사고,0,1,0,0,차대차 - 측면직각충돌,신호위반,건조,맑음,교차로 - 교차로안,화물,남,32세,상해없음,승용,남,23세,중상
2012102300100490,2012년 10월 23일 17시,화요일,광주광역시 서구 풍암동,중상사고,0,1,0,0,차대사람 - 횡단중,보행자보호의무위반,건조,맑음,단일로 - 횡단보도상,화물,남,46세,상해없음,보행자,여,31세,중상
2012102300100491,2012년 10월 23일 17시,화요일,광주광역시 남구 월산동,경상사고,0,0,1,0,차대차 - 기타,안전운전불이행,건조,맑음,단일로 - 기타,화물,남,67세,상해없음,승용,남,33세,경상
2012102300100548,2012년 10월 23일 18시,화요일,광주광역시 남구 봉선동,중상사고,0,1,0,0,차대사람 - 횡단중,안전운전불이행,건조,맑음,단일로 - 기타,승용,남,50세,상해없음,보행자,여,76세,중상
2012102300100549,2012년 10월 23일 18시,화요일,광주광역시 남구 월산동,경상사고,0,0,2,0,차대차 - 측면직각충돌,중앙선침범,건조,맑음,단일로 - 기타,승용,남,68세,상해없음,승용,남,28세,경상
2012102300100550,2012년 10월 23일 18시,화요일,광주광역시 북구 양산동,경상사고,0,0,1,0,차대차 - 측면직각충돌,중앙선침범,건조,맑음,교차로 - 교차로부근,승용,남,53세,상해없음,이륜,남,44세,경상
2012102300100583,2012년 10월 23일 19시,화요일,광주광역시 광산구 산월동,중상사고,0,1,1,0,차대차 - 기타,안전운전불이행,건조,맑음,단일로 - 기타,화물,남,28세,상해없음,화물,남,26세,경상
2012102300100591,2012년 10월 23일 19시,화요일,광주광역시 광산구 소촌동,경상사고,0,0,1,0,차대차 - 추돌 - 진행중,안전운전불이행,건조,맑음,교차로 - 교차로부근,승용,여,52세,상해없음,승용,여,29세,경상
2012102300100592,2012년 10월 23일 19시,화요일,광주광역시 광산구 우산동,경상사고,0,0,1,0,차대사람 - 횡단중,보행자보호의무위반,건조,맑음,교차로 - 교차로안,승용,남,41세,상해없음,보행자,여,38세,경상
2012102300100593,2012년 10월 23일 19시,화요일,광주광역시 광산구 수완동,경상사고,0,0,1,0,차대차 - 추돌 - 진행중,중앙선침범,건조,맑음,단일로 - 기타,승용,여,31세,상해없음,승용,여,30세,경상
2012102300100621,2012년 10월 23일 20시,화요일,광주광역시 서구 광천동,경상사고,0,0,1,0,차대차 - 기타,안전운전불이행,건조,맑음,단일로 - 기타,화물,남,50세,기타불명,승용,남,20세,경상
2012102300100622,2012년 10월 23일 20시,화요일,광주광역시 광산구 소촌동,경상사고,0,0,1,0,차대차 - 측면직각충돌,차로위반,건조,맑음,단일로 - 기타,승용,남,40세,상해없음,이륜,남,16세,경상
2012102300100640,2012년 10월 23일 21시,화요일,광주광역시 북구 동림동,경상사고,0,0,3,1,차대차 - 추돌 - 진행중,안전거리미확보,건조,맑음,단일로 - 기타,화물,기타불명,기타불명,기타불명,승용,남,31세,상해없음
2012102300100655,2012년 10월 23일 21시,화요일,광주광역시 서구 쌍촌동,경상사고,0,0,2,0,차대차 - 추돌 - 주정차중,안전운전불이행,건조,맑음,단일로 - 기타,승용,여,50세,상해없음,승용,남,57세,경상
2012102300100656,2012년 10월 23일 21시,화요일,광주광역시 북구 양산동,중상사고,0,1,2,0,차대차 - 측면직각충돌,중앙선침범,건조,맑음,단일로 - 기타,승용,남,57세,상해없음,원동기,남,25세,중상
2012102300100657,2012년 10월 23일 21시,화요일,광주광역시 광산구 복룡동,경상사고,0,0,3,0,차대차 - 측면직각충돌,신호위반,건조,맑음,교차로 - 교차로안,승용,남,25세,상해없음,승용,남,57세,경상
2012102300100685,2012년 10월 23일 22시,화요일,광주광역시 북구 신안동,중상사고,0,1,0,0,차대사람 - 횡단중,보행자보호의무위반,건조,맑음,교차로 - 교차로부근,승용,남,34세,상해없음,보행자,남,58세,중상
2012102300100715,2012년 10월 23일 23시,화요일,광주광역시 서구 치평동,경상사고,0,0,1,0,차대차 - 측면직각충돌,안전운전불이행,건조,맑음,교차로 - 교차로안,승용,여,28세,상해없음,이륜,남,23세,경상
2012102400100020,2012년 10월 24일 00시,수요일,광주광역시 북구 풍향동,경상사고,0,0,1,0,차대차 - 추돌 - 주정차중,안전거리미확보,건조,맑음,단일로 - 기타,승용,남,52세,상해없음,승용,남,55세,경상
2012102400100066,2012년 10월 24일 04시,수요일,광주광역시 서구 쌍촌동,경상사고,0,0,1,0,차대차 - 추돌 - 주정차중,안전운전불이행,건조,맑음,단일로 - 기타,승용,남,28세,상해없음,화물,남,49세,경상
2012102400100067,2012년 10월 24일 04시,수요일,광주광역시 서구 금호동,중상사고,0,1,1,1,차대차 - 추돌 - 주정차중,안전운전불이행,건조,맑음,단일로 - 기타,승용,여,46세,상해없음,승용,여,62세,경상
2012102400100093,2012년 10월 24일 06시,수요일,광주광역시 북구 중흥동,경상사고,0,0,2,0,차대차 - 측면직각충돌,안전운전불이행,건조,맑음,단일로 - 기타,승용,남,38세,경상,승용,남,44세,경상
2012102400100121,2012년 10월 24일 07시,수요일,광주광역시 광산구 산정동,사망사고,1,0,1,0,차대사람 - 보도통행중,기타,건조,맑음,단일로 - 기타,승용,남,23세,경상,보행자,여,49세,사망
2012102400100160,2012년 10월 24일 08시,수요일,광주광역시 서구 쌍촌동,경상사고,0,0,1,0,차대차 - 기타,중앙선침범,건조,맑음,기타 - 기타,승용,남,56세,상해없음,이륜,남,32세,경상
2012102400100211,2012년 10월 24일 10시,수요일,광주광역시 서구 화정동,경상사고,0,0,1,0,차대차 - 기타,안전거리미확보,건조,맑음,단일로 - 기타,승용,여,53세,상해없음,승용,남,30세,경상
2012102400100245,2012년 10월 24일 11시,수요일,광주광역시 동구 대인동,경상사고,0,0,1,0,차대차 - 추돌 - 진행중,안전거리미확보,건조,맑음,단일로 - 기타,승용,여,54세,상해없음,승용,여,54세,경상
2012102400100318,2012년 10월 24일 14시,수요일,광주광역시 서구 화정동,경상사고,0,0,1,0,차대사람 - 기타,안전운전불이행,건조,맑음,기타 - 기타,화물,남,70세,상해없음,보행자,여,52세,경상
2012102400100319,2012년 10월 24일 14시,수요일,광주광역시 광산구 운남동,경상사고,0,0,2,0,차대차 - 측면직각충돌,안전운전불이행,건조,맑음,단일로 - 기타,승용,남,67세,상해없음,승용,남,32세,경상
2012102400100371,2012년 10월 24일 16시,수요일,광주광역시 북구 일곡동,중상사고,0,1,0,0,차대사람 - 횡단중,보행자보호의무위반,건조,맑음,단일로 - 기타,이륜,남,18세,상해없음,보행자,남,7세,중상
2012102400100372,2012년 10월 24일 16시,수요일,광주광역시 광산구 운남동,경상사고,0,0,1,0,차대차 - 기타,안전운전불이행,건조,맑음,단일로 - 기타,승용,남,33세,상해없음,이륜,남,46세,경상