사고번호,사고일시,요일,시군구,사고내용,사망자수,중상자수,경상자수,부상신고자수,사고유형,법규위반,노면상태,기상상태,도로형태,가해운전자 차종,가해운전자 성별,가해운전자 연령,가해운전자 상해정도,피해운전자 차종,피해운전자 성별,피해운전자 연령,피해운전자 상해정도
2012102400100406,2012년 10월 24일 17시,수요일,광주광역시 광산구 월계동,경상사고,0,0,2,0,차대차 - 기타,중앙선침범,건조,맑음,단일로 - 기타,자전거,남,13세,경상,승용,남,42세,상해없음
2012102400100451,2012년 10월 24일 18시,수요일,광주광역시 서구 쌍촌동,경상사고,0,0,1,0,차대차 - 측면직각충돌,안전운전불이행,건조,맑음,교차로 - 교차로안,승합,남,43세,상해없음,승용,남,57세,경상
2012102400100452,2012년 10월 24일 18시,수요일,광주광역시 남구 봉선동,중상사고,0,1,0,0,차대사람 - 기타,보행자보호의무위반,건조,맑음,단일로 - 기타,승합,남,57세,상해없음,보행자,남,77세,중상
2012102400100453,2012년 10월 24일 18시,수요일,광주광역시 광산구 우산동,경상사고,0,0,1,0,차량단독 - 공작물충돌,안전운전불이행,건조,맑음,단일로 - 기타,승용,남,40세,경상,,,,
2012102400100454,2012년 10월 24일 18시,수요일,광주광역시 광산구 송정동,경상사고,0,0,1,0,차대차 - 추돌 - 주정차중,안전운전불이행,건조,맑음,교차로 - 교차로안,승용,남,51세,상해없음,화물,남,41세,경상
2012102400100455,2012년 10월 24일 18시,수요일,광주광역시 광산구 우산동,경상사고,0,0,1,0,차대차 - 추돌 - 진행중,안전거리미확보,건조,맑음,단일로 - 기타,화물,남,48세,상해없음,화물,남,48세,경상
2012102400100490,2012년 10월 24일 19시,수요일,광주광역시 동구 지산동,경상사고,0,0,1,0,차대차 - 추돌 - 진행중,안전거리미확보,건조,맑음,단일로 - 기타,화물,남,45세,상해없음,승용,여,39세,경상
2012102400100491,2012년 10월 24일 19시,수요일,광주광역시 북구 동림동,중상사고,0,1,0,0,차대사람 - 횡단중,안전운전불이행,건조,맑음,단일로 - 기타,승용,남,27세,상해없음,보행자,남,50세,중상
2012102400100492,2012년 10월 24일 19시,수요일,광주광역시 광산구 소촌동,경상사고,0,0,1,0,차대차 - 추돌 - 진행중,안전운전불이행,건조,맑음,단일로 - 기타,승용,여,37세,상해없음,승용,남,42세,경상
2012102400100559,2012년 10월 24일 21시,수요일,광주광역시 서구 양동,경상사고,0,0,1,0,차대차 - 측면직각충돌,차로위반,건조,맑음,단일로 - 기타,승용,남,67세,상해없음,승용,여,33세,경상
2012102400100591,2012년 10월 24일 22시,수요일,광주광역시 서구 광천동,경상사고,0,0,1,0,차대사람 - 횡단중,안전운전불이행,건조,맑음,단일로 - 기타,기타불명,남,기타불명,기타불명,보행자,여,19세,경상
2012102400100592,2012년 10월 24일 22시,수요일,광주광역시 광산구 도산동,경상사고,0,0,1,0,차대사람 - 횡단중,안전운전불이행,건조,맑음,단일로 - 기타,기타불명,기타불명,기타불명,기타불명,보행자,여,15세,경상
2012102500100021,2012년 10월 25일 00시,목요일,광주광역시 동구 학동,경상사고,0,0,1,0,차대차 - 측면직각충돌,교차로운행방법위반,건조,맑음,교차로 - 교차로안,승용,남,27세,상해없음,승용,여,43세,경상
2012102500100053,2012년 10월 25일 03시,목요일,광주광역시 서구 쌍촌동,경상사고,0,0,1,0,차대사람 - 기타,안전운전불이행,건조,맑음,기타 - 기타,승용,남,19세,상해없음,보행자,남,33세,경상
2012102500100054,2012년 10월 25일 03시,목요일,광주광역시 광산구 우산동,경상사고,0,0,1,0,차대차 - 측면직각충돌,중앙선침범,건조,맑음,단일로 - 기타,승용,남,49세,상해없음,승용,남,28세,경상
2012102500100094,2012년 10월 25일 06시,목요일,광주광역시 남구 월산동,중상사고,0,1,0,0,차대사람 - 횡단중,안전운전불이행,건조,맑음,교차로 - 교차로부근,화물,남,41세,상해없음,보행자,남,56세,중상
2012102500100122,2012년 10월 25일 07시,목요일,광주광역시 서구 농성동,경상사고,0,0,2,0,차대차 - 추돌 - 진행중,안전거리미확보,건조,맑음,단일로 - 기타,승용,남,33세,상해없음,승용,여,57세,경상
2012102500100123,2012년 10월 25일 07시,목요일,광주광역시 북구 용봉동,경상사고,0,0,1,0,차대차 - 추돌 - 주정차중,안전운전불이행,건조,맑음,교차로 - 교차로안,승용,여,49세,경상,승용,남,39세,기타불명
2012102500100170,2012년 10월 25일 08시,목요일,광주광역시 광산구 하남동,경상사고,0,0,1,0,차대차 - 측면직각충돌,차로위반,건조,맑음,단일로 - 기타,승용,남,43세,상해없음,승용,남,46세,경상
2012102500100172,2012년 10월 25일 08시,목요일,광주광역시 광산구 장덕동,경상사고,0,0,2,0,차대차 - 측면직각충돌,신호위반,건조,맑음,교차로 - 교차로안,승용,여,30세,상해없음,승용,남,51세,경상
2012102500100173,2012년 10월 25일 08시,목요일,광주광역시 광산구 송정동,경상사고,0,0,1,0,차대차 - 추돌 - 주정차중,안전거리미확보,건조,맑음,교차로 - 교차로부근,승용,남,54세,상해없음,승용,여,46세,경상
2012102500100192,2012년 10월 25일 09시,목요일,광주광역시 서구 금호동,경상사고,0,0,3,0,차대차 - 측면직각충돌,교차로운행방법위반,건조,맑음,교차로 - 교차로안,승용,남,36세,상해없음,승합,남,54세,경상
2012102500100219,2012년 10월 25일 10시,목요일,광주광역시 동구 수기동,경상사고,0,0,1,0,차대차 - 측면직각충돌,안전거리미확보,건조,맑음,단일로 - 기타,승용,남,70세,상해없음,승합,남,46세,상해없음
2012102500100220,2012년 10월 25일 10시,목요일,광주광역시 남구 월산동,경상사고,0,0,1,0,차대차 - 측면직각충돌,안전운전불이행,건조,맑음,교차로 - 교차로부근,승합,남,56세,상해없음,승용,남,40세,경상
2012102500100245,2012년 10월 25일 11시,목요일,광주광역시 서구 광천동,경상사고,0,0,2,0,차대차 - 기타,안전거리미확보,건조,맑음,단일로 - 기타,승용,남,51세,상해없음,승용,남,62세,경상
2012102500100268,2012년 10월 25일 12시,목요일,광주광역시 서구 농성동,부상신고사고,0,0,0,1,차대사람 - 기타,안전운전불이행,건조,맑음,교차로 - 교차로부근,승용,남,54세,상해없음,보행자,남,28세,부상신고
2012102500100374,2012년 10월 25일 16시,목요일,광주광역시 서구 광천동,경상사고,0,0,2,0,차대차 - 측면직각충돌,신호위반,건조,맑음,교차로 - 교차로부근,승용,여,29세,경상,승용,여,59세,경상
2012102500100375,2012년 10월 25일 16시,목요일,광주광역시 서구 화정동,경상사고,0,0,1,0,차대차 - 추돌 - 주정차중,안전운전불이행,건조,맑음,교차로 - 교차로부근,승용,여,47세,상해없음,승용,여,40세,경상
2012102500100377,2012년 10월 25일 16시,목요일,광주광역시 남구 월산동,중상사고,0,1,0,0,차대사람 - 횡단중,보행자보호의무위반,건조,맑음,단일로 - 기타,승용,여,52세,상해없음,보행자,남,11세,중상
2012102500100409,2012년 10월 25일 17시,목요일,광주광역시 서구 광천동,중상사고,0,1,0,0,차대차 - 추돌 - 주정차중,안전운전불이행,건조,맑음,단일로 - 기타,이륜,남,61세,중상,화물,남,51세,기타불명
2012102500100410,2012년 10월 25일 17시,목요일,광주광역시 북구 우산동,경상사고,0,0,2,0,차대차 - 측면직각충돌,안전거리미확보,건조,맑음,단일로 - 기타,승용,남,72세,경상,승용,남,26세,경상
2012102500100500,2012년 10월 25일 19시,목요일,광주광역시 서구 쌍촌동,경상사고,0,0,3,0,차대차 - 측면직각충돌,안전운전불이행,건조,맑음,단일로 - 기타,승용,남,39세,기타불명,승용,남,24세,경상
2012102500100501,2012년 10월 25일 19시,목요일,광주광역시 광산구 하남동,경상사고,0,0,1,0,차대차 - 정면충돌,중앙선침범,건조,맑음,단일로 - 기타,화물,기타불명,기타불명,기타불명,특수,남,57세,경상
2012102500100533,2012년 10월 25일 20시,목요일,광주광역시 광산구 신창동,경상사고,0,0,1,0,차대차 - 측면직각충돌,안전운전불이행,건조,맑음,단일로 - 기타,승용,남,43세,상해없음,원동기,남,38세,경상
2012102500100567,2012년 10월 25일 21시,목요일,광주광역시 서구 치평동,경상사고,0,0,2,0,차대차 - 추돌 - 주정차중,안전운전불이행,건조,맑음,교차로 - 교차로안,승용,남,44세,상해없음,승용,여,47세,경상
2012102500100568,2012년 10월 25일 21시,목요일,광주광역시 광산구 월계동,사망사고,1,0,1,0,차대차 - 측면직각충돌,안전운전불이행,건조,맑음,교차로 - 교차로부근,승용,남,18세,상해없음,원동기,남,16세,사망
2012102500100597,2012년 10월 25일 22시,목요일,광주광역시 남구 월산동,경상사고,0,0,1,0,차대사람 - 기타,안전운전불이행,건조,맑음,단일로 - 기타,승용,남,48세,상해없음,보행자,여,46세,경상
2012102500100615,2012년 10월 25일 23시,목요일,광주광역시 서구 화정동,경상사고,0,0,1,0,차대차 - 추돌 - 주정차중,안전운전불이행,건조,맑음,교차로 - 교차로부근,기타불명,기타불명,기타불명,기타불명,승용,여,47세,경상
2012102500100616,2012년 10월 25일 23시,목요일,광주광역시 북구 우산동,경상사고,0,0,2,0,차대차 - 추돌 - 주정차중,안전운전불이행,건조,맑음,교차로 - 교차로부근,승용,여,35세,상해없음,승합,남,29세,경상
2012102600100018,2012년 10월 26일 00시,금요일,광주광역시 서구 풍암동,경상사고,0,0,1,0,차대사람 - 보도통행중,안전운전불이행,건조,맑음,교차로 - 교차로안,승용,남,55세,상해없음,보행자,남,26세,경상
2012102600100019,2012년 10월 26일 00시,금요일,광주광역시 북구 신용동,경상사고,0,0,1,0,차대차 - 정면충돌,중앙선침범,건조,맑음,교차로 - 교차로안,승용,남,37세,상해없음,승용,남,51세,경상
2012102600100020,2012년 10월 26일 00시,금요일,광주광역시 북구 우산동,경상사고,0,0,1,0,차대차 - 추돌 - 주정차중,안전거리미확보,건조,맑음,교차로 - 교차로부근,승용,남,36세,상해없음,승용,남,42세,상해없음
2012102600100040,2012년 10월 26일 01시,금요일,광주광역시 광산구 신창동,경상사고,0,0,1,0,차량단독 - 공작물충돌,안전운전불이행,건조,맑음,단일로 - 기타,승용,남,34세,경상,,,,
2012102600100110,2012년 10월 26일 06시,금요일,광주광역시 서구 매월동,경상사고,0,0,10,0,차대차 - 측면직각충돌,차로위반,건조,맑음,단일로 - 기타,승용,남,26세,상해없음,승용,여,51세,경상
2012102600100146,2012년 10월 26일 07시,금요일,광주광역시 광산구 용동,경상사고,0,0,1,0,차대사람 - 기타,안전운전불이행,건조,맑음,기타 - 기타,화물,남,60세,상해없음,보행자,남,22세,경상
2012102600100197,2012년 10월 26일 08시,금요일,광주광역시 광산구 하남동,중상사고,0,1,2,0,차대차 - 측면직각충돌,안전운전불이행,건조,맑음,단일로 - 기타,화물,남,36세,경상,승용,남,64세,중상
2012102600100198,2012년 10월 26일 08시,금요일,광주광역시 광산구 장록동,경상사고,0,0,2,0,차대차 - 추돌 - 진행중,안전거리미확보,건조,맑음,교차로 - 교차로부근,승용,남,48세,상해없음,승용,남,57세,경상
2012102600100232,2012년 10월 26일 09시,금요일,광주광역시 북구 양산동,경상사고,0,0,1,0,차대사람 - 기타,안전운전불이행,건조,맑음,단일로 - 기타,승용,여,35세,상해없음,보행자,여,79세,경상
2012102600100307,2012년 10월 26일 12시,금요일,광주광역시 광산구 월계동,경상사고,0,0,1,0,차대차 - 측면직각충돌,신호위반,건조,맑음,교차로 - 교차로안,이륜,남,54세,경상,승용,남,45세,상해없음
2012102600100336,2012년 10월 26일 13시,금요일,광주광역시 동구 궁동,경상사고,0,0,1,0,차대사람 - 기타,안전운전불이행,건조,맑음,단일로 - 기타,승용,남,76세,상해없음,보행자,남,77세,경상
2012102600100337,2012년 10월 26일 13시,금요일,광주광역시 남구 월산동,경상사고,0,0,1,0,차대사람 - 기타,안전운전불이행,건조,맑음,단일로 - 기타,승용,남,53세,상해없음,보행자,여,64세,경상
2012102600100338,2012년 10월 26일 13시,금요일,광주광역시 광산구 신창동,경상사고,0,0,2,0,차대사람 - 기타,보행자보호의무위반,건조,맑음,교차로 - 교차로부근,화물,남,41세,상해없음,보행자,여,28세,경상
2012102600100437,2012년 10월 26일 16시,금요일,광주광역시 서구 농성동,경상사고,0,0,2,0,차대차 - 기타,안전거리미확보,건조,맑음,교차로 - 교차로부근,화물,남,24세,상해없음,승용,여,50세,경상
2012102600100438,2012년 10월 26일 16시,금요일,광주광역시 서구 화정동,경상사고,0,0,1,0,차대차 - 측면직각충돌,교차로운행방법위반,건조,맑음,교차로 - 교차로안,승용,여,62세,상해없음,승용,여,25세,경상
2012102600100567,2012년 10월 26일 19시,금요일,광주광역시 북구 임동,부상신고사고,0,0,0,1,차대사람 - 기타,안전운전불이행,건조,맑음,교차로 - 교차로안,기타불명,기타불명,기타불명,기타불명,보행자,남,61세,부상신고
2012102600100637,2012년 10월 26일 21시,금요일,광주광역시 서구 치평동,경상사고,0,0,1,0,차대사람 - 기타,보행자보호의무위반,건조,맑음,기타 - 기타,승용,남,22세,상해없음,보행자,여,24세,경상
2012102600100638,2012년 10월 26일 21시,금요일,광주광역시 남구 봉선동,경상사고,0,0,1,0,차대사람 - 횡단중,안전운전불이행,건조,맑음,단일로 - 횡단보도상,승용,여,62세,상해없음,보행자,남,59세,경상
2012102600100639,2012년 10월 26일 21시,금요일,광주광역시 남구 진월동,경상사고,0,0,1,0,차대차 - 측면직각충돌,교차로운행방법위반,건조,맑음,교차로 - 교차로안,승용,여,53세,상해없음,승용,남,45세,경상
2012102600100640,2012년 10월 26일 21시,금요일,광주광역시 북구 용봉동,경상사고,0,0,1,0,차대차 - 추돌 - 주정차중,안전거리미확보,건조,맑음,단일로 - 기타,승합,남,50세,상해없음,승용,남,33세,경상
2012102600100641,2012년 10월 26일 21시,금요일,광주광역시 광산구 송정동,경상사고,0,0,1,0,차대차 - 측면직각충돌,안전운전불이행,건조,맑음,교차로 - 교차로안,원동기,남,44세,상해없음,자전거,남,18세,경상
2012102600100696,2012년 10월 26일 23시,금요일,광주광역시 동구 산수동,경상사고,0,0,1,0,차대사람 - 횡단중,보행자보호의무위반,건조,흐림,교차로 - 교차로안,승용,남,48세,상해없음,보행자,여,31세,경상
2012102700100029,2012년 10월 27일 00시,토요일,광주광역시 광산구 우산동,중상사고,0,1,2,0,차대차 - 측면직각충돌,교차로운행방법위반,건조,맑음,교차로 - 교차로안,승용,남,28세,상해없음,원동기,남,16세,중상
2012102700100050,2012년 10월 27일 01시,토요일,광주광역시 남구 월산동,사망사고,1,0,0,0,차대사람 - 횡단중,안전운전불이행,건조,맑음,단일로 - 기타,승용,남,42세,상해없음,보행자,남,40세,사망
2012102700100051,2012년 10월 27일 01시,토요일,광주광역시 북구 용봉동,경상사고,0,0,1,0,차대사람 - 횡단중,안전운전불이행,건조,맑음,단일로 - 기타,승용,여,48세,상해없음,보행자,여,6세,경상
2012102700100052,2012년 10월 27일 01시,토요일,광주광역시 북구 각화동,부상신고사고,0,0,0,1,차량단독 - 전도전복,안전운전불이행,건조,맑음,단일로 - 기타,기타불명,기타불명,기타불명,기타불명,,,,
2012102700100068,2012년 10월 27일 02시,토요일,광주광역시 동구 금동,경상사고,0,0,1,0,차대사람 - 길가장자리구역통행중,안전운전불이행,건조,맑음,단일로 - 기타,승용,남,57세,상해없음,보행자,남,19세,경상
2012102700100069,2012년 10월 27일 02시,토요일,광주광역시 남구 서동,경상사고,0,0,2,0,차대차 - 추돌 - 진행중,안전운전불이행,건조,맑음,단일로 - 횡단보도부근,승용,남,22세,상해없음,승용,남,51세,경상
2012102700100070,2012년 10월 27일 02시,토요일,광주광역시 북구 용봉동,경상사고,0,0,2,0,차대차 - 측면직각충돌,안전운전불이행,건조,맑음,단일로 - 기타,승용,남,30세,상해없음,승용,남,26세,경상
2012102700100087,2012년 10월 27일 03시,토요일,광주광역시 북구 매곡동,경상사고,0,0,1,0,차대차 - 추돌 - 주정차중,안전거리미확보,건조,맑음,단일로 - 기타,승용,남,34세,상해없음,승용,남,28세,경상
2012102700100107,2012년 10월 27일 04시,토요일,광주광역시 북구 양산동,경상사고,0,0,1,0,차대차 - 추돌 - 주정차중,안전운전불이행,건조,맑음,교차로 - 교차로부근,승용,여,49세,상해없음,승용,여,26세,경상
2012102700100130,2012년 10월 27일 05시,토요일,광주광역시 서구 유촌동,중상사고,0,1,0,0,차량단독 - 기타,안전운전불이행,습기,비,교차로 - 교차로안,원동기,남,24세,중상,,,,
2012102700100161,2012년 10월 27일 06시,토요일,광주광역시 광산구 신가동,경상사고,0,0,2,0,차대차 - 측면직각충돌,신호위반,건조,맑음,교차로 - 교차로안,승용,여,58세,경상,승용,남,26세,경상
2012102700100162,2012년 10월 27일 06시,토요일,광주광역시 광산구 도천동,경상사고,0,0,1,0,차대차 - 측면직각충돌,안전운전불이행,습기,비,교차로 - 교차로안,승용,남,56세,경상,화물,남,60세,상해없음
2012102700100203,2012년 10월 27일 08시,토요일,광주광역시 동구 용산동,경상사고,0,0,2,0,차대차 - 추돌 - 진행중,안전운전불이행,건조,맑음,교차로 - 교차로부근,승용,남,40세,상해없음,승용,남,54세,경상
2012102700100204,2012년 10월 27일 08시,토요일,광주광역시 남구 월산동,경상사고,0,0,1,0,차대차 - 기타,안전운전불이행,습기,비,교차로 - 교차로부근,승용,여,28세,상해없음,화물,남,45세,경상
2012102700100234,2012년 10월 27일 09시,토요일,광주광역시 남구 백운동,경상사고,0,0,1,0,차대차 - 기타,안전운전불이행,습기,비,단일로 - 기타,승용,남,63세,상해없음,승합,남,52세,상해없음
2012102700100236,2012년 10월 27일 09시,토요일,광주광역시 광산구 수완동,중상사고,0,1,1,0,차대차 - 추돌 - 진행중,안전거리미확보,습기,비,단일로 - 기타,이륜,남,40세,중상,화물,남,64세,경상
2012102700100342,2012년 10월 27일 12시,토요일,광주광역시 서구 치평동,경상사고,0,0,3,0,차대차 - 측면직각충돌,차로위반,건조,맑음,단일로 - 기타,승용,남,53세,상해없음,승용,남,28세,경상
2012102700100343,2012년 10월 27일 12시,토요일,광주광역시 북구 문흥동,중상사고,0,1,0,0,차대차 - 측면직각충돌,신호위반,습기,비,교차로 - 교차로안,승용,남,27세,상해없음,원동기,남,37세,중상
2012102700100380,2012년 10월 27일 13시,토요일,광주광역시 동구 금동,경상사고,0,0,1,0,차대사람 - 기타,안전운전불이행,습기,비,교차로 - 교차로부근,승합,남,76세,상해없음,보행자,남,27세,경상
2012102700100381,2012년 10월 27일 13시,토요일,광주광역시 서구 농성동,경상사고,0,0,5,0,차대차 - 기타,교차로운행방법위반,습기,비,교차로 - 교차로안,승용,여,59세,상해없음,승용,여,42세,경상
2012102700100456,2012년 10월 27일 15시,토요일,광주광역시 서구 광천동,경상사고,0,0,2,0,차대차 - 기타,신호위반,습기,비,교차로 - 교차로안,승용,남,68세,상해없음,승용,남,37세,경상
2012102700100457,2012년 10월 27일 15시,토요일,광주광역시 남구 봉선동,경상사고,0,0,1,0,차대차 - 기타,신호위반,습기,비,교차로 - 교차로안,승용,여,42세,상해없음,승합,남,52세,경상
2012102700100507,2012년 10월 27일 16시,토요일,광주광역시 광산구 월계동,경상사고,0,0,3,0,차대차 - 추돌 - 진행중,안전운전불이행,건조,맑음,단일로 - 기타,승용,여,48세,경상,승용,여,22세,경상
2012102700100559,2012년 10월 27일 17시,토요일,광주광역시 광산구 신가동,경상사고,0,0,1,1,차대차 - 추돌 - 주정차중,안전거리미확보,습기,비,교차로 - 교차로부근,이륜,남,19세,부상신고,승용,남,51세,경상
2012102700100627,2012년 10월 27일 18시,토요일,광주광역시 광산구 장덕동,경상사고,0,0,3,0,차대차 - 기타,안전운전불이행,건조,맑음,단일로 - 기타,화물,남,39세,상해없음,승용,남,29세,경상
2012102700100680,2012년 10월 27일 19시,토요일,광주광역시 광산구 쌍암동,경상사고,0,0,1,0,차대차 - 기타,안전거리미확보,습기,비,단일로 - 기타,승용,남,47세,상해없음,승용,남,20세,경상
2012102700100681,2012년 10월 27일 19시,토요일,광주광역시 광산구 운남동,경상사고,0,0,1,0,차대차 - 추돌 - 진행중,안전운전불이행,습기,비,단일로 - 기타,기타불명,기타불명,기타불명,기타불명,자전거,남,14세,경상
2012102700100729,2012년 10월 27일 20시,토요일,광주광역시 서구 매월동,경상사고,0,0,2,0,차대차 - 추돌 - 주정차중,안전운전불이행,습기,흐림,단일로 - 기타,화물,남,35세,상해없음,승용,여,53세,경상
2012102700100730,2012년 10월 27일 20시,토요일,광주광역시 북구 신안동,경상사고,0,0,2,0,차량단독 - 공작물충돌,안전운전불이행,습기,비,교차로 - 교차로안,승용,남,49세,상해없음,,,,
2012102700100731,2012년 10월 27일 20시,토요일,광주광역시 광산구 산월동,경상사고,0,0,1,0,차대차 - 추돌 - 진행중,안전거리미확보,습기,흐림,교차로 - 교차로부근,승용,남,39세,상해없음,승용,남,45세,경상
2012102700100781,2012년 10월 27일 21시,토요일,광주광역시 북구 중흥동,경상사고,0,0,1,0,차대사람 - 차도통행중,안전운전불이행,건조,맑음,기타 - 기타,승용,남,33세,상해없음,보행자,여,26세,경상
2012102700100782,2012년 10월 27일 21시,토요일,광주광역시 북구 용봉동,경상사고,0,0,3,0,차대차 - 기타,안전거리미확보,건조,맑음,단일로 - 기타,승용,남,90세 이상,상해없음,승용,남,90세 이상,경상
2012102700100845,2012년 10월 27일 23시,토요일,광주광역시 서구 금호동,경상사고,0,0,1,0,차량단독 - 기타,안전운전불이행,건조,맑음,단일로 - 기타,화물,남,52세,상해없음,,,,
2012102700100846,2012년 10월 27일 23시,토요일,광주광역시 서구 화정동,중상사고,0,1,0,0,차대차 - 추돌 - 진행중,안전거리미확보,습기,비,단일로 - 기타,승용,여,29세,상해없음,이륜,남,49세,중상
2012102700100847,2012년 10월 27일 23시,토요일,광주광역시 서구 쌍촌동,경상사고,0,0,1,0,차대차 - 측면직각충돌,안전거리미확보,건조,맑음,단일로 - 기타,승용,남,26세,상해없음,이륜,남,45세,경상
2012102800100023,2012년 10월 28일 00시,일요일,광주광역시 북구 양산동,경상사고,0,0,1,0,차대차 - 추돌 - 진행중,안전운전불이행,건조,맑음,단일로 - 기타,승용,남,37세,상해없음,승용,여,47세,경상
2012102800100060,2012년 10월 28일 02시,일요일,광주광역시 서구 금호동,경상사고,0,0,3,0,차대사람 - 기타,안전운전불이행,건조,맑음,단일로 - 기타,승용,남,26세,상해없음,보행자,남,48세,경상
2012102800100089,2012년 10월 28일 04시,일요일,광주광역시 서구 광천동,중상사고,0,1,0,0,차대사람 - 차도통행중,안전운전불이행,건조,맑음,단일로 - 기타,승용,여,26세,상해없음,보행자,남,48세,중상
2012102800100101,2012년 10월 28일 05시,일요일,광주광역시 북구 운암동,경상사고,0,0,1,0,차대차 - 기타,안전운전불이행,건조,맑음,단일로 - 기타,승용,남,37세,상해없음,화물,남,46세,상해없음
2012102800100113,2012년 10월 28일 06시,일요일,광주광역시 북구 임동,중상사고,0,1,2,0,차대차 - 측면직각충돌,신호위반,건조,맑음,교차로 - 교차로안,승용,남,24세,경상,승용,남,42세,경상
2012102800100150,2012년 10월 28일 08시,일요일,광주광역시 광산구 송정동,경상사고,0,0,2,0,차대차 - 추돌 - 주정차중,안전운전불이행,건조,맑음,단일로 - 기타,승용,남,40세,상해없음,승용,여,35세,경상
2012102800100185,2012년 10월 28일 10시,일요일,광주광역시 남구 방림동,경상사고,0,0,6,0,차대차 - 측면직각충돌,안전거리미확보,건조,맑음,단일로 - 기타,이륜,남,41세,경상,승합,남,48세,상해없음
2012102800100210,2012년 10월 28일 11시,일요일,광주광역시 남구 진월동,중상사고,0,1,0,0,차대차 - 측면직각충돌,안전운전불이행,건조,맑음,단일로 - 기타,승용,여,43세,상해없음,이륜,남,32세,중상
2012102800100236,2012년 10월 28일 12시,일요일,광주광역시 북구 신안동,경상사고,0,0,1,0,차대사람 - 차도통행중,안전운전불이행,기타,기타,단일로 - 기타,기타불명,기타불명,기타불명,기타불명,보행자,남,17세,경상
2012102800100237,2012년 10월 28일 12시,일요일,광주광역시 북구 동림동,중상사고,0,1,0,0,차대차 - 측면직각충돌,안전거리미확보,건조,맑음,단일로 - 기타,승용,남,31세,상해없음,화물,남,55세,중상
2012102800100265,2012년 10월 28일 13시,일요일,광주광역시 서구 광천동,경상사고,0,0,2,0,차대차 - 측면직각충돌,안전거리미확보,건조,맑음,단일로 - 기타,화물,남,48세,상해없음,승용,여,48세,경상
2012102800100297,2012년 10월 28일 14시,일요일,광주광역시 동구 대인동,경상사고,0,0,1,0,차대사람 - 기타,안전운전불이행,건조,맑음,단일로 - 기타,승용,여,38세,상해없음,보행자,남,73세,경상
2012102800100298,2012년 10월 28일 14시,일요일,광주광역시 동구 산수동,중상사고,0,1,0,0,차량단독 - 기타,기타,건조,맑음,단일로 - 기타,화물,남,58세,중상,,,,
2012102800100380,2012년 10월 28일 16시,일요일,광주광역시 광산구 비아동,경상사고,0,0,5,0,차대차 - 추돌 - 진행중,교차로운행방법위반,건조,맑음,교차로 - 교차로안,승용,여,42세,상해없음,승용,남,43세,경상
2012102800100415,2012년 10월 28일 17시,일요일,광주광역시 광산구 송정동,경상사고,0,0,1,0,차대차 - 추돌 - 주정차중,안전운전불이행,건조,맑음,교차로 - 교차로부근,승용,여,57세,상해없음,승용,여,50세,경상
2012102800100465,2012년 10월 28일 18시,일요일,광주광역시 서구 풍암동,경상사고,0,0,1,0,차대차 - 측면직각충돌,안전거리미확보,건조,맑음,교차로 - 교차로부근,화물,남,61세,기타불명,승용,남,57세,경상
2012102800100466,2012년 10월 28일 18시,일요일,광주광역시 북구 중흥동,경상사고,0,0,1,0,차대차 - 측면직각충돌,교차로운행방법위반,건조,맑음,교차로 - 교차로안,승용,남,26세,상해없음,승용,여,32세,상해없음
2012102800100467,2012년 10월 28일 18시,일요일,광주광역시 광산구 장덕동,경상사고,0,0,1,0,차대차 - 추돌 - 진행중,안전거리미확보,건조,맑음,교차로 - 교차로부근,승용,여,36세,상해없음,승용,여,48세,경상
2012102800100468,2012년 10월 28일 18시,일요일,광주광역시 광산구 우산동,경상사고,0,0,7,0,차대차 - 추돌 - 진행중,안전거리미확보,건조,맑음,단일로 - 기타,승합,남,62세,상해없음,화물,남,31세,경상
2012102800100511,2012년 10월 28일 19시,일요일,광주광역시 북구 임동,경상사고,0,0,3,0,차대차 - 추돌 - 주정차중,안전운전불이행,건조,맑음,교차로 - 교차로부근,승용,남,55세,상해없음,승용,여,39세,경상
2012102800100512,2012년 10월 28일 19시,일요일,광주광역시 광산구 신창동,중상사고,0,1,1,0,차대차 - 추돌 - 진행중,신호위반,건조,맑음,교차로 - 교차로안,원동기,남,17세,중상,승용,남,36세,경상
2012102800100537,2012년 10월 28일 20시,일요일,광주광역시 북구 양산동,중상사고,0,1,0,0,차대차 - 측면직각충돌,교차로운행방법위반,건조,맑음,교차로 - 교차로안,승용,남,31세,상해없음,원동기,남,17세,중상
2012102800100538,2012년 10월 28일 20시,일요일,광주광역시 광산구 송정동,경상사고,0,0,4,0,차대차 - 측면직각충돌,직진우회전진행방해,건조,맑음,교차로 - 교차로안,승용,남,38세,경상,승용,남,44세,상해없음
2012102800100570,2012년 10월 28일 21시,일요일,광주광역시 동구 계림동,경상사고,0,0,1,0,차대차 - 측면직각충돌,직진우회전진행방해,건조,맑음,교차로 - 교차로안,승용,남,51세,상해없음,이륜,남,16세,경상