사고번호,사고일시,요일,시군구,사고내용,사망자수,중상자수,경상자수,부상신고자수,사고유형,법규위반,노면상태,기상상태,도로형태,가해운전자 차종,가해운전자 성별,가해운전자 연령,가해운전자 상해정도,피해운전자 차종,피해운전자 성별,피해운전자 연령,피해운전자 상해정도
2012110200100283,2012년 11월 2일 12시,금요일,광주광역시 남구 주월동,경상사고,0,0,3,0,차대차 - 측면직각충돌,안전거리미확보,건조,맑음,교차로 - 교차로부근,화물,여,64세,상해없음,승용,남,82세,경상
2012110200100313,2012년 11월 2일 13시,금요일,광주광역시 북구 본촌동,경상사고,0,0,2,0,차대차 - 기타,신호위반,건조,맑음,교차로 - 교차로안,승용,여,52세,상해없음,승용,여,33세,경상
2012110200100348,2012년 11월 2일 14시,금요일,광주광역시 동구 학동,경상사고,0,0,1,0,차대차 - 측면직각충돌,안전운전불이행,건조,맑음,단일로 - 기타,승용,여,53세,상해없음,자전거,남,72세,경상
2012110200100349,2012년 11월 2일 14시,금요일,광주광역시 동구 학동,경상사고,0,0,1,0,차대차 - 추돌 - 진행중,안전거리미확보,건조,맑음,단일로 - 기타,승용,여,42세,상해없음,승용,여,41세,경상
2012110200100350,2012년 11월 2일 14시,금요일,광주광역시 서구 광천동,경상사고,0,0,1,0,차대차 - 기타,안전거리미확보,건조,맑음,단일로 - 기타,이륜,남,42세,상해없음,승용,남,26세,경상
2012110200100351,2012년 11월 2일 14시,금요일,광주광역시 남구 백운동,경상사고,0,0,1,0,차대차 - 측면직각충돌,안전운전불이행,건조,맑음,단일로 - 기타,승용,남,77세,상해없음,승용,남,60세,경상
2012110200100352,2012년 11월 2일 14시,금요일,광주광역시 북구 신안동,경상사고,0,0,1,0,차대차 - 측면직각충돌,안전운전불이행,건조,맑음,기타 - 기타,기타불명,기타불명,기타불명,기타불명,승용,남,31세,경상
2012110200100414,2012년 11월 2일 16시,금요일,광주광역시 서구 농성동,경상사고,0,0,1,0,차대차 - 추돌 - 진행중,안전운전불이행,건조,흐림,단일로 - 기타,승용,여,48세,상해없음,승용,남,24세,경상
2012110200100456,2012년 11월 2일 17시,금요일,광주광역시 서구 광천동,경상사고,0,0,2,0,차대차 - 측면직각충돌,안전운전불이행,건조,맑음,교차로 - 교차로안,승용,여,46세,상해없음,승용,여,31세,경상
2012110200100512,2012년 11월 2일 18시,금요일,광주광역시 동구 대인동,경상사고,0,0,1,0,차대사람 - 기타,안전운전불이행,건조,맑음,교차로 - 교차로부근,승용,남,74세,상해없음,보행자,남,42세,경상
2012110200100513,2012년 11월 2일 18시,금요일,광주광역시 남구 지석동,경상사고,0,0,2,0,차대차 - 추돌 - 진행중,안전거리미확보,건조,맑음,단일로 - 기타,승용,남,27세,상해없음,승용,남,27세,경상
2012110200100514,2012년 11월 2일 18시,금요일,광주광역시 북구 신용동,중상사고,0,1,0,0,차대차 - 추돌 - 진행중,안전운전불이행,건조,맑음,교차로 - 교차로부근,화물,남,45세,상해없음,화물,남,63세,상해없음
2012110200100570,2012년 11월 2일 19시,금요일,광주광역시 서구 농성동,경상사고,0,0,4,0,차대차 - 추돌 - 진행중,안전거리미확보,건조,맑음,단일로 - 기타,승용,남,48세,상해없음,승용,남,31세,경상
2012110200100571,2012년 11월 2일 19시,금요일,광주광역시 남구 주월동,중상사고,0,1,0,0,차대사람 - 기타,안전운전불이행,건조,맑음,단일로 - 기타,승용,남,44세,상해없음,보행자,남,65세,중상
2012110200100615,2012년 11월 2일 20시,금요일,광주광역시 광산구 쌍암동,경상사고,0,0,1,0,차대차 - 정면충돌,교차로운행방법위반,건조,맑음,교차로 - 교차로안,승용,남,56세,상해없음,승용,남,31세,상해없음
2012110200100709,2012년 11월 2일 23시,금요일,광주광역시 북구 각화동,경상사고,0,0,1,0,차대사람 - 횡단중,보행자보호의무위반,건조,맑음,교차로 - 교차로안,승용,남,37세,상해없음,보행자,여,17세,경상
2012110300100029,2012년 11월 3일 00시,토요일,광주광역시 남구 주월동,경상사고,0,0,1,0,차대차 - 정면충돌,안전운전불이행,건조,맑음,단일로 - 기타,승용,여,23세,상해없음,승용,남,49세,경상
2012110300100119,2012년 11월 3일 05시,토요일,광주광역시 서구 쌍촌동,경상사고,0,0,1,0,차대사람 - 기타,안전운전불이행,건조,맑음,단일로 - 기타,승용,여,39세,상해없음,보행자,남,17세,경상
2012110300100135,2012년 11월 3일 06시,토요일,광주광역시 서구 광천동,경상사고,0,0,2,0,차대차 - 측면직각충돌,안전거리미확보,건조,맑음,단일로 - 기타,승용,남,20세,상해없음,승용,남,60세,경상
2012110300100160,2012년 11월 3일 07시,토요일,광주광역시 북구 신안동,경상사고,0,0,1,0,차대차 - 기타,중앙선침범,건조,맑음,단일로 - 기타,자전거,여,69세,경상,승용,남,62세,상해없음
2012110300100191,2012년 11월 3일 08시,토요일,광주광역시 동구 소태동,경상사고,0,0,1,0,차대차 - 측면직각충돌,교차로운행방법위반,건조,맑음,교차로 - 교차로안,이륜,남,47세,경상,승용,여,52세,상해없음
2012110300100192,2012년 11월 3일 08시,토요일,광주광역시 북구 신안동,중상사고,0,1,0,0,차대차 - 측면직각충돌,안전운전불이행,건조,맑음,단일로 - 기타,승용,남,36세,상해없음,자전거,남,66세,중상
2012110300100256,2012년 11월 3일 10시,토요일,광주광역시 동구 충장로4가,경상사고,0,0,1,0,차대차 - 추돌 - 진행중,안전운전불이행,습기,비,교차로 - 교차로부근,승용,남,45세,기타불명,승용,남,29세,경상
2012110300100257,2012년 11월 3일 10시,토요일,광주광역시 광산구 수완동,경상사고,0,0,1,0,차대차 - 측면직각충돌,안전거리미확보,건조,맑음,단일로 - 기타,승용,여,44세,상해없음,승용,남,39세,상해없음
2012110300100298,2012년 11월 3일 11시,토요일,광주광역시 북구 운암동,경상사고,0,0,1,0,차대차 - 추돌 - 주정차중,안전운전불이행,건조,맑음,미분류 - 미분류,승용,남,51세,상해없음,승용,남,68세,경상
2012110300100299,2012년 11월 3일 11시,토요일,광주광역시 광산구 우산동,경상사고,0,0,2,0,차대차 - 측면직각충돌,안전운전불이행,건조,맑음,교차로 - 교차로부근,승용,여,63세,상해없음,이륜,남,62세,경상
2012110300100336,2012년 11월 3일 12시,토요일,광주광역시 서구 광천동,경상사고,0,0,2,0,차대차 - 추돌 - 진행중,안전거리미확보,건조,맑음,단일로 - 기타,승용,여,65세,상해없음,승용,여,40세,경상
2012110300100337,2012년 11월 3일 12시,토요일,광주광역시 북구 누문동,경상사고,0,0,1,0,차량단독 - 도로외이탈 - 추락,안전운전불이행,건조,맑음,교차로 - 교차로부근,승용,여,28세,상해없음,,,,
2012110300100374,2012년 11월 3일 13시,토요일,광주광역시 북구 중흥동,부상신고사고,0,0,0,1,차대사람 - 횡단중,보행자보호의무위반,건조,맑음,교차로 - 교차로안,이륜,기타불명,기타불명,기타불명,보행자,여,19세,부상신고
2012110300100419,2012년 11월 3일 14시,토요일,광주광역시 북구 운암동,중상사고,0,1,0,0,차대차 - 측면직각충돌,교차로운행방법위반,건조,맑음,교차로 - 교차로안,화물,남,46세,상해없음,자전거,남,28세,중상
2012110300100463,2012년 11월 3일 15시,토요일,광주광역시 광산구 양동,경상사고,0,0,1,0,차대차 - 측면직각충돌,안전운전불이행,건조,맑음,단일로 - 기타,화물,남,62세,상해없음,승용,여,59세,경상
2012110300100499,2012년 11월 3일 16시,토요일,광주광역시 북구 운암동,부상신고사고,0,0,0,1,차대차 - 추돌 - 진행중,안전운전불이행,건조,맑음,단일로 - 기타,화물,남,51세,상해없음,이륜,남,35세,부상신고
2012110300100500,2012년 11월 3일 16시,토요일,광주광역시 광산구 도천동,경상사고,0,0,3,0,차대차 - 측면직각충돌,교차로운행방법위반,건조,맑음,교차로 - 교차로안,화물,남,50세,상해없음,승용,남,63세,경상
2012110300100536,2012년 11월 3일 17시,토요일,광주광역시 서구 풍암동,경상사고,0,0,1,0,차대사람 - 기타,안전운전불이행,건조,맑음,단일로 - 횡단보도상,승용,여,64세,상해없음,보행자,남,11세,경상
2012110300100537,2012년 11월 3일 17시,토요일,광주광역시 서구 치평동,경상사고,0,0,4,0,차대차 - 측면직각충돌,차로위반,건조,맑음,단일로 - 기타,승용,남,67세,상해없음,승용,남,23세,경상
2012110300100538,2012년 11월 3일 17시,토요일,광주광역시 북구 우산동,중상사고,0,1,0,0,차대차 - 측면직각충돌,안전거리미확보,건조,맑음,교차로 - 교차로안,화물,남,60세,상해없음,원동기,남,41세,중상
2012110300100539,2012년 11월 3일 17시,토요일,광주광역시 북구 두암동,경상사고,0,0,5,0,차대차 - 측면직각충돌,안전거리미확보,건조,맑음,단일로 - 기타,승용,남,63세,경상,승용,남,27세,경상
2012110300100540,2012년 11월 3일 17시,토요일,광주광역시 광산구 신가동,경상사고,0,0,1,0,차대차 - 측면직각충돌,안전운전불이행,건조,맑음,교차로 - 교차로부근,승용,남,54세,상해없음,승용,남,41세,경상
2012110300100599,2012년 11월 3일 18시,토요일,광주광역시 서구 화정동,사망사고,1,0,0,0,차대사람 - 기타,안전운전불이행,건조,맑음,단일로 - 기타,승용,남,30세,상해없음,보행자,남,70세,사망
2012110300100600,2012년 11월 3일 18시,토요일,광주광역시 서구 화정동,경상사고,0,0,1,0,차대사람 - 기타,안전운전불이행,건조,맑음,단일로 - 기타,승용,남,49세,상해없음,보행자,남,51세,경상
2012110300100642,2012년 11월 3일 19시,토요일,광주광역시 동구 대인동,경상사고,0,0,1,0,차대사람 - 기타,안전운전불이행,건조,맑음,교차로 - 교차로안,승용,남,49세,상해없음,보행자,여,40세,경상
2012110300100643,2012년 11월 3일 19시,토요일,광주광역시 서구 쌍촌동,경상사고,0,0,3,0,차대차 - 기타,안전거리미확보,건조,맑음,단일로 - 기타,승용,남,53세,경상,승용,남,43세,상해없음
2012110300100644,2012년 11월 3일 19시,토요일,광주광역시 북구 각화동,경상사고,0,0,1,0,차대차 - 기타,안전운전불이행,건조,맑음,단일로 - 기타,승용,남,38세,상해없음,원동기,남,17세,경상
2012110300100678,2012년 11월 3일 20시,토요일,광주광역시 동구 대인동,경상사고,0,0,1,0,차대사람 - 기타,안전운전불이행,건조,맑음,단일로 - 기타,기타불명,기타불명,기타불명,기타불명,보행자,여,41세,경상
2012110300100679,2012년 11월 3일 20시,토요일,광주광역시 서구 쌍촌동,경상사고,0,0,2,0,차대차 - 기타,중앙선침범,건조,맑음,교차로 - 교차로부근,승용,여,38세,상해없음,이륜,남,18세,경상
2012110300100719,2012년 11월 3일 21시,토요일,광주광역시 북구 유동,경상사고,0,0,3,0,차대차 - 측면직각충돌,안전운전불이행,건조,맑음,단일로 - 기타,승용,남,39세,경상,승용,남,51세,경상
2012110300100720,2012년 11월 3일 21시,토요일,광주광역시 북구 운암동,경상사고,0,0,1,0,차대차 - 추돌 - 주정차중,안전운전불이행,건조,맑음,교차로 - 교차로부근,승용,남,39세,상해없음,승용,남,46세,경상
2012110300100721,2012년 11월 3일 21시,토요일,광주광역시 광산구 장덕동,중상사고,0,1,4,0,차대차 - 측면직각충돌,신호위반,건조,맑음,교차로 - 교차로안,승용,여,37세,상해없음,승용,남,45세,경상
2012110300100793,2012년 11월 3일 23시,토요일,광주광역시 남구 월산동,중상사고,0,1,0,0,차대사람 - 횡단중,보행자보호의무위반,건조,맑음,단일로 - 횡단보도상,승용,남,36세,상해없음,보행자,남,29세,중상
2012110400100017,2012년 11월 4일 00시,일요일,광주광역시 북구 문흥동,중상사고,0,1,0,0,차대사람 - 기타,안전운전불이행,건조,맑음,단일로 - 기타,승용,남,27세,상해없음,보행자,여,26세,중상
2012110400100025,2012년 11월 4일 00시,일요일,광주광역시 광산구 월곡동,경상사고,0,0,1,0,차대차 - 측면직각충돌,안전거리미확보,건조,맑음,단일로 - 기타,승용,남,58세,상해없음,원동기,남,17세,경상
2012110400100040,2012년 11월 4일 01시,일요일,광주광역시 남구 월산동,경상사고,0,0,1,0,차대사람 - 기타,안전운전불이행,건조,맑음,단일로 - 기타,승용,남,32세,상해없음,보행자,남,17세,경상
2012110400100041,2012년 11월 4일 01시,일요일,광주광역시 북구 각화동,부상신고사고,0,0,0,1,차량단독 - 기타,안전운전불이행,건조,맑음,단일로 - 기타,승용,여,43세,부상신고,,,,
2012110400100057,2012년 11월 4일 02시,일요일,광주광역시 남구 월산동,경상사고,0,0,1,0,차대사람 - 차도통행중,안전운전불이행,건조,맑음,단일로 - 기타,승용,남,59세,상해없음,보행자,남,23세,경상
2012110400100069,2012년 11월 4일 03시,일요일,광주광역시 남구 서동,경상사고,0,0,2,0,차대차 - 측면직각충돌,신호위반,건조,맑음,교차로 - 교차로안,승용,남,22세,상해없음,승용,남,46세,경상
2012110400100084,2012년 11월 4일 04시,일요일,광주광역시 동구 불로동,경상사고,0,0,2,0,차대차 - 측면직각충돌,신호위반,건조,맑음,교차로 - 교차로안,승용,남,55세,상해없음,승용,남,52세,상해없음
2012110400100227,2012년 11월 4일 13시,일요일,광주광역시 서구 치평동,경상사고,0,0,1,0,차대사람 - 횡단중,보행자보호의무위반,습기,비,단일로 - 횡단보도상,승용,여,39세,상해없음,보행자,여,39세,경상
2012110400100228,2012년 11월 4일 13시,일요일,광주광역시 남구 백운동,경상사고,0,0,1,0,차대차 - 정면충돌,중앙선침범,습기,비,단일로 - 기타,승용,남,43세,상해없음,승용,여,47세,경상
2012110400100263,2012년 11월 4일 14시,일요일,광주광역시 남구 주월동,경상사고,0,0,1,0,차대차 - 기타,중앙선침범,습기,비,단일로 - 횡단보도상,승용,여,49세,상해없음,화물,남,48세,경상
2012110400100293,2012년 11월 4일 15시,일요일,광주광역시 서구 금호동,경상사고,0,0,1,0,차대차 - 기타,안전운전불이행,습기,흐림,단일로 - 기타,승용,여,51세,상해없음,승용,남,28세,상해없음
2012110400100294,2012년 11월 4일 15시,일요일,광주광역시 광산구 신창동,경상사고,0,0,2,0,차대차 - 측면직각충돌,교차로운행방법위반,습기,비,교차로 - 교차로안,승용,남,68세,상해없음,승용,여,33세,경상
2012110400100327,2012년 11월 4일 16시,일요일,광주광역시 서구 쌍촌동,경상사고,0,0,1,0,차대차 - 측면직각충돌,교차로운행방법위반,건조,맑음,교차로 - 교차로안,승용,남,27세,상해없음,승용,여,29세,경상
2012110400100369,2012년 11월 4일 17시,일요일,광주광역시 서구 서창동,경상사고,0,0,2,0,차대차 - 추돌 - 주정차중,안전운전불이행,습기,비,교차로 - 교차로안,승용,남,43세,상해없음,승용,남,33세,경상
2012110400100447,2012년 11월 4일 18시,일요일,광주광역시 북구 오치동,경상사고,0,0,5,0,차대차 - 추돌 - 진행중,안전운전불이행,습기,비,단일로 - 기타,승용,남,55세,상해없음,화물,남,40세,경상
2012110400100512,2012년 11월 4일 19시,일요일,광주광역시 동구 계림동,경상사고,0,0,4,0,차대차 - 추돌 - 진행중,안전운전불이행,건조,맑음,단일로 - 기타,승용,남,53세,상해없음,승용,남,28세,경상
2012110400100513,2012년 11월 4일 19시,일요일,광주광역시 서구 치평동,경상사고,0,0,4,0,차대차 - 추돌 - 주정차중,안전운전불이행,습기,흐림,교차로 - 교차로부근,승용,남,51세,상해없음,승용,남,31세,경상
2012110400100514,2012년 11월 4일 19시,일요일,광주광역시 서구 풍암동,중상사고,0,1,0,0,차대사람 - 기타,보행자보호의무위반,건조,맑음,교차로 - 교차로부근,승용,여,33세,상해없음,보행자,여,53세,중상
2012110400100515,2012년 11월 4일 19시,일요일,광주광역시 서구 농성동,경상사고,0,0,1,0,차대차 - 측면직각충돌,교차로운행방법위반,건조,맑음,교차로 - 교차로안,승용,남,32세,상해없음,승용,남,52세,경상
2012110400100516,2012년 11월 4일 19시,일요일,광주광역시 북구 두암동,경상사고,0,0,2,0,차대차 - 기타,교차로운행방법위반,습기,비,교차로 - 교차로안,화물,남,51세,상해없음,이륜,남,54세,경상
2012110400100517,2012년 11월 4일 19시,일요일,광주광역시 북구 망월동,경상사고,0,0,1,0,차량단독 - 전도전복,안전운전불이행,습기,비,교차로 - 교차로부근,승합,남,52세,경상,,,,
2012110400100518,2012년 11월 4일 19시,일요일,광주광역시 북구 오룡동,경상사고,0,0,2,0,차대차 - 추돌 - 주정차중,안전운전불이행,건조,맑음,교차로 - 교차로부근,승용,여,45세,상해없음,화물,남,70세,경상
2012110400100519,2012년 11월 4일 19시,일요일,광주광역시 광산구 송정동,경상사고,0,0,1,0,차대차 - 측면직각충돌,안전운전불이행,건조,맑음,단일로 - 기타,승용,여,46세,상해없음,원동기,남,16세,경상
2012110400100569,2012년 11월 4일 20시,일요일,광주광역시 광산구 송정동,경상사고,0,0,1,0,차대차 - 측면직각충돌,안전거리미확보,습기,비,단일로 - 기타,승용,남,50세,상해없음,이륜,남,17세,경상
2012110400100605,2012년 11월 4일 21시,일요일,광주광역시 북구 운암동,경상사고,0,0,1,0,차대차 - 추돌 - 진행중,안전거리미확보,건조,맑음,교차로 - 교차로부근,승용,남,45세,상해없음,승용,남,65세,상해없음
2012110400100606,2012년 11월 4일 21시,일요일,광주광역시 광산구 운수동,경상사고,0,0,3,0,차대차 - 측면직각충돌,안전거리미확보,건조,맑음,단일로 - 기타,화물,남,26세,상해없음,승용,남,39세,경상
2012110400100670,2012년 11월 4일 23시,일요일,광주광역시 서구 쌍촌동,부상신고사고,0,0,0,1,차대사람 - 기타,안전운전불이행,건조,맑음,단일로 - 기타,승용,기타불명,기타불명,기타불명,보행자,남,50세,부상신고
2012110500100010,2012년 11월 5일 00시,월요일,광주광역시 북구 용봉동,경상사고,0,0,2,0,차대차 - 기타,중앙선침범,건조,흐림,단일로 - 기타,승용,남,38세,기타불명,승용,남,46세,경상
2012110500100052,2012년 11월 5일 05시,월요일,광주광역시 북구 유동,사망사고,1,0,0,0,차대사람 - 횡단중,안전운전불이행,건조,맑음,단일로 - 기타,승용,남,31세,상해없음,보행자,여,62세,사망
2012110500100111,2012년 11월 5일 07시,월요일,광주광역시 북구 매곡동,경상사고,0,0,1,0,차대사람 - 횡단중,안전운전불이행,건조,맑음,단일로 - 기타,기타불명,기타불명,기타불명,기타불명,보행자,남,16세,경상
2012110500100160,2012년 11월 5일 08시,월요일,광주광역시 서구 동천동,경상사고,0,0,1,0,차대차 - 추돌 - 진행중,안전거리미확보,건조,맑음,단일로 - 기타,화물,남,66세,상해없음,승용,남,43세,경상
2012110500100324,2012년 11월 5일 14시,월요일,광주광역시 북구 오치동,중상사고,0,1,0,0,차대사람 - 기타,안전운전불이행,건조,맑음,단일로 - 기타,승용,여,44세,상해없음,보행자,여,82세,중상
2012110500100358,2012년 11월 5일 15시,월요일,광주광역시 서구 농성동,경상사고,0,0,3,0,차대차 - 추돌 - 주정차중,안전운전불이행,습기,비,교차로 - 교차로부근,화물,남,53세,상해없음,승용,남,55세,경상
2012110500100502,2012년 11월 5일 18시,월요일,광주광역시 북구 각화동,경상사고,0,0,1,0,차량단독 - 기타,기타,건조,맑음,단일로 - 기타,승합,남,50세,상해없음,,,,
2012110500100538,2012년 11월 5일 19시,월요일,광주광역시 남구 주월동,경상사고,0,0,2,0,차대차 - 측면직각충돌,신호위반,건조,맑음,교차로 - 교차로안,승용,남,31세,상해없음,승용,남,69세,경상
2012110500100608,2012년 11월 5일 21시,월요일,광주광역시 서구 광천동,경상사고,0,0,1,0,차대차 - 기타,안전거리미확보,건조,맑음,기타 - 기타,승용,남,60세,상해없음,승용,남,27세,경상
2012110500100648,2012년 11월 5일 22시,월요일,광주광역시 남구 주월동,경상사고,0,0,1,0,차대차 - 기타,안전거리미확보,건조,맑음,단일로 - 기타,기타불명,기타불명,기타불명,기타불명,승용,남,32세,경상
2012110500100685,2012년 11월 5일 23시,월요일,광주광역시 북구 양산동,경상사고,0,0,1,0,차대차 - 추돌 - 진행중,안전운전불이행,습기,비,단일로 - 기타,승용,남,22세,상해없음,승용,남,48세,상해없음
2012110600100029,2012년 11월 6일 00시,화요일,광주광역시 북구 신안동,경상사고,0,0,1,0,차대사람 - 기타,안전운전불이행,습기,비,단일로 - 기타,승용,남,29세,상해없음,보행자,남,59세,경상
2012110600100052,2012년 11월 6일 01시,화요일,광주광역시 서구 치평동,경상사고,0,0,2,0,차대차 - 기타,안전거리미확보,습기,흐림,단일로 - 기타,승용,남,40세,상해없음,승용,남,29세,경상
2012110600100086,2012년 11월 6일 03시,화요일,광주광역시 북구 운암동,중상사고,0,1,1,0,차대사람 - 횡단중,신호위반,습기,비,단일로 - 횡단보도상,승용,남,53세,상해없음,보행자,여,46세,중상
2012110600100107,2012년 11월 6일 05시,화요일,광주광역시 동구 산수동,경상사고,0,0,1,0,차대차 - 기타,안전거리미확보,건조,맑음,단일로 - 기타,이륜,남,52세,경상,승용,남,56세,상해없음
2012110600100128,2012년 11월 6일 06시,화요일,광주광역시 서구 광천동,경상사고,0,0,1,0,차대사람 - 횡단중,안전운전불이행,건조,맑음,단일로 - 기타,화물,남,56세,상해없음,보행자,여,53세,경상
2012110600100158,2012년 11월 6일 07시,화요일,광주광역시 서구 쌍촌동,경상사고,0,0,1,0,차대사람 - 길가장자리구역통행중,안전운전불이행,건조,맑음,기타 - 기타,승용,남,50세,상해없음,보행자,남,17세,경상
2012110600100194,2012년 11월 6일 08시,화요일,광주광역시 서구 풍암동,경상사고,0,0,1,0,차대사람 - 기타,안전운전불이행,습기,흐림,단일로 - 기타,승용,여,65세,상해없음,보행자,남,58세,경상
2012110600100195,2012년 11월 6일 08시,화요일,광주광역시 북구 중흥동,부상신고사고,0,0,0,1,차대차 - 측면직각충돌,안전운전불이행,건조,맑음,교차로 - 교차로부근,기타불명,기타불명,기타불명,기타불명,기타불명,미분류,기타불명,기타불명
2012110600100226,2012년 11월 6일 09시,화요일,광주광역시 북구 용봉동,경상사고,0,0,1,0,차대차 - 측면직각충돌,교차로운행방법위반,건조,흐림,교차로 - 교차로안,승합,남,56세,상해없음,이륜,여,43세,경상
2012110600100250,2012년 11월 6일 10시,화요일,광주광역시 동구 대인동,경상사고,0,0,1,0,차대사람 - 횡단중,안전운전불이행,건조,맑음,단일로 - 기타,이륜,남,48세,상해없음,보행자,여,68세,경상
2012110600100288,2012년 11월 6일 12시,화요일,광주광역시 동구 대인동,중상사고,0,1,0,0,차대사람 - 횡단중,안전운전불이행,건조,흐림,교차로 - 교차로안,자전거,남,42세,상해없음,보행자,남,79세,중상
2012110600100315,2012년 11월 6일 13시,화요일,광주광역시 북구 오치동,경상사고,0,0,1,0,차대차 - 측면직각충돌,안전거리미확보,건조,맑음,교차로 - 교차로부근,승용,여,49세,상해없음,이륜,남,58세,경상
2012110600100345,2012년 11월 6일 14시,화요일,광주광역시 북구 두암동,경상사고,0,0,1,0,차대차 - 추돌 - 진행중,안전거리미확보,건조,흐림,단일로 - 기타,승용,남,52세,상해없음,승용,여,51세,경상
2012110600100383,2012년 11월 6일 15시,화요일,광주광역시 서구 쌍촌동,경상사고,0,0,1,0,차대사람 - 기타,안전운전불이행,건조,흐림,단일로 - 기타,승용,남,47세,상해없음,보행자,여,7세,경상
2012110600100384,2012년 11월 6일 15시,화요일,광주광역시 북구 각화동,경상사고,0,0,1,0,차대사람 - 횡단중,안전운전불이행,건조,맑음,단일로 - 기타,승용,남,38세,상해없음,보행자,여,13세,경상
2012110600100409,2012년 11월 6일 16시,화요일,광주광역시 남구 진월동,경상사고,0,0,1,0,차대차 - 기타,안전거리미확보,건조,맑음,단일로 - 기타,승합,남,33세,상해없음,승용,남,63세,경상
2012110600100451,2012년 11월 6일 17시,화요일,광주광역시 남구 송하동,경상사고,0,0,1,0,차대차 - 추돌 - 진행중,안전운전불이행,건조,맑음,단일로 - 기타,승용,남,54세,상해없음,승용,남,35세,경상
2012110600100452,2012년 11월 6일 17시,화요일,광주광역시 북구 우산동,경상사고,0,0,1,0,차대차 - 기타,안전운전불이행,건조,맑음,단일로 - 기타,승용,남,59세,상해없음,이륜,남,19세,경상
2012110600100505,2012년 11월 6일 18시,화요일,광주광역시 북구 오치동,부상신고사고,0,0,0,1,차대차 - 측면직각충돌,안전운전불이행,건조,맑음,단일로 - 기타,원동기,기타불명,기타불명,기타불명,자전거,남,11세,부상신고
2012110600100506,2012년 11월 6일 18시,화요일,광주광역시 광산구 신창동,경상사고,0,0,4,0,차대차 - 측면직각충돌,차로위반,건조,맑음,단일로 - 기타,승용,여,22세,상해없음,승용,남,50세,경상
2012110600100546,2012년 11월 6일 19시,화요일,광주광역시 동구 학동,중상사고,0,1,0,0,차대차 - 정면충돌,신호위반,건조,맑음,교차로 - 교차로안,승용,남,63세,상해없음,승용,여,55세,중상
2012110600100547,2012년 11월 6일 19시,화요일,광주광역시 남구 주월동,경상사고,0,0,1,0,차대차 - 기타,안전운전불이행,건조,맑음,단일로 - 기타,승용,여,63세,상해없음,승용,여,52세,경상
2012110600100548,2012년 11월 6일 19시,화요일,광주광역시 광산구 신창동,경상사고,0,0,1,0,차대차 - 측면직각충돌,안전거리미확보,건조,맑음,단일로 - 기타,승용,남,18세,기타불명,승용,여,41세,경상
2012110600100575,2012년 11월 6일 20시,화요일,광주광역시 광산구 산월동,경상사고,0,0,2,0,차대차 - 추돌 - 진행중,안전운전불이행,건조,맑음,교차로 - 교차로부근,화물,남,34세,상해없음,승용,남,40세,경상
2012110600100576,2012년 11월 6일 20시,화요일,광주광역시 광산구 산정동,경상사고,0,0,1,0,차량단독 - 기타,안전운전불이행,건조,맑음,단일로 - 기타,승합,남,53세,상해없음,,,,
2012110600100624,2012년 11월 6일 22시,화요일,광주광역시 북구 양산동,사망사고,1,0,0,0,차대차 - 측면직각충돌,안전거리미확보,건조,맑음,단일로 - 기타,승용,남,61세,상해없음,원동기,남,16세,사망
2012110600100625,2012년 11월 6일 22시,화요일,광주광역시 북구 운암동,경상사고,0,0,1,1,차대차 - 측면직각충돌,안전운전불이행,건조,맑음,단일로 - 기타,승용,남,47세,상해없음,승용,남,50세,경상
2012110600100660,2012년 11월 6일 23시,화요일,광주광역시 북구 매곡동,경상사고,0,0,1,0,차대차 - 측면직각충돌,신호위반,건조,맑음,교차로 - 교차로부근,승용,기타불명,기타불명,기타불명,자전거,남,54세,경상
2012110600100661,2012년 11월 6일 23시,화요일,광주광역시 광산구 신창동,경상사고,0,0,1,0,차대차 - 측면직각충돌,안전거리미확보,건조,맑음,단일로 - 기타,승용,남,33세,상해없음,원동기,남,19세,상해없음
2012110700100022,2012년 11월 7일 00시,수요일,광주광역시 서구 세하동,경상사고,0,0,1,0,차대사람 - 기타,안전운전불이행,건조,맑음,단일로 - 기타,승용,남,29세,상해없음,보행자,남,25세,경상
2012110700100097,2012년 11월 7일 06시,수요일,광주광역시 북구 연제동,경상사고,0,0,2,0,차대차 - 측면직각충돌,중앙선침범,건조,맑음,단일로 - 기타,승용,남,30세,상해없음,승용,남,25세,경상
2012110700100121,2012년 11월 7일 07시,수요일,광주광역시 광산구 수완동,경상사고,0,0,2,0,차대차 - 측면직각충돌,신호위반,건조,맑음,교차로 - 교차로안,승용,남,61세,경상,승용,남,34세,경상
2012110700100122,2012년 11월 7일 07시,수요일,광주광역시 광산구 옥동,경상사고,0,0,1,0,차대차 - 측면직각충돌,안전운전불이행,건조,맑음,교차로 - 교차로부근,화물,남,42세,경상,건설기계,남,39세,상해없음
2012110700100154,2012년 11월 7일 08시,수요일,광주광역시 서구 유촌동,경상사고,0,0,2,0,차대차 - 측면직각충돌,중앙선침범,건조,맑음,단일로 - 기타,승용,남,62세,상해없음,승용,남,45세,경상