사고번호,사고일시,요일,시군구,사고내용,사망자수,중상자수,경상자수,부상신고자수,사고유형,법규위반,노면상태,기상상태,도로형태,가해운전자 차종,가해운전자 성별,가해운전자 연령,가해운전자 상해정도,피해운전자 차종,피해운전자 성별,피해운전자 연령,피해운전자 상해정도
2012110700100185,2012년 11월 7일 09시,수요일,광주광역시 남구 서동,경상사고,0,0,1,0,차대차 - 기타,교차로운행방법위반,건조,맑음,교차로 - 교차로안,승용,남,30세,상해없음,자전거,남,24세,경상
2012110700100210,2012년 11월 7일 10시,수요일,광주광역시 서구 화정동,경상사고,0,0,1,0,차대차 - 측면직각충돌,안전거리미확보,건조,맑음,교차로 - 교차로부근,승용,남,52세,상해없음,승용,남,63세,경상
2012110700100211,2012년 11월 7일 10시,수요일,광주광역시 북구 양산동,경상사고,0,0,1,0,차대차 - 기타,안전운전불이행,건조,흐림,교차로 - 교차로부근,승용,남,42세,기타불명,화물,남,29세,경상
2012110700100241,2012년 11월 7일 11시,수요일,광주광역시 광산구 오선동,중상사고,0,6,0,0,차대차 - 측면직각충돌,차로위반,건조,맑음,단일로 - 기타,화물,여,57세,상해없음,화물,남,51세,중상
2012110700100265,2012년 11월 7일 12시,수요일,광주광역시 남구 구동,경상사고,0,0,1,0,차대차 - 기타,안전거리미확보,건조,맑음,단일로 - 횡단보도부근,자전거,남,90세 이상,경상,승용,남,90세 이상,상해없음
2012110700100413,2012년 11월 7일 17시,수요일,광주광역시 서구 농성동,경상사고,0,0,2,0,차대차 - 측면직각충돌,안전운전불이행,건조,맑음,단일로 - 기타,이륜,남,20세,경상,승용,남,40세,경상
2012110700100414,2012년 11월 7일 17시,수요일,광주광역시 남구 주월동,중상사고,0,1,0,0,차대차 - 정면충돌,신호위반,건조,맑음,교차로 - 교차로안,이륜,남,48세,중상,승용,남,28세,상해없음
2012110700100415,2012년 11월 7일 17시,수요일,광주광역시 북구 두암동,경상사고,0,0,2,0,차대차 - 측면직각충돌,중앙선침범,건조,맑음,단일로 - 기타,승용,남,65세,상해없음,승용,여,41세,경상
2012110700100478,2012년 11월 7일 18시,수요일,광주광역시 서구 치평동,경상사고,0,0,1,0,차대차 - 측면직각충돌,안전운전불이행,건조,맑음,교차로 - 교차로안,승용,남,54세,상해없음,승용,남,30세,경상
2012110700100479,2012년 11월 7일 18시,수요일,광주광역시 남구 주월동,경상사고,0,0,1,0,차대사람 - 차도통행중,안전운전불이행,건조,맑음,단일로 - 기타,승용,남,72세,상해없음,보행자,여,41세,경상
2012110700100480,2012년 11월 7일 18시,수요일,광주광역시 북구 두암동,경상사고,0,0,1,0,차대사람 - 기타,안전운전불이행,건조,맑음,단일로 - 기타,화물,남,44세,상해없음,보행자,여,31세,경상
2012110700100481,2012년 11월 7일 18시,수요일,광주광역시 북구 용전동,경상사고,0,0,2,0,차대차 - 측면직각충돌,교차로운행방법위반,건조,맑음,교차로 - 교차로안,승용,여,57세,상해없음,승용,남,60세,경상
2012110700100482,2012년 11월 7일 18시,수요일,광주광역시 북구 신안동,경상사고,0,0,1,0,차대차 - 추돌 - 진행중,안전운전불이행,건조,맑음,단일로 - 기타,승용,남,49세,상해없음,승용,남,62세,경상
2012110700100521,2012년 11월 7일 19시,수요일,광주광역시 남구 봉선동,경상사고,0,0,1,0,차대차 - 기타,안전운전불이행,건조,맑음,단일로 - 기타,승용,여,28세,상해없음,승용,남,71세,기타불명
2012110700100522,2012년 11월 7일 19시,수요일,광주광역시 광산구 신가동,경상사고,0,0,2,0,차대차 - 추돌 - 진행중,안전거리미확보,건조,맑음,단일로 - 기타,승용,기타불명,기타불명,기타불명,승합,남,67세,상해없음
2012110700100559,2012년 11월 7일 20시,수요일,광주광역시 서구 치평동,경상사고,0,0,1,0,차대차 - 측면직각충돌,신호위반,건조,맑음,교차로 - 교차로안,승합,남,64세,상해없음,승용,남,52세,경상
2012110700100560,2012년 11월 7일 20시,수요일,광주광역시 남구 봉선동,경상사고,0,0,1,0,차대차 - 측면직각충돌,교차로운행방법위반,건조,맑음,교차로 - 교차로부근,승용,남,26세,상해없음,이륜,남,20세,경상
2012110700100561,2012년 11월 7일 20시,수요일,광주광역시 북구 용봉동,경상사고,0,0,1,0,차대사람 - 기타,안전운전불이행,건조,맑음,단일로 - 기타,승용,남,77세,상해없음,보행자,남,17세,경상
2012110700100585,2012년 11월 7일 21시,수요일,광주광역시 광산구 수완동,경상사고,0,0,1,0,차대차 - 측면직각충돌,안전거리미확보,건조,맑음,단일로 - 기타,승용,남,51세,상해없음,승용,남,45세,상해없음
2012110700100611,2012년 11월 7일 22시,수요일,광주광역시 북구 두암동,경상사고,0,0,1,0,차대사람 - 기타,안전운전불이행,건조,맑음,단일로 - 기타,승용,남,53세,상해없음,보행자,남,42세,경상
2012110700100632,2012년 11월 7일 23시,수요일,광주광역시 동구 지산동,중상사고,0,1,1,0,차대사람 - 기타,안전운전불이행,건조,맑음,단일로 - 기타,승용,남,38세,상해없음,보행자,남,21세,경상
2012110700100633,2012년 11월 7일 23시,수요일,광주광역시 서구 치평동,경상사고,0,0,3,0,차대차 - 기타,안전운전불이행,건조,맑음,단일로 - 기타,승용,남,26세,기타불명,승용,남,20세,경상
2012110800100024,2012년 11월 8일 00시,목요일,광주광역시 광산구 월계동,중상사고,0,1,0,0,차대사람 - 차도통행중,안전운전불이행,건조,맑음,교차로 - 교차로안,승용,남,29세,상해없음,보행자,남,51세,중상
2012110800100064,2012년 11월 8일 03시,목요일,광주광역시 서구 치평동,경상사고,0,0,1,0,차대차 - 측면직각충돌,교차로운행방법위반,건조,맑음,교차로 - 교차로안,승용,남,60세,상해없음,화물,남,23세,상해없음
2012110800100075,2012년 11월 8일 04시,목요일,광주광역시 광산구 비아동,경상사고,0,0,1,0,차대사람 - 기타,안전운전불이행,건조,맑음,단일로 - 기타,승용,기타불명,기타불명,기타불명,보행자,여,25세,경상
2012110800100170,2012년 11월 8일 09시,목요일,광주광역시 북구 임동,경상사고,0,0,2,0,차대차 - 측면직각충돌,안전운전불이행,건조,맑음,단일로 - 기타,승용,남,27세,상해없음,화물,남,35세,경상
2012110800100195,2012년 11월 8일 10시,목요일,광주광역시 북구 동림동,경상사고,0,0,2,0,차대차 - 추돌 - 진행중,안전거리미확보,건조,맑음,단일로 - 기타,승용,남,45세,상해없음,승용,여,43세,경상
2012110800100212,2012년 11월 8일 11시,목요일,광주광역시 북구 일곡동,사망사고,1,1,0,0,차량단독 - 공작물충돌,안전운전불이행,건조,맑음,단일로 - 기타,원동기,남,21세,사망,,,,
2012110800100232,2012년 11월 8일 12시,목요일,광주광역시 북구 중흥동,중상사고,0,1,0,0,차대사람 - 횡단중,안전운전불이행,건조,맑음,단일로 - 기타,승용,여,33세,상해없음,보행자,남,58세,중상
2012110800100318,2012년 11월 8일 15시,목요일,광주광역시 북구 매곡동,경상사고,0,0,1,0,차대차 - 추돌 - 주정차중,안전운전불이행,건조,맑음,교차로 - 교차로안,승용,여,50세,상해없음,승용,여,49세,경상
2012110800100319,2012년 11월 8일 15시,목요일,광주광역시 북구 중흥동,경상사고,0,0,1,0,차대차 - 측면직각충돌,신호위반,건조,맑음,교차로 - 교차로안,승용,여,64세,상해없음,승용,남,27세,경상
2012110800100320,2012년 11월 8일 15시,목요일,광주광역시 북구 우산동,경상사고,0,0,1,0,차대사람 - 길가장자리구역통행중,안전운전불이행,건조,맑음,단일로 - 기타,승용,기타불명,기타불명,기타불명,보행자,여,50세,경상
2012110800100343,2012년 11월 8일 16시,목요일,광주광역시 북구 오치동,부상신고사고,0,0,0,1,차대차 - 기타,안전운전불이행,건조,맑음,단일로 - 기타,승용,여,38세,상해없음,자전거,남,30세,부상신고
2012110800100436,2012년 11월 8일 18시,목요일,광주광역시 서구 유촌동,부상신고사고,0,0,0,1,차대차 - 기타,안전운전불이행,건조,맑음,교차로 - 교차로안,이륜,남,64세,부상신고,승합,남,40세,상해없음
2012110800100437,2012년 11월 8일 18시,목요일,광주광역시 북구 임동,경상사고,0,0,1,0,차대차 - 측면직각충돌,신호위반,건조,맑음,교차로 - 교차로안,승용,여,45세,상해없음,이륜,남,34세,경상
2012110800100502,2012년 11월 8일 20시,목요일,광주광역시 동구 동명동,경상사고,0,0,4,0,차대차 - 추돌 - 주정차중,안전거리미확보,건조,맑음,단일로 - 기타,승용,남,31세,상해없음,승용,여,39세,경상
2012110800100528,2012년 11월 8일 21시,목요일,광주광역시 서구 쌍촌동,경상사고,0,0,1,0,차대차 - 기타,안전거리미확보,건조,맑음,단일로 - 기타,승용,남,49세,상해없음,이륜,남,31세,경상
2012110800100529,2012년 11월 8일 21시,목요일,광주광역시 서구 치평동,부상신고사고,0,0,0,1,차대차 - 측면직각충돌,안전운전불이행,건조,맑음,단일로 - 기타,승용,기타불명,기타불명,기타불명,자전거,남,15세,부상신고
2012110800100530,2012년 11월 8일 21시,목요일,광주광역시 남구 진월동,경상사고,0,0,2,0,차대차 - 측면직각충돌,신호위반,건조,맑음,교차로 - 교차로안,승합,여,58세,상해없음,승용,여,43세,경상
2012110800100531,2012년 11월 8일 21시,목요일,광주광역시 북구 두암동,중상사고,0,2,0,0,차대사람 - 횡단중,안전운전불이행,건조,맑음,단일로 - 기타,승용,남,60세,상해없음,보행자,남,51세,중상
2012110800100589,2012년 11월 8일 23시,목요일,광주광역시 동구 서석동,중상사고,0,1,0,0,차대사람 - 횡단중,안전운전불이행,건조,맑음,단일로 - 기타,승용,여,22세,상해없음,보행자,남,19세,중상
2012110900100029,2012년 11월 9일 01시,금요일,광주광역시 광산구 수완동,경상사고,0,0,1,0,차대차 - 기타,안전거리미확보,건조,맑음,단일로 - 기타,승용,남,33세,상해없음,승합,남,40세,경상
2012110900100050,2012년 11월 9일 02시,금요일,광주광역시 광산구 우산동,경상사고,0,0,1,0,차대차 - 추돌 - 진행중,안전거리미확보,건조,맑음,교차로 - 교차로부근,승용,남,27세,상해없음,승용,남,46세,경상
2012110900100051,2012년 11월 9일 02시,금요일,광주광역시 광산구 송정동,경상사고,0,0,1,0,차대사람 - 기타,안전운전불이행,건조,맑음,단일로 - 기타,승용,남,41세,상해없음,보행자,남,45세,경상
2012110900100061,2012년 11월 9일 03시,금요일,광주광역시 남구 백운동,경상사고,0,0,1,0,차대차 - 기타,안전운전불이행,건조,맑음,교차로 - 교차로안,원동기,남,16세,상해없음,승용,남,49세,상해없음
2012110900100117,2012년 11월 9일 07시,금요일,광주광역시 남구 진월동,경상사고,0,0,1,0,차대차 - 기타,안전운전불이행,건조,맑음,교차로 - 교차로부근,승용,남,54세,경상,승용,남,35세,상해없음
2012110900100118,2012년 11월 9일 07시,금요일,광주광역시 북구 양산동,부상신고사고,0,0,0,1,차대차 - 측면직각충돌,중앙선침범,건조,맑음,단일로 - 기타,승용,여,44세,부상신고,화물,남,51세,상해없음
2012110900100161,2012년 11월 9일 08시,금요일,광주광역시 서구 풍암동,경상사고,0,0,1,0,차대사람 - 길가장자리구역통행중,안전운전불이행,건조,맑음,단일로 - 기타,승용,여,43세,상해없음,보행자,여,17세,경상
2012110900100162,2012년 11월 9일 08시,금요일,광주광역시 북구 우산동,중상사고,0,1,0,0,차대사람 - 횡단중,신호위반,건조,맑음,단일로 - 횡단보도상,승용,여,35세,상해없음,보행자,남,72세,중상
2012110900100163,2012년 11월 9일 08시,금요일,광주광역시 북구 운암동,경상사고,0,0,1,0,차대사람 - 기타,기타,건조,맑음,단일로 - 기타,승합,남,51세,상해없음,보행자,여,53세,경상
2012110900100164,2012년 11월 9일 08시,금요일,광주광역시 북구 문흥동,중상사고,0,1,0,0,차대차 - 기타,안전운전불이행,건조,맑음,교차로 - 교차로안,승용,여,33세,상해없음,자전거,여,45세,중상
2012110900100165,2012년 11월 9일 08시,금요일,광주광역시 광산구 월계동,경상사고,0,0,3,0,차대차 - 측면직각충돌,신호위반,건조,맑음,교차로 - 교차로안,승용,남,65세,경상,승용,남,25세,경상
2012110900100212,2012년 11월 9일 10시,금요일,광주광역시 서구 쌍촌동,경상사고,0,0,1,0,차대사람 - 차도통행중,안전운전불이행,건조,맑음,단일로 - 기타,승용,여,48세,상해없음,보행자,남,78세,경상
2012110900100285,2012년 11월 9일 13시,금요일,광주광역시 동구 학동,경상사고,0,0,1,0,차대차 - 추돌 - 진행중,안전거리미확보,건조,흐림,미분류 - 미분류,승용,남,41세,상해없음,승용,여,43세,경상
2012110900100319,2012년 11월 9일 14시,금요일,광주광역시 동구 금남로5가,경상사고,0,0,2,0,차대차 - 측면직각충돌,안전거리미확보,건조,맑음,단일로 - 기타,승용,남,35세,경상,이륜,남,40세,경상
2012110900100320,2012년 11월 9일 14시,금요일,광주광역시 광산구 오선동,경상사고,0,0,2,0,차대차 - 측면직각충돌,신호위반,건조,맑음,교차로 - 교차로안,승용,남,34세,경상,화물,남,59세,경상
2012110900100360,2012년 11월 9일 15시,금요일,광주광역시 서구 광천동,경상사고,0,0,1,0,차대차 - 측면직각충돌,신호위반,건조,맑음,교차로 - 교차로부근,승용,여,54세,상해없음,자전거,남,31세,경상
2012110900100361,2012년 11월 9일 15시,금요일,광주광역시 북구 오치동,경상사고,0,0,1,0,차대차 - 기타,안전운전불이행,건조,맑음,단일로 - 횡단보도상,승용,남,37세,상해없음,자전거,남,79세,경상
2012110900100362,2012년 11월 9일 15시,금요일,광주광역시 북구 용봉동,경상사고,0,0,3,0,차대차 - 기타,안전운전불이행,건조,맑음,단일로 - 기타,승용,남,32세,경상,승용,여,30세,경상
2012110900100404,2012년 11월 9일 16시,금요일,광주광역시 광산구 신창동,경상사고,0,0,2,0,차대차 - 측면직각충돌,신호위반,건조,맑음,교차로 - 교차로안,승용,남,29세,경상,이륜,남,17세,경상
2012110900100450,2012년 11월 9일 17시,금요일,광주광역시 광산구 쌍암동,경상사고,0,0,1,0,차대차 - 측면직각충돌,교차로운행방법위반,건조,맑음,교차로 - 교차로안,화물,남,27세,상해없음,승용,여,39세,경상
2012110900100451,2012년 11월 9일 17시,금요일,광주광역시 광산구 선암동,경상사고,0,0,1,0,차대차 - 추돌 - 진행중,안전운전불이행,건조,맑음,단일로 - 기타,화물,남,50세,상해없음,승용,남,34세,상해없음
2012110900100510,2012년 11월 9일 18시,금요일,광주광역시 광산구 장덕동,경상사고,0,0,1,0,차대차 - 측면직각충돌,안전운전불이행,건조,맑음,교차로 - 교차로안,승용,여,37세,상해없음,자전거,남,14세,경상
2012110900100545,2012년 11월 9일 19시,금요일,광주광역시 서구 화정동,경상사고,0,0,1,0,차대차 - 정면충돌,중앙선침범,건조,맑음,교차로 - 교차로부근,승용,남,41세,상해없음,승용,여,42세,경상
2012110900100546,2012년 11월 9일 19시,금요일,광주광역시 북구 운암동,경상사고,0,0,3,0,차대차 - 추돌 - 진행중,안전거리미확보,건조,맑음,단일로 - 기타,승용,남,54세,상해없음,승용,남,41세,경상
2012110900100547,2012년 11월 9일 19시,금요일,광주광역시 북구 운암동,중상사고,0,1,0,0,차대차 - 측면직각충돌,안전운전불이행,건조,맑음,단일로 - 기타,승용,여,38세,상해없음,원동기,남,42세,중상
2012110900100586,2012년 11월 9일 20시,금요일,광주광역시 서구 금호동,경상사고,0,0,5,0,차대차 - 추돌 - 주정차중,안전운전불이행,건조,맑음,교차로 - 교차로부근,화물,남,37세,상해없음,승용,남,47세,경상
2012110900100614,2012년 11월 9일 21시,금요일,광주광역시 서구 쌍촌동,경상사고,0,0,1,0,차대차 - 측면직각충돌,안전운전불이행,건조,맑음,단일로 - 기타,승합,남,51세,상해없음,승용,남,31세,경상
2012110900100656,2012년 11월 9일 22시,금요일,광주광역시 남구 송하동,사망사고,1,0,0,0,차대사람 - 보도통행중,기타,건조,맑음,미분류 - 미분류,승용,남,46세,상해없음,보행자,남,55세,사망
2012110900100657,2012년 11월 9일 22시,금요일,광주광역시 북구 두암동,중상사고,0,1,0,0,차대사람 - 횡단중,신호위반,건조,맑음,교차로 - 교차로부근,이륜,남,17세,상해없음,보행자,여,61세,중상
2012110900100658,2012년 11월 9일 22시,금요일,광주광역시 광산구 양산동,경상사고,0,0,2,0,차대차 - 측면직각충돌,안전운전불이행,건조,맑음,단일로 - 기타,승합,남,49세,상해없음,승용,남,47세,경상
2012110900100689,2012년 11월 9일 23시,금요일,광주광역시 동구 용산동,경상사고,0,0,1,0,차량단독 - 기타,안전운전불이행,건조,맑음,단일로 - 기타,승용,여,47세,경상,,,,
2012111000100037,2012년 11월 10일 00시,토요일,광주광역시 광산구 안청동,중상사고,0,1,0,0,차대차 - 추돌 - 주정차중,안전운전불이행,건조,맑음,교차로 - 교차로부근,승용,여,26세,중상,화물,남,32세,상해없음
2012111000100038,2012년 11월 10일 00시,토요일,광주광역시 광산구 월계동,경상사고,0,0,1,0,차대차 - 정면충돌,안전운전불이행,건조,맑음,교차로 - 교차로부근,승용,남,53세,상해없음,화물,남,36세,경상
2012111000100053,2012년 11월 10일 01시,토요일,광주광역시 서구 광천동,경상사고,0,0,1,0,차대차 - 측면직각충돌,신호위반,건조,맑음,교차로 - 교차로안,승용,남,55세,상해없음,승용,남,38세,경상
2012111000100054,2012년 11월 10일 01시,토요일,광주광역시 서구 금호동,경상사고,0,0,4,0,차대차 - 추돌 - 진행중,안전운전불이행,건조,맑음,단일로 - 기타,승용,남,28세,상해없음,승용,남,63세,경상
2012111000100056,2012년 11월 10일 01시,토요일,광주광역시 북구 임동,경상사고,0,0,1,0,차대차 - 추돌 - 주정차중,안전거리미확보,건조,맑음,교차로 - 교차로부근,승용,남,27세,상해없음,승용,남,52세,상해없음
2012111000100113,2012년 11월 10일 04시,토요일,광주광역시 북구 각화동,경상사고,0,0,2,0,차대차 - 추돌 - 주정차중,안전거리미확보,건조,맑음,단일로 - 기타,승용,남,43세,상해없음,승용,남,37세,경상
2012111000100198,2012년 11월 10일 08시,토요일,광주광역시 광산구 신창동,경상사고,0,0,2,0,차대차 - 추돌 - 진행중,안전운전불이행,건조,맑음,단일로 - 기타,승용,여,46세,상해없음,승용,남,43세,경상
2012111000100199,2012년 11월 10일 08시,토요일,광주광역시 광산구 월계동,경상사고,0,0,2,0,차대차 - 측면직각충돌,안전운전불이행,건조,흐림,교차로 - 교차로안,승용,남,66세,상해없음,자전거,여,49세,경상
2012111000100220,2012년 11월 10일 09시,토요일,광주광역시 남구 봉선동,중상사고,0,1,0,0,차대사람 - 횡단중,보행자보호의무위반,건조,맑음,단일로 - 횡단보도상,승용,여,43세,상해없음,보행자,여,62세,중상
2012111000100256,2012년 11월 10일 10시,토요일,광주광역시 북구 운암동,중상사고,0,1,0,0,차대사람 - 횡단중,보행자보호의무위반,건조,맑음,단일로 - 기타,승용,여,53세,상해없음,보행자,여,7세,중상
2012111000100306,2012년 11월 10일 11시,토요일,광주광역시 서구 동천동,경상사고,0,0,1,0,차대차 - 측면직각충돌,교차로운행방법위반,건조,맑음,교차로 - 교차로안,승용,남,56세,상해없음,승용,여,52세,상해없음
2012111000100307,2012년 11월 10일 11시,토요일,광주광역시 북구 풍향동,중상사고,0,1,0,0,차대차 - 측면직각충돌,안전운전불이행,건조,맑음,교차로 - 교차로안,화물,남,24세,상해없음,자전거,남,68세,중상
2012111000100308,2012년 11월 10일 11시,토요일,광주광역시 광산구 월계동,경상사고,0,0,1,0,차대차 - 추돌 - 진행중,안전거리미확보,건조,맑음,교차로 - 교차로부근,승용,남,24세,상해없음,승용,여,43세,경상
2012111000100338,2012년 11월 10일 12시,토요일,광주광역시 동구 운림동,경상사고,0,0,1,0,차대차 - 추돌 - 진행중,안전운전불이행,건조,맑음,교차로 - 교차로부근,승용,남,47세,상해없음,이륜,남,73세,경상
2012111000100409,2012년 11월 10일 14시,토요일,광주광역시 동구 계림동,경상사고,0,0,1,0,차대차 - 측면직각충돌,직진우회전진행방해,건조,맑음,교차로 - 교차로안,승용,남,35세,상해없음,자전거,여,11세,경상
2012111000100410,2012년 11월 10일 14시,토요일,광주광역시 서구 화정동,중상사고,0,1,0,0,차대차 - 기타,안전운전불이행,건조,맑음,단일로 - 기타,이륜,남,51세,중상,승용,미분류,기타불명,기타불명
2012111000100411,2012년 11월 10일 14시,토요일,광주광역시 서구 유촌동,경상사고,0,0,3,0,차대차 - 측면직각충돌,안전운전불이행,건조,맑음,단일로 - 기타,승용,남,34세,경상,승용,남,29세,경상
2012111000100412,2012년 11월 10일 14시,토요일,광주광역시 광산구 소촌동,경상사고,0,0,1,0,차대차 - 추돌 - 진행중,안전거리미확보,건조,맑음,단일로 - 기타,승용,남,28세,상해없음,승용,남,33세,경상
2012111000100448,2012년 11월 10일 15시,토요일,광주광역시 남구 송하동,경상사고,0,0,1,0,차대차 - 기타,안전거리미확보,건조,맑음,기타 - 기타,승용,남,53세,기타불명,승용,남,58세,경상
2012111000100486,2012년 11월 10일 16시,토요일,광주광역시 북구 용봉동,부상신고사고,0,0,0,1,차대사람 - 길가장자리구역통행중,안전운전불이행,건조,맑음,단일로 - 기타,화물,남,55세,상해없음,보행자,여,17세,부상신고
2012111000100523,2012년 11월 10일 17시,토요일,광주광역시 북구 운암동,경상사고,0,0,1,0,차대사람 - 횡단중,보행자보호의무위반,건조,맑음,단일로 - 횡단보도상,화물,남,53세,상해없음,보행자,남,68세,경상
2012111000100524,2012년 11월 10일 17시,토요일,광주광역시 북구 동림동,경상사고,0,0,1,0,차대차 - 추돌 - 주정차중,안전운전불이행,건조,맑음,단일로 - 터널,승용,남,63세,상해없음,승용,남,40세,경상
2012111000100587,2012년 11월 10일 18시,토요일,광주광역시 동구 남동,경상사고,0,0,2,0,차대차 - 추돌 - 진행중,안전운전불이행,건조,맑음,단일로 - 기타,승용,남,54세,상해없음,승용,남,30세,경상
2012111000100588,2012년 11월 10일 18시,토요일,광주광역시 광산구 월계동,경상사고,0,0,4,0,차대차 - 추돌 - 주정차중,안전운전불이행,건조,맑음,교차로 - 교차로부근,승용,남,40세,상해없음,승용,여,34세,경상
2012111000100641,2012년 11월 10일 19시,토요일,광주광역시 서구 유촌동,경상사고,0,0,1,0,차대차 - 측면직각충돌,안전거리미확보,습기,비,단일로 - 기타,기타불명,기타불명,기타불명,기타불명,승용,여,46세,경상
2012111000100642,2012년 11월 10일 19시,토요일,광주광역시 북구 운암동,경상사고,0,0,1,0,차대차 - 측면직각충돌,신호위반,건조,맑음,교차로 - 교차로안,승용,여,52세,상해없음,원동기,남,19세,경상
2012111000100643,2012년 11월 10일 19시,토요일,광주광역시 북구 운암동,경상사고,0,0,1,0,차대차 - 기타,안전운전불이행,건조,맑음,단일로 - 교량,화물,남,53세,상해없음,승용,남,44세,상해없음
2012111000100680,2012년 11월 10일 20시,토요일,광주광역시 서구 금호동,경상사고,0,0,2,0,차대차 - 정면충돌,신호위반,건조,맑음,교차로 - 교차로안,승용,남,41세,상해없음,화물,여,43세,경상
2012111000100681,2012년 11월 10일 20시,토요일,광주광역시 광산구 유계동,경상사고,0,0,1,0,차대차 - 추돌 - 진행중,안전운전불이행,습기,비,교차로 - 교차로안,승용,여,24세,상해없음,승용,남,42세,경상
2012111000100682,2012년 11월 10일 20시,토요일,광주광역시 광산구 수완동,경상사고,0,0,1,0,차대차 - 기타,교차로운행방법위반,습기,흐림,교차로 - 교차로안,이륜,여,44세,상해없음,승용,남,36세,경상
2012111000100720,2012년 11월 10일 21시,토요일,광주광역시 서구 금호동,경상사고,0,0,1,0,차대사람 - 길가장자리구역통행중,안전운전불이행,습기,비,교차로 - 교차로부근,승용,남,60세,상해없음,보행자,남,45세,경상
2012111000100764,2012년 11월 10일 22시,토요일,광주광역시 동구 산수동,중상사고,0,1,0,0,차대사람 - 횡단중,안전운전불이행,습기,비,교차로 - 교차로부근,승용,여,55세,상해없음,보행자,남,46세,중상
2012111000100765,2012년 11월 10일 22시,토요일,광주광역시 서구 풍암동,경상사고,0,0,5,1,차대차 - 추돌 - 주정차중,안전거리미확보,습기,비,단일로 - 기타,화물,남,46세,상해없음,승용,남,23세,경상
2012111000100766,2012년 11월 10일 22시,토요일,광주광역시 북구 중흥동,경상사고,0,0,1,0,차대사람 - 횡단중,안전운전불이행,습기,비,교차로 - 교차로부근,승용,남,63세,상해없음,보행자,남,65세,경상
2012111000100809,2012년 11월 10일 23시,토요일,광주광역시 서구 치평동,경상사고,0,0,2,0,차대차 - 기타,안전거리미확보,습기,비,교차로 - 교차로부근,승용,남,32세,상해없음,승용,여,44세,경상
2012111100100029,2012년 11월 11일 00시,일요일,광주광역시 서구 치평동,경상사고,0,0,3,0,차대차 - 추돌 - 주정차중,안전운전불이행,습기,비,단일로 - 기타,승용,남,38세,상해없음,승용,여,49세,경상
2012111100100030,2012년 11월 11일 00시,일요일,광주광역시 서구 화정동,경상사고,0,0,1,0,차대차 - 추돌 - 진행중,안전거리미확보,건조,맑음,교차로 - 교차로부근,승용,여,34세,상해없음,승용,남,32세,경상
2012111100100118,2012년 11월 11일 02시,일요일,광주광역시 서구 치평동,중상사고,0,1,3,0,차대차 - 측면직각충돌,안전거리미확보,습기,비,단일로 - 기타,승용,남,26세,경상,승용,남,39세,경상
2012111100100119,2012년 11월 11일 02시,일요일,광주광역시 남구 양림동,경상사고,0,0,1,0,차대사람 - 차도통행중,안전운전불이행,습기,비,단일로 - 기타,기타불명,기타불명,기타불명,기타불명,보행자,남,45세,경상
2012111100100153,2012년 11월 11일 03시,일요일,광주광역시 동구 불로동,경상사고,0,0,1,0,차대차 - 추돌 - 진행중,안전거리미확보,건조,기타,교차로 - 교차로부근,승용,남,61세,상해없음,승용,남,36세,경상
2012111100100223,2012년 11월 11일 06시,일요일,광주광역시 서구 쌍촌동,경상사고,0,0,2,0,차대차 - 기타,신호위반,습기,흐림,교차로 - 교차로안,승용,남,62세,기타불명,승용,남,50세,경상
2012111100100224,2012년 11월 11일 06시,일요일,광주광역시 광산구 장록동,경상사고,0,0,1,0,차대차 - 추돌 - 주정차중,안전운전불이행,습기,비,단일로 - 기타,승용,남,31세,경상,화물,남,33세,상해없음
2012111100100249,2012년 11월 11일 08시,일요일,광주광역시 동구 계림동,경상사고,0,0,2,0,차대차 - 기타,교차로운행방법위반,습기,비,교차로 - 교차로안,승용,남,36세,경상,승합,여,58세,경상
2012111100100250,2012년 11월 11일 08시,일요일,광주광역시 서구 광천동,부상신고사고,0,0,0,1,차대차 - 측면직각충돌,차로위반,건조,맑음,기타 - 기타,승용,남,50세,상해없음,승용,남,30세,부상신고
2012111100100251,2012년 11월 11일 08시,일요일,광주광역시 광산구 오선동,경상사고,0,0,2,0,차대차 - 추돌 - 진행중,안전운전불이행,건조,맑음,단일로 - 기타,승용,남,46세,상해없음,승용,남,23세,경상
2012111100100279,2012년 11월 11일 09시,일요일,광주광역시 광산구 선암동,경상사고,0,0,2,0,차대차 - 추돌 - 진행중,안전운전불이행,건조,맑음,교차로 - 교차로부근,승합,남,48세,상해없음,승용,남,60세,경상
2012111100100299,2012년 11월 11일 10시,일요일,광주광역시 서구 광천동,경상사고,0,0,1,0,차대사람 - 횡단중,보행자보호의무위반,습기,비,단일로 - 횡단보도상,화물,남,49세,상해없음,보행자,여,20세,경상
2012111100100300,2012년 11월 11일 10시,일요일,광주광역시 남구 월산동,경상사고,0,0,2,0,차대차 - 측면직각충돌,교차로운행방법위반,습기,비,교차로 - 교차로안,승용,남,70세,경상,승용,남,40세,상해없음