사고번호,사고일시,요일,시군구,사고내용,사망자수,중상자수,경상자수,부상신고자수,사고유형,법규위반,노면상태,기상상태,도로형태,가해운전자 차종,가해운전자 성별,가해운전자 연령,가해운전자 상해정도,피해운전자 차종,피해운전자 성별,피해운전자 연령,피해운전자 상해정도
2012111500100659,2012년 11월 15일 23시,목요일,광주광역시 북구 오치동,경상사고,0,0,2,0,차대차 - 정면충돌,중앙선침범,건조,맑음,교차로 - 교차로부근,승용,여,47세,상해없음,승용,여,42세,경상
2012111600100023,2012년 11월 16일 00시,금요일,광주광역시 서구 쌍촌동,경상사고,0,0,1,0,차대차 - 기타,안전운전불이행,건조,맑음,단일로 - 기타,승용,여,38세,상해없음,승용,남,49세,상해없음
2012111600100041,2012년 11월 16일 01시,금요일,광주광역시 동구 학동,경상사고,0,0,2,0,차대차 - 추돌 - 주정차중,안전운전불이행,건조,맑음,단일로 - 기타,승용,남,30세,상해없음,승용,남,56세,경상
2012111600100054,2012년 11월 16일 02시,금요일,광주광역시 동구 학동,경상사고,0,0,3,0,차대차 - 측면직각충돌,신호위반,건조,맑음,교차로 - 교차로안,승용,남,48세,상해없음,승용,남,25세,상해없음
2012111600100081,2012년 11월 16일 04시,금요일,광주광역시 북구 운암동,경상사고,0,0,3,0,차대차 - 기타,안전거리미확보,건조,맑음,교차로 - 교차로부근,승용,남,21세,상해없음,승용,남,42세,경상
2012111600100141,2012년 11월 16일 07시,금요일,광주광역시 남구 주월동,중상사고,0,1,0,0,차대사람 - 횡단중,안전운전불이행,건조,맑음,단일로 - 횡단보도상,승용,여,42세,상해없음,보행자,남,44세,중상
2012111600100188,2012년 11월 16일 08시,금요일,광주광역시 남구 백운동,경상사고,0,0,1,0,차대사람 - 횡단중,안전운전불이행,건조,맑음,단일로 - 기타,승용,남,51세,상해없음,보행자,여,16세,경상
2012111600100256,2012년 11월 16일 11시,금요일,광주광역시 동구 산수동,경상사고,0,0,1,0,차대사람 - 횡단중,안전운전불이행,건조,흐림,단일로 - 횡단보도상,승용,남,25세,상해없음,보행자,여,63세,경상
2012111600100317,2012년 11월 16일 14시,금요일,광주광역시 동구 계림동,중상사고,0,2,0,0,차대차 - 측면직각충돌,교차로운행방법위반,건조,흐림,교차로 - 교차로안,이륜,남,67세,중상,승용,여,40세,상해없음
2012111600100336,2012년 11월 16일 15시,금요일,광주광역시 북구 임동,경상사고,0,0,1,0,차대차 - 측면직각충돌,신호위반,건조,맑음,교차로 - 교차로안,이륜,남,30세,경상,승용,남,26세,상해없음
2012111600100424,2012년 11월 16일 17시,금요일,광주광역시 광산구 비아동,경상사고,0,0,1,0,차대차 - 추돌 - 진행중,중앙선침범,건조,맑음,단일로 - 횡단보도부근,승용,여,29세,상해없음,승용,남,55세,경상
2012111600100425,2012년 11월 16일 17시,금요일,광주광역시 광산구 장록동,경상사고,0,0,1,0,차대차 - 측면직각충돌,신호위반,습기,비,교차로 - 교차로안,승용,여,48세,상해없음,승합,남,51세,경상
2012111600100501,2012년 11월 16일 18시,금요일,광주광역시 동구 계림동,경상사고,0,0,1,0,차대사람 - 횡단중,안전운전불이행,습기,비,단일로 - 횡단보도상,승용,남,45세,상해없음,보행자,남,9세,경상
2012111600100502,2012년 11월 16일 18시,금요일,광주광역시 동구 지산동,경상사고,0,0,1,0,차대차 - 기타,안전운전불이행,습기,비,교차로 - 교차로부근,승용,남,70세,상해없음,화물,남,43세,경상
2012111600100503,2012년 11월 16일 18시,금요일,광주광역시 서구 마륵동,경상사고,0,0,1,0,차대차 - 측면직각충돌,신호위반,습기,비,교차로 - 교차로안,승용,남,33세,상해없음,화물,남,41세,경상
2012111600100504,2012년 11월 16일 18시,금요일,광주광역시 북구 임동,경상사고,0,0,2,0,차대차 - 측면직각충돌,신호위반,건조,맑음,교차로 - 교차로안,승합,남,68세,상해없음,승용,여,55세,경상
2012111600100505,2012년 11월 16일 18시,금요일,광주광역시 광산구 우산동,사망사고,1,0,0,0,차대차 - 추돌 - 진행중,안전운전불이행,습기,비,단일로 - 기타,승용,남,58세,상해없음,원동기,남,60세,사망
2012111600100506,2012년 11월 16일 18시,금요일,광주광역시 광산구 신창동,경상사고,0,0,1,0,차대차 - 추돌 - 주정차중,안전운전불이행,기타,비,단일로 - 기타,승용,남,39세,상해없음,승용,여,43세,경상
2012111600100571,2012년 11월 16일 19시,금요일,광주광역시 서구 광천동,중상사고,0,1,1,0,차대차 - 추돌 - 진행중,안전거리미확보,건조,맑음,단일로 - 기타,승합,남,47세,상해없음,승용,남,29세,경상
2012111600100572,2012년 11월 16일 19시,금요일,광주광역시 광산구 송정동,경상사고,0,0,2,0,차대차 - 추돌 - 진행중,안전운전불이행,습기,비,단일로 - 기타,승용,여,21세,상해없음,승용,남,37세,경상
2012111600100632,2012년 11월 16일 20시,금요일,광주광역시 동구 소태동,경상사고,0,0,4,0,차대차 - 추돌 - 주정차중,안전운전불이행,습기,비,단일로 - 교량,승용,남,55세,상해없음,승용,여,37세,경상
2012111600100633,2012년 11월 16일 20시,금요일,광주광역시 동구 산수동,경상사고,0,0,1,0,차대사람 - 횡단중,안전운전불이행,습기,비,교차로 - 교차로부근,승용,여,50세,상해없음,보행자,남,13세,경상
2012111600100698,2012년 11월 16일 21시,금요일,광주광역시 동구 선교동,경상사고,0,0,1,0,차량단독 - 공작물충돌,안전운전불이행,습기,비,단일로 - 기타,승합,남,57세,경상,,,,
2012111600100699,2012년 11월 16일 21시,금요일,광주광역시 서구 금호동,경상사고,0,0,3,0,차대차 - 추돌 - 주정차중,안전거리미확보,습기,흐림,교차로 - 교차로부근,승용,남,50세,상해없음,승용,남,38세,경상
2012111600100700,2012년 11월 16일 21시,금요일,광주광역시 광산구 산정동,경상사고,0,0,1,0,차대차 - 추돌 - 진행중,안전운전불이행,습기,비,교차로 - 교차로부근,화물,남,49세,상해없음,승용,남,32세,경상
2012111600100701,2012년 11월 16일 21시,금요일,광주광역시 광산구 흑석동,중상사고,0,2,1,0,차대차 - 측면직각충돌,신호위반,습기,비,교차로 - 교차로안,승용,남,46세,중상,승합,남,62세,상해없음
2012111600100775,2012년 11월 16일 22시,금요일,광주광역시 서구 광천동,경상사고,0,0,1,0,차대차 - 측면직각충돌,안전거리미확보,건조,맑음,단일로 - 기타,승용,남,19세,상해없음,승용,여,57세,경상
2012111600100776,2012년 11월 16일 22시,금요일,광주광역시 남구 봉선동,경상사고,0,0,4,0,차대차 - 추돌 - 진행중,안전거리미확보,습기,비,단일로 - 기타,승용,남,43세,상해없음,승용,남,62세,경상
2012111600100777,2012년 11월 16일 22시,금요일,광주광역시 남구 진월동,경상사고,0,0,1,0,차대차 - 추돌 - 주정차중,안전운전불이행,건조,맑음,단일로 - 기타,승용,여,43세,상해없음,승용,남,41세,경상
2012111600100778,2012년 11월 16일 22시,금요일,광주광역시 광산구 산정동,경상사고,0,0,1,0,차대차 - 추돌 - 진행중,안전거리미확보,습기,비,교차로 - 교차로부근,승용,남,35세,상해없음,승용,남,56세,경상
2012111600100852,2012년 11월 16일 23시,금요일,광주광역시 서구 금호동,경상사고,0,0,3,0,차대차 - 추돌 - 주정차중,안전운전불이행,습기,비,단일로 - 기타,승용,남,50세,상해없음,승용,여,47세,경상
2012111600100853,2012년 11월 16일 23시,금요일,광주광역시 북구 용봉동,경상사고,0,0,2,0,차대차 - 추돌 - 주정차중,안전운전불이행,습기,비,교차로 - 교차로부근,승용,남,31세,상해없음,승용,남,61세,경상
2012111600100854,2012년 11월 16일 23시,금요일,광주광역시 광산구 신창동,경상사고,0,0,1,0,차대차 - 추돌 - 주정차중,안전운전불이행,습기,비,단일로 - 기타,기타불명,기타불명,기타불명,기타불명,승용,남,57세,상해없음
2012111600100855,2012년 11월 16일 23시,금요일,광주광역시 광산구 월곡동,경상사고,0,0,3,0,차대차 - 추돌 - 진행중,안전거리미확보,습기,비,교차로 - 교차로부근,승합,남,35세,상해없음,승용,남,40세,상해없음
2012111700100106,2012년 11월 17일 01시,토요일,광주광역시 북구 신안동,경상사고,0,0,1,0,차대차 - 추돌 - 진행중,안전거리미확보,습기,비,단일로 - 기타,승용,남,36세,상해없음,승용,남,43세,경상
2012111700100107,2012년 11월 17일 01시,토요일,광주광역시 광산구 우산동,경상사고,0,0,3,0,차대차 - 추돌 - 진행중,안전운전불이행,건조,맑음,교차로 - 교차로부근,승용,남,28세,상해없음,승용,여,24세,경상
2012111700100152,2012년 11월 17일 02시,토요일,광주광역시 광산구 신가동,경상사고,0,0,1,0,차대차 - 기타,안전거리미확보,습기,비,단일로 - 기타,승용,남,32세,상해없음,승용,남,42세,경상
2012111700100153,2012년 11월 17일 02시,토요일,광주광역시 광산구 월계동,경상사고,0,0,1,0,차대차 - 추돌 - 진행중,안전운전불이행,건조,맑음,교차로 - 교차로부근,승용,남,35세,상해없음,승용,남,39세,경상
2012111700100249,2012년 11월 17일 06시,토요일,광주광역시 북구 용봉동,경상사고,0,0,1,0,차대차 - 측면직각충돌,중앙선침범,습기,흐림,단일로 - 기타,승용,남,24세,상해없음,승용,남,39세,경상
2012111700100273,2012년 11월 17일 07시,토요일,광주광역시 남구 송하동,경상사고,0,0,2,0,차대차 - 측면직각충돌,교차로운행방법위반,건조,맑음,교차로 - 교차로안,화물,남,56세,경상,승합,남,53세,경상
2012111700100274,2012년 11월 17일 07시,토요일,광주광역시 북구 운암동,경상사고,0,0,1,0,차대차 - 추돌 - 진행중,안전거리미확보,건조,맑음,교차로 - 교차로부근,승용,남,51세,상해없음,승용,남,28세,경상
2012111700100275,2012년 11월 17일 07시,토요일,광주광역시 광산구 우산동,경상사고,0,0,4,0,차대차 - 측면직각충돌,안전운전불이행,건조,맑음,단일로 - 기타,승용,남,30세,상해없음,승용,남,46세,경상
2012111700100335,2012년 11월 17일 10시,토요일,광주광역시 동구 산수동,경상사고,0,0,1,0,차대사람 - 기타,안전운전불이행,건조,흐림,단일로 - 기타,승용,남,71세,상해없음,보행자,남,65세,경상
2012111700100336,2012년 11월 17일 10시,토요일,광주광역시 남구 주월동,부상신고사고,0,0,0,1,차대차 - 추돌 - 주정차중,안전운전불이행,건조,맑음,교차로 - 교차로부근,승용,여,50세,상해없음,승용,남,32세,부상신고
2012111700100337,2012년 11월 17일 10시,토요일,광주광역시 북구 용봉동,경상사고,0,0,1,0,차대차 - 측면직각충돌,교차로운행방법위반,건조,맑음,교차로 - 교차로안,승용,남,48세,상해없음,승용,남,28세,경상
2012111700100411,2012년 11월 17일 12시,토요일,광주광역시 서구 화정동,경상사고,0,0,1,0,차대차 - 추돌 - 주정차중,안전운전불이행,건조,맑음,단일로 - 기타,승용,남,24세,상해없음,승용,여,39세,경상
2012111700100412,2012년 11월 17일 12시,토요일,광주광역시 서구 금호동,경상사고,0,0,2,0,차대차 - 기타,안전거리미확보,건조,맑음,단일로 - 기타,승용,여,32세,기타불명,승합,남,53세,상해없음
2012111700100446,2012년 11월 17일 13시,토요일,광주광역시 북구 유동,경상사고,0,0,1,0,차대차 - 측면직각충돌,교차로운행방법위반,건조,맑음,교차로 - 교차로안,승용,남,57세,상해없음,승용,남,55세,상해없음
2012111700100482,2012년 11월 17일 14시,토요일,광주광역시 광산구 수완동,경상사고,0,0,1,0,차대차 - 측면직각충돌,신호위반,건조,흐림,교차로 - 교차로안,승용,남,29세,상해없음,승용,남,35세,경상
2012111700100519,2012년 11월 17일 15시,토요일,광주광역시 서구 치평동,경상사고,0,0,4,0,차대차 - 추돌 - 주정차중,안전운전불이행,건조,맑음,단일로 - 기타,승용,남,33세,상해없음,승용,남,23세,경상
2012111700100550,2012년 11월 17일 16시,토요일,광주광역시 남구 진월동,경상사고,0,0,1,0,차대사람 - 횡단중,보행자보호의무위반,건조,맑음,단일로 - 횡단보도상,이륜,남,19세,상해없음,보행자,여,34세,경상
2012111700100596,2012년 11월 17일 17시,토요일,광주광역시 북구 일곡동,경상사고,0,0,3,0,차대차 - 측면직각충돌,교차로운행방법위반,건조,맑음,교차로 - 교차로안,승용,남,58세,경상,승용,여,43세,경상
2012111700100690,2012년 11월 17일 19시,토요일,광주광역시 서구 유촌동,경상사고,0,0,1,2,차대차 - 추돌 - 진행중,안전거리미확보,건조,맑음,단일로 - 기타,승합,남,59세,상해없음,화물,남,47세,경상
2012111700100691,2012년 11월 17일 19시,토요일,광주광역시 남구 백운동,경상사고,0,0,2,0,차대차 - 추돌 - 진행중,안전운전불이행,건조,맑음,교차로 - 교차로안,승용,여,57세,상해없음,승합,남,52세,경상
2012111700100711,2012년 11월 17일 20시,토요일,광주광역시 남구 백운동,중상사고,0,1,0,0,차대차 - 측면직각충돌,중앙선침범,건조,맑음,단일로 - 기타,승용,남,63세,상해없음,원동기,남,17세,중상
2012111700100712,2012년 11월 17일 20시,토요일,광주광역시 광산구 선암동,경상사고,0,0,2,0,차대차 - 추돌 - 주정차중,안전운전불이행,건조,맑음,교차로 - 교차로부근,승용,남,37세,상해없음,승용,남,53세,상해없음
2012111700100753,2012년 11월 17일 21시,토요일,광주광역시 동구 내남동,경상사고,0,0,1,0,차대차 - 추돌 - 진행중,안전거리미확보,건조,맑음,단일로 - 기타,승용,남,45세,기타불명,승용,남,24세,경상
2012111700100779,2012년 11월 17일 22시,토요일,광주광역시 북구 용봉동,경상사고,0,0,1,0,차대차 - 측면직각충돌,교차로운행방법위반,건조,맑음,교차로 - 교차로안,승용,남,30세,상해없음,승용,남,48세,경상
2012111700100809,2012년 11월 17일 23시,토요일,광주광역시 서구 치평동,경상사고,0,0,1,0,차대차 - 기타,안전운전불이행,건조,맑음,단일로 - 기타,승용,남,33세,기타불명,승용,남,47세,경상
2012111700100810,2012년 11월 17일 23시,토요일,광주광역시 북구 문흥동,경상사고,0,0,1,0,차대차 - 기타,안전운전불이행,건조,맑음,교차로 - 교차로안,원동기,남,17세,경상,승용,남,57세,상해없음
2012111800100052,2012년 11월 18일 01시,일요일,광주광역시 광산구 신가동,경상사고,0,0,4,0,차대차 - 추돌 - 주정차중,안전운전불이행,건조,맑음,교차로 - 교차로부근,승용,남,55세,상해없음,승용,남,47세,경상
2012111800100072,2012년 11월 18일 02시,일요일,광주광역시 동구 불로동,경상사고,0,0,1,0,차대사람 - 기타,안전운전불이행,건조,맑음,단일로 - 기타,승용,남,51세,상해없음,보행자,여,19세,경상
2012111800100073,2012년 11월 18일 02시,일요일,광주광역시 남구 주월동,경상사고,0,0,1,0,차대차 - 측면직각충돌,안전거리미확보,건조,맑음,단일로 - 기타,승용,남,52세,상해없음,승용,남,52세,경상
2012111800100099,2012년 11월 18일 04시,일요일,광주광역시 북구 중흥동,경상사고,0,0,3,0,차대차 - 추돌 - 주정차중,안전운전불이행,건조,맑음,교차로 - 교차로부근,승용,남,23세,상해없음,승용,남,51세,경상
2012111800100176,2012년 11월 18일 09시,일요일,광주광역시 남구 진월동,경상사고,0,0,1,0,차대차 - 측면직각충돌,신호위반,건조,맑음,교차로 - 교차로안,승합,남,55세,상해없음,승용,여,57세,경상
2012111800100177,2012년 11월 18일 09시,일요일,광주광역시 광산구 월계동,경상사고,0,0,1,0,차량단독 - 공작물충돌,안전운전불이행,건조,맑음,단일로 - 기타,승용,여,49세,경상,,,,
2012111800100193,2012년 11월 18일 10시,일요일,광주광역시 북구 망월동,중상사고,0,1,1,0,차대차 - 추돌 - 주정차중,안전거리미확보,건조,맑음,교차로 - 교차로부근,승용,남,69세,상해없음,승용,남,67세,중상
2012111800100229,2012년 11월 18일 12시,일요일,광주광역시 동구 금남로4가,경상사고,0,0,1,0,차대차 - 추돌 - 진행중,안전거리미확보,건조,맑음,단일로 - 기타,승용,남,41세,상해없음,승용,남,41세,경상
2012111800100292,2012년 11월 18일 14시,일요일,광주광역시 서구 치평동,경상사고,0,0,3,0,차대차 - 기타,안전거리미확보,건조,흐림,기타 - 기타,승합,남,54세,상해없음,승용,여,43세,경상
2012111800100293,2012년 11월 18일 14시,일요일,광주광역시 광산구 장덕동,중상사고,0,1,0,0,차량단독 - 공작물충돌,안전운전불이행,건조,맑음,단일로 - 기타,승합,남,23세,상해없음,,,,
2012111800100512,2012년 11월 18일 21시,일요일,광주광역시 동구 학동,중상사고,0,1,0,0,차대사람 - 횡단중,안전운전불이행,건조,맑음,교차로 - 교차로부근,승용,남,27세,상해없음,보행자,여,75세,중상
2012111900100024,2012년 11월 19일 01시,월요일,광주광역시 서구 마륵동,경상사고,0,0,2,0,차대차 - 측면직각충돌,신호위반,건조,맑음,교차로 - 교차로안,승용,남,24세,경상,화물,남,37세,경상
2012111900100025,2012년 11월 19일 01시,월요일,광주광역시 서구 금호동,중상사고,0,1,2,0,차대차 - 기타,안전운전불이행,건조,맑음,교차로 - 교차로부근,원동기,남,28세,중상,승용,남,45세,경상
2012111900100126,2012년 11월 19일 07시,월요일,광주광역시 북구 일곡동,경상사고,0,0,1,0,차대차 - 추돌 - 진행중,안전거리미확보,건조,맑음,교차로 - 교차로안,승용,여,54세,상해없음,승용,여,46세,경상
2012111900100175,2012년 11월 19일 08시,월요일,광주광역시 서구 쌍촌동,중상사고,0,1,0,0,차대사람 - 기타,안전운전불이행,건조,맑음,단일로 - 기타,승용,남,24세,상해없음,보행자,여,65세,중상
2012111900100176,2012년 11월 19일 08시,월요일,광주광역시 서구 양동,경상사고,0,0,3,0,차대차 - 기타,교차로운행방법위반,건조,맑음,교차로 - 교차로안,이륜,남,42세,경상,승용,여,34세,경상
2012111900100212,2012년 11월 19일 09시,월요일,광주광역시 남구 월산동,경상사고,0,0,1,0,차대차 - 측면직각충돌,신호위반,습기,비,교차로 - 교차로안,승용,남,38세,상해없음,승용,남,38세,상해없음
2012111900100240,2012년 11월 19일 10시,월요일,광주광역시 동구 학동,경상사고,0,0,1,0,차대사람 - 차도통행중,기타,습기,흐림,교차로 - 교차로부근,승용,여,63세,상해없음,보행자,여,85세,경상
2012111900100273,2012년 11월 19일 11시,월요일,광주광역시 남구 주월동,중상사고,0,1,0,0,차대차 - 측면직각충돌,안전운전불이행,건조,맑음,기타 - 기타,승용,여,39세,상해없음,이륜,여,54세,중상
2012111900100318,2012년 11월 19일 13시,월요일,광주광역시 서구 광천동,경상사고,0,0,1,0,차대사람 - 기타,안전운전불이행,건조,맑음,교차로 - 교차로부근,기타불명,기타불명,기타불명,기타불명,보행자,남,41세,경상
2012111900100346,2012년 11월 19일 14시,월요일,광주광역시 광산구 도덕동,중상사고,0,1,0,0,차량단독 - 기타,안전운전불이행,건조,맑음,단일로 - 기타,농기계,남,51세,중상,,,,
2012111900100347,2012년 11월 19일 14시,월요일,광주광역시 광산구 비아동,중상사고,0,1,1,0,차대차 - 추돌 - 진행중,신호위반,건조,흐림,교차로 - 교차로안,건설기계,남,50세,상해없음,승용,여,33세,중상
2012111900100410,2012년 11월 19일 16시,월요일,광주광역시 서구 농성동,경상사고,0,0,1,0,차대차 - 추돌 - 진행중,안전거리미확보,건조,맑음,교차로 - 교차로안,승용,기타불명,기타불명,기타불명,승용,남,25세,경상
2012111900100411,2012년 11월 19일 16시,월요일,광주광역시 남구 서동,중상사고,0,1,0,0,차대사람 - 기타,안전운전불이행,건조,기타,단일로 - 기타,승용,여,25세,상해없음,보행자,남,25세,중상
2012111900100442,2012년 11월 19일 17시,월요일,광주광역시 서구 화정동,경상사고,0,0,1,0,차대차 - 측면직각충돌,안전거리미확보,건조,맑음,단일로 - 기타,승용,여,48세,상해없음,원동기,남,29세,경상
2012111900100443,2012년 11월 19일 17시,월요일,광주광역시 북구 문흥동,경상사고,0,0,1,0,차대차 - 측면직각충돌,중앙선침범,건조,맑음,단일로 - 기타,승용,남,63세,상해없음,승용,여,43세,경상
2012111900100444,2012년 11월 19일 17시,월요일,광주광역시 광산구 비아동,경상사고,0,0,2,0,차대차 - 측면직각충돌,안전거리미확보,건조,맑음,단일로 - 기타,승합,여,41세,경상,승용,남,45세,경상
2012111900100536,2012년 11월 19일 19시,월요일,광주광역시 북구 운암동,경상사고,0,0,3,0,차대사람 - 횡단중,보행자보호의무위반,건조,흐림,교차로 - 교차로부근,승용,여,56세,상해없음,보행자,여,20세,경상
2012111900100589,2012년 11월 19일 21시,월요일,광주광역시 서구 쌍촌동,경상사고,0,0,1,0,차대차 - 추돌 - 주정차중,안전운전불이행,건조,맑음,교차로 - 교차로안,기타불명,기타불명,기타불명,기타불명,승용,남,43세,경상
2012111900100590,2012년 11월 19일 21시,월요일,광주광역시 북구 동림동,경상사고,0,0,4,0,차대차 - 추돌 - 주정차중,안전운전불이행,건조,맑음,교차로 - 교차로부근,승용,남,28세,상해없음,승용,남,53세,경상
2012111900100591,2012년 11월 19일 21시,월요일,광주광역시 북구 운암동,중상사고,0,1,0,0,차대사람 - 횡단중,신호위반,건조,맑음,교차로 - 교차로안,승용,여,41세,상해없음,보행자,여,12세,중상
2012111900100618,2012년 11월 19일 22시,월요일,광주광역시 북구 용두동,경상사고,0,0,1,0,차대차 - 추돌 - 진행중,안전운전불이행,건조,맑음,단일로 - 기타,승용,여,25세,상해없음,승용,남,30세,경상
2012111900100642,2012년 11월 19일 23시,월요일,광주광역시 광산구 월곡동,경상사고,0,0,1,0,차대사람 - 차도통행중,안전운전불이행,건조,맑음,교차로 - 교차로안,화물,남,45세,상해없음,보행자,남,49세,경상
2012112000100035,2012년 11월 20일 02시,화요일,광주광역시 서구 광천동,경상사고,0,0,1,0,차대차 - 기타,안전운전불이행,건조,맑음,교차로 - 교차로부근,승용,남,25세,상해없음,승용,여,29세,경상
2012112000100036,2012년 11월 20일 02시,화요일,광주광역시 광산구 운남동,경상사고,0,0,1,0,차량단독 - 공작물충돌,안전운전불이행,건조,맑음,단일로 - 기타,승용,여,19세,경상,,,,
2012112000100131,2012년 11월 20일 08시,화요일,광주광역시 남구 백운동,경상사고,0,0,1,0,차대사람 - 횡단중,안전운전불이행,건조,맑음,단일로 - 기타,승용,여,58세,상해없음,보행자,여,54세,경상
2012112000100158,2012년 11월 20일 09시,화요일,광주광역시 서구 유촌동,경상사고,0,0,2,0,차대차 - 측면직각충돌,안전거리미확보,건조,맑음,단일로 - 기타,건설기계,남,46세,경상,승용,여,29세,경상
2012112000100182,2012년 11월 20일 10시,화요일,광주광역시 북구 임동,경상사고,0,0,1,0,차대차 - 측면직각충돌,안전운전불이행,건조,맑음,교차로 - 교차로안,화물,남,31세,상해없음,화물,남,42세,경상
2012112000100183,2012년 11월 20일 10시,화요일,광주광역시 광산구 송정동,경상사고,0,0,1,0,차대차 - 기타,안전운전불이행,건조,맑음,교차로 - 교차로안,승용,여,63세,상해없음,승합,남,69세,경상
2012112000100201,2012년 11월 20일 11시,화요일,광주광역시 광산구 흑석동,경상사고,0,0,2,0,차대차 - 측면직각충돌,신호위반,건조,맑음,교차로 - 교차로안,화물,남,36세,경상,승용,남,39세,경상
2012112000100281,2012년 11월 20일 14시,화요일,광주광역시 남구 주월동,중상사고,0,1,2,0,차대차 - 추돌 - 진행중,안전거리미확보,건조,맑음,단일로 - 기타,승용,남,39세,상해없음,승용,남,30세,상해없음
2012112000100282,2012년 11월 20일 14시,화요일,광주광역시 북구 양산동,경상사고,0,0,1,0,차대차 - 측면직각충돌,안전운전불이행,건조,맑음,교차로 - 교차로안,승용,남,29세,상해없음,이륜,남,36세,경상
2012112000100283,2012년 11월 20일 14시,화요일,광주광역시 광산구 쌍암동,경상사고,0,0,1,0,차대차 - 정면충돌,신호위반,건조,맑음,교차로 - 교차로안,승용,남,61세,상해없음,승용,여,24세,경상
2012112000100284,2012년 11월 20일 14시,화요일,광주광역시 광산구 신창동,경상사고,0,0,2,0,차대차 - 측면직각충돌,안전거리미확보,건조,맑음,교차로 - 교차로부근,승용,남,60세,상해없음,승용,여,52세,경상
2012112000100315,2012년 11월 20일 15시,화요일,광주광역시 광산구 도산동,경상사고,0,0,1,0,차대사람 - 횡단중,안전운전불이행,건조,맑음,단일로 - 기타,화물,남,52세,상해없음,보행자,남,8세,경상
2012112000100347,2012년 11월 20일 16시,화요일,광주광역시 서구 금호동,경상사고,0,0,1,0,차대사람 - 횡단중,안전운전불이행,건조,맑음,단일로 - 횡단보도상,승용,남,38세,상해없음,보행자,남,6세,경상
2012112000100348,2012년 11월 20일 16시,화요일,광주광역시 북구 운암동,경상사고,0,0,1,0,차대차 - 측면직각충돌,안전운전불이행,건조,맑음,단일로 - 기타,승용,남,29세,상해없음,승용,여,32세,경상
2012112000100388,2012년 11월 20일 17시,화요일,광주광역시 서구 양동,중상사고,0,1,0,0,차대사람 - 기타,안전운전불이행,건조,맑음,단일로 - 기타,승용,여,58세,상해없음,보행자,남,55세,중상
2012112000100389,2012년 11월 20일 17시,화요일,광주광역시 서구 화정동,중상사고,0,1,1,0,차대차 - 기타,안전운전불이행,건조,맑음,교차로 - 교차로부근,건설기계,남,49세,상해없음,자전거,남,14세,중상
2012112000100390,2012년 11월 20일 17시,화요일,광주광역시 북구 각화동,경상사고,0,0,2,0,차대차 - 측면직각충돌,신호위반,건조,맑음,교차로 - 교차로안,승용,여,59세,경상,승용,남,43세,경상
2012112000100438,2012년 11월 20일 18시,화요일,광주광역시 동구 용산동,경상사고,0,0,2,0,차대차 - 측면직각충돌,안전운전불이행,건조,맑음,단일로 - 기타,승용,남,56세,상해없음,승용,남,41세,경상
2012112000100439,2012년 11월 20일 18시,화요일,광주광역시 북구 신안동,중상사고,0,1,0,0,차대차 - 측면직각충돌,신호위반,건조,맑음,교차로 - 교차로안,승용,남,67세,상해없음,원동기,남,29세,중상
2012112000100440,2012년 11월 20일 18시,화요일,광주광역시 광산구 쌍암동,경상사고,0,0,4,0,차대차 - 측면직각충돌,교차로운행방법위반,건조,맑음,교차로 - 교차로안,승용,여,42세,경상,승용,남,30세,경상
2012112000100492,2012년 11월 20일 20시,화요일,광주광역시 서구 치평동,경상사고,0,0,3,0,차대차 - 기타,신호위반,건조,맑음,교차로 - 교차로안,승용,남,25세,상해없음,승용,남,55세,경상
2012112000100493,2012년 11월 20일 20시,화요일,광주광역시 북구 문흥동,부상신고사고,0,0,0,1,차대차 - 측면직각충돌,안전운전불이행,건조,맑음,단일로 - 기타,원동기,남,21세,부상신고,승용,남,49세,상해없음
2012112000100494,2012년 11월 20일 20시,화요일,광주광역시 북구 각화동,경상사고,0,0,2,0,차대차 - 추돌 - 진행중,안전운전불이행,건조,맑음,단일로 - 기타,승용,여,45세,상해없음,승용,남,21세,경상
2012112000100495,2012년 11월 20일 20시,화요일,광주광역시 광산구 신창동,경상사고,0,0,1,0,차대차 - 측면직각충돌,신호위반,건조,맑음,교차로 - 교차로안,이륜,남,61세,상해없음,이륜,남,18세,경상
2012112000100522,2012년 11월 20일 21시,화요일,광주광역시 서구 풍암동,경상사고,0,0,1,0,차대차 - 추돌 - 진행중,안전운전불이행,건조,맑음,단일로 - 기타,승용,남,57세,상해없음,승용,여,30세,경상
2012112000100523,2012년 11월 20일 21시,화요일,광주광역시 광산구 쌍암동,중상사고,0,1,0,0,차대차 - 측면직각충돌,안전거리미확보,건조,맑음,교차로 - 교차로부근,승용,남,42세,상해없음,이륜,남,18세,중상
2012112000100555,2012년 11월 20일 22시,화요일,광주광역시 서구 쌍촌동,경상사고,0,0,1,1,차대차 - 기타,중앙선침범,건조,맑음,단일로 - 기타,승용,남,61세,상해없음,승용,여,31세,경상