사고번호,사고일시,요일,시군구,사고내용,사망자수,중상자수,경상자수,부상신고자수,사고유형,법규위반,노면상태,기상상태,도로형태,가해운전자 차종,가해운전자 성별,가해운전자 연령,가해운전자 상해정도,피해운전자 차종,피해운전자 성별,피해운전자 연령,피해운전자 상해정도
2012112000100556,2012년 11월 20일 22시,화요일,광주광역시 서구 광천동,부상신고사고,0,0,0,1,차대사람 - 기타,안전운전불이행,건조,맑음,기타 - 기타,승용,남,52세,상해없음,보행자,남,50세,부상신고
2012112000100557,2012년 11월 20일 22시,화요일,광주광역시 서구 화정동,경상사고,0,0,3,0,차대차 - 기타,불법유턴,건조,맑음,단일로 - 기타,승용,남,67세,상해없음,승용,여,47세,경상
2012112000100558,2012년 11월 20일 22시,화요일,광주광역시 서구 치평동,경상사고,0,0,2,0,차대차 - 추돌 - 주정차중,안전운전불이행,건조,맑음,단일로 - 기타,승용,남,43세,상해없음,승용,여,47세,경상
2012112000100591,2012년 11월 20일 23시,화요일,광주광역시 동구 지산동,경상사고,0,0,2,0,차대차 - 측면직각충돌,신호위반,건조,기타,단일로 - 기타,이륜,남,20세,경상,이륜,남,25세,경상
2012112000100592,2012년 11월 20일 23시,화요일,광주광역시 서구 쌍촌동,경상사고,0,0,1,0,차대차 - 기타,안전운전불이행,건조,맑음,단일로 - 기타,승용,남,32세,상해없음,승용,남,41세,경상
2012112000100593,2012년 11월 20일 23시,화요일,광주광역시 광산구 월곡동,중상사고,0,1,0,0,차대차 - 측면직각충돌,차로위반,건조,맑음,단일로 - 기타,승용,남,34세,상해없음,원동기,남,17세,중상
2012112000100594,2012년 11월 20일 23시,화요일,광주광역시 광산구 신창동,경상사고,0,0,1,0,차대차 - 측면직각충돌,안전거리미확보,건조,맑음,단일로 - 기타,승용,남,41세,상해없음,이륜,남,17세,경상
2012112100100027,2012년 11월 21일 01시,수요일,광주광역시 서구 쌍촌동,사망사고,1,0,2,0,차대사람 - 횡단중,신호위반,건조,맑음,교차로 - 교차로안,승용,남,20세,기타불명,보행자,남,57세,사망
2012112100100043,2012년 11월 21일 02시,수요일,광주광역시 남구 백운동,사망사고,1,0,0,0,차량단독 - 공작물충돌,안전운전불이행,건조,맑음,교차로 - 교차로안,승용,남,32세,사망,,,,
2012112100100051,2012년 11월 21일 03시,수요일,광주광역시 북구 동림동,경상사고,0,0,1,0,차대사람 - 길가장자리구역통행중,안전운전불이행,건조,맑음,단일로 - 기타,승합,기타불명,기타불명,기타불명,보행자,남,39세,경상
2012112100100141,2012년 11월 21일 08시,수요일,광주광역시 남구 진월동,경상사고,0,0,1,0,차대사람 - 기타,안전운전불이행,건조,맑음,단일로 - 기타,기타불명,기타불명,기타불명,기타불명,보행자,여,17세,경상
2012112100100190,2012년 11월 21일 10시,수요일,광주광역시 남구 노대동,경상사고,0,0,1,0,차대차 - 기타,안전운전불이행,건조,맑음,교차로 - 교차로부근,자전거,남,76세,경상,승용,여,56세,상해없음
2012112100100210,2012년 11월 21일 11시,수요일,광주광역시 동구 학동,경상사고,0,0,1,0,차대차 - 기타,안전운전불이행,건조,맑음,단일로 - 기타,승용,여,47세,경상,승용,여,30세,기타불명
2012112100100237,2012년 11월 21일 12시,수요일,광주광역시 광산구 흑석동,경상사고,0,0,1,0,차대차 - 추돌 - 진행중,안전운전불이행,건조,맑음,교차로 - 교차로부근,승용,남,72세,상해없음,승용,여,29세,경상
2012112100100250,2012년 11월 21일 13시,수요일,광주광역시 북구 운암동,중상사고,0,1,0,0,차량단독 - 기타,안전운전불이행,건조,맑음,단일로 - 기타,승합,남,54세,상해없음,,,,
2012112100100281,2012년 11월 21일 14시,수요일,광주광역시 북구 운암동,경상사고,0,0,1,0,차대차 - 측면직각충돌,안전운전불이행,건조,맑음,교차로 - 교차로안,승용,여,46세,상해없음,이륜,남,45세,경상
2012112100100338,2012년 11월 21일 16시,수요일,광주광역시 북구 운암동,경상사고,0,0,1,0,차대차 - 측면직각충돌,안전거리미확보,건조,맑음,단일로 - 기타,승용,남,61세,상해없음,화물,남,30세,상해없음
2012112100100339,2012년 11월 21일 16시,수요일,광주광역시 광산구 월계동,경상사고,0,0,1,0,차대차 - 기타,안전운전불이행,건조,맑음,교차로 - 교차로부근,승용,여,34세,상해없음,승용,남,29세,경상
2012112100100382,2012년 11월 21일 17시,수요일,광주광역시 남구 진월동,경상사고,0,0,2,0,차대차 - 측면직각충돌,안전운전불이행,건조,맑음,교차로 - 교차로안,승합,남,60세,상해없음,승용,남,68세,상해없음
2012112100100383,2012년 11월 21일 17시,수요일,광주광역시 광산구 월계동,경상사고,0,0,2,1,차대차 - 측면직각충돌,기타,건조,맑음,교차로 - 교차로안,승용,남,56세,경상,승용,여,55세,경상
2012112100100440,2012년 11월 21일 18시,수요일,광주광역시 북구 일곡동,부상신고사고,0,0,0,1,차대차 - 측면직각충돌,안전운전불이행,건조,맑음,단일로 - 횡단보도상,승용,여,43세,상해없음,자전거,남,9세,부상신고
2012112100100441,2012년 11월 21일 18시,수요일,광주광역시 북구 동림동,경상사고,0,0,1,0,차대차 - 측면직각충돌,중앙선침범,건조,맑음,단일로 - 기타,승용,남,48세,상해없음,화물,남,46세,경상
2012112100100442,2012년 11월 21일 18시,수요일,광주광역시 광산구 수완동,경상사고,0,0,4,0,차대차 - 측면직각충돌,신호위반,건조,맑음,교차로 - 교차로안,화물,남,41세,상해없음,승용,남,41세,경상
2012112100100483,2012년 11월 21일 19시,수요일,광주광역시 서구 금호동,부상신고사고,0,0,0,1,차대사람 - 횡단중,안전운전불이행,건조,맑음,단일로 - 기타,승용,기타불명,기타불명,기타불명,보행자,여,23세,부상신고
2012112100100518,2012년 11월 21일 20시,수요일,광주광역시 광산구 소촌동,경상사고,0,0,2,0,차대차 - 측면직각충돌,안전운전불이행,건조,맑음,단일로 - 기타,승용,남,57세,상해없음,승용,남,66세,상해없음
2012112100100549,2012년 11월 21일 21시,수요일,광주광역시 북구 양산동,경상사고,0,0,4,0,차대차 - 추돌 - 주정차중,안전운전불이행,건조,맑음,단일로 - 기타,승용,남,56세,경상,화물,남,41세,상해없음
2012112100100600,2012년 11월 21일 23시,수요일,광주광역시 광산구 월곡동,중상사고,0,1,0,0,차대차 - 정면충돌,안전운전불이행,건조,맑음,단일로 - 기타,승용,남,53세,중상,승합,남,51세,기타불명
2012112200100030,2012년 11월 22일 01시,목요일,광주광역시 서구 화정동,경상사고,0,0,1,0,차대차 - 측면직각충돌,신호위반,건조,맑음,교차로 - 교차로안,승용,여,55세,상해없음,승용,남,46세,경상
2012112200100038,2012년 11월 22일 02시,목요일,광주광역시 남구 봉선동,경상사고,0,0,1,0,차대차 - 추돌 - 진행중,안전거리미확보,건조,맑음,단일로 - 터널,승용,남,27세,상해없음,승용,남,41세,경상
2012112200100088,2012년 11월 22일 06시,목요일,광주광역시 광산구 소촌동,중상사고,0,1,0,0,차대사람 - 차도통행중,안전운전불이행,건조,맑음,교차로 - 교차로안,화물,남,31세,상해없음,보행자,남,54세,중상
2012112200100113,2012년 11월 22일 07시,목요일,광주광역시 동구 계림동,경상사고,0,0,1,0,차대차 - 측면직각충돌,교차로운행방법위반,건조,맑음,교차로 - 교차로안,자전거,남,76세,경상,이륜,남,49세,상해없음
2012112200100114,2012년 11월 22일 07시,목요일,광주광역시 동구 대인동,경상사고,0,0,1,0,차대차 - 측면직각충돌,안전거리미확보,건조,맑음,단일로 - 기타,승용,남,73세,기타불명,승용,여,60세,경상
2012112200100115,2012년 11월 22일 07시,목요일,광주광역시 서구 풍암동,경상사고,0,0,2,0,차대차 - 측면직각충돌,차로위반,건조,맑음,단일로 - 기타,승용,남,64세,상해없음,승용,여,25세,상해없음
2012112200100116,2012년 11월 22일 07시,목요일,광주광역시 광산구 신촌동,경상사고,0,0,1,0,차대차 - 측면직각충돌,신호위반,건조,맑음,교차로 - 교차로부근,승용,남,52세,상해없음,자전거,여,53세,경상
2012112200100145,2012년 11월 22일 08시,목요일,광주광역시 북구 운암동,경상사고,0,0,3,0,차대차 - 기타,안전운전불이행,건조,맑음,단일로 - 기타,승합,남,53세,상해없음,화물,남,30세,경상
2012112200100156,2012년 11월 22일 08시,목요일,광주광역시 서구 농성동,경상사고,0,0,1,0,차대사람 - 기타,안전운전불이행,건조,맑음,단일로 - 기타,승용,기타불명,기타불명,기타불명,보행자,남,55세,경상
2012112200100157,2012년 11월 22일 08시,목요일,광주광역시 서구 치평동,경상사고,0,0,2,0,차대차 - 측면직각충돌,안전거리미확보,건조,맑음,단일로 - 기타,승용,남,24세,상해없음,승용,남,23세,경상
2012112200100158,2012년 11월 22일 08시,목요일,광주광역시 북구 유동,경상사고,0,0,2,0,차대차 - 측면직각충돌,안전운전불이행,건조,맑음,교차로 - 교차로안,이륜,남,70세,경상,승용,여,49세,경상
2012112200100198,2012년 11월 22일 09시,목요일,광주광역시 광산구 동림동,경상사고,0,0,1,0,차대차 - 추돌 - 진행중,안전운전불이행,건조,맑음,교차로 - 교차로부근,승합,남,39세,상해없음,승용,여,47세,경상
2012112200100218,2012년 11월 22일 10시,목요일,광주광역시 서구 화정동,중상사고,0,1,0,0,차대차 - 측면직각충돌,안전거리미확보,건조,맑음,단일로 - 기타,자전거,남,77세,중상,화물,여,51세,상해없음
2012112200100219,2012년 11월 22일 10시,목요일,광주광역시 남구 주월동,경상사고,0,0,3,0,차대차 - 추돌 - 주정차중,안전운전불이행,건조,맑음,단일로 - 기타,화물,남,65세,상해없음,승용,남,36세,경상
2012112200100220,2012년 11월 22일 10시,목요일,광주광역시 광산구 운수동,경상사고,0,0,4,1,차대차 - 추돌 - 진행중,안전거리미확보,건조,맑음,단일로 - 기타,화물,남,26세,부상신고,화물,남,66세,경상
2012112200100239,2012년 11월 22일 11시,목요일,광주광역시 서구 화정동,경상사고,0,0,4,0,차대차 - 측면직각충돌,신호위반,건조,맑음,교차로 - 교차로안,승용,여,20세,상해없음,승합,남,44세,경상
2012112200100323,2012년 11월 22일 15시,목요일,광주광역시 남구 임암동,중상사고,0,1,1,0,차대차 - 측면직각충돌,안전운전불이행,건조,맑음,단일로 - 기타,승용,여,55세,상해없음,승용,남,71세,경상
2012112200100324,2012년 11월 22일 15시,목요일,광주광역시 북구 두암동,경상사고,0,0,1,0,차대사람 - 횡단중,신호위반,건조,맑음,교차로 - 교차로안,승용,남,54세,상해없음,보행자,남,9세,경상
2012112200100348,2012년 11월 22일 16시,목요일,광주광역시 서구 화정동,경상사고,0,0,1,0,차대사람 - 기타,안전운전불이행,건조,맑음,단일로 - 기타,승용,남,33세,상해없음,보행자,남,15세,경상
2012112200100349,2012년 11월 22일 16시,목요일,광주광역시 남구 진월동,경상사고,0,0,3,0,차대차 - 측면직각충돌,안전운전불이행,건조,맑음,단일로 - 기타,승용,여,48세,경상,승용,여,30세,경상
2012112200100392,2012년 11월 22일 17시,목요일,광주광역시 서구 농성동,경상사고,0,0,1,0,차대차 - 기타,안전운전불이행,건조,맑음,기타 - 기타,이륜,남,58세,상해없음,승용,남,46세,경상
2012112200100414,2012년 11월 22일 18시,목요일,광주광역시 광산구 신창동,경상사고,0,0,1,0,차대차 - 추돌 - 진행중,안전운전불이행,건조,맑음,단일로 - 기타,화물,남,51세,상해없음,승합,남,52세,경상
2012112200100431,2012년 11월 22일 18시,목요일,광주광역시 서구 서창동,경상사고,0,0,1,0,차대차 - 추돌 - 진행중,안전거리미확보,건조,맑음,단일로 - 기타,승용,여,51세,상해없음,승용,남,39세,경상
2012112200100432,2012년 11월 22일 18시,목요일,광주광역시 서구 양동,중상사고,0,1,0,0,차대사람 - 차도통행중,안전운전불이행,건조,맑음,단일로 - 기타,화물,남,38세,상해없음,보행자,남,71세,중상
2012112200100433,2012년 11월 22일 18시,목요일,광주광역시 남구 송하동,중상사고,0,1,0,0,차대차 - 추돌 - 진행중,신호위반,건조,맑음,교차로 - 교차로안,승용,남,40세,상해없음,자전거,남,71세,중상
2012112200100434,2012년 11월 22일 18시,목요일,광주광역시 북구 중흥동,경상사고,0,0,1,0,차대차 - 측면직각충돌,안전운전불이행,건조,맑음,교차로 - 교차로부근,승용,남,45세,상해없음,이륜,남,27세,경상
2012112200100435,2012년 11월 22일 18시,목요일,광주광역시 광산구 신창동,경상사고,0,0,2,0,차대차 - 기타,교차로운행방법위반,건조,맑음,교차로 - 교차로안,원동기,남,28세,경상,승용,남,46세,경상
2012112200100467,2012년 11월 22일 19시,목요일,광주광역시 서구 쌍촌동,경상사고,0,0,4,0,차대차 - 추돌 - 진행중,안전거리미확보,건조,맑음,교차로 - 교차로부근,승용,남,50세,상해없음,승용,여,30세,경상
2012112200100468,2012년 11월 22일 19시,목요일,광주광역시 남구 봉선동,경상사고,0,0,1,0,차대사람 - 보도통행중,안전운전불이행,건조,맑음,단일로 - 기타,승용,여,39세,상해없음,보행자,여,13세,경상
2012112200100469,2012년 11월 22일 19시,목요일,광주광역시 북구 매곡동,경상사고,0,0,1,1,차대차 - 측면직각충돌,중앙선침범,건조,맑음,단일로 - 기타,원동기,남,24세,부상신고,원동기,남,19세,경상
2012112200100534,2012년 11월 22일 21시,목요일,광주광역시 서구 풍암동,경상사고,0,0,1,0,차대차 - 추돌 - 진행중,안전거리미확보,건조,맑음,단일로 - 기타,화물,남,44세,상해없음,승용,남,45세,경상
2012112200100572,2012년 11월 22일 22시,목요일,광주광역시 북구 운암동,경상사고,0,0,4,0,차대차 - 추돌 - 주정차중,안전운전불이행,건조,맑음,단일로 - 기타,승용,기타불명,기타불명,기타불명,승용,남,41세,경상
2012112200100573,2012년 11월 22일 22시,목요일,광주광역시 북구 중흥동,경상사고,0,0,1,0,차대차 - 추돌 - 주정차중,안전거리미확보,건조,맑음,교차로 - 교차로안,화물,남,26세,상해없음,승용,남,57세,경상
2012112200100603,2012년 11월 22일 23시,목요일,광주광역시 북구 양산동,경상사고,0,0,1,0,차대사람 - 기타,안전운전불이행,건조,맑음,기타 - 기타,승용,남,41세,상해없음,보행자,남,51세,경상
2012112300100017,2012년 11월 23일 00시,금요일,광주광역시 북구 양산동,경상사고,0,0,2,0,차대차 - 측면직각충돌,교차로운행방법위반,건조,맑음,교차로 - 교차로안,승용,남,42세,상해없음,승용,남,62세,경상
2012112300100052,2012년 11월 23일 02시,금요일,광주광역시 북구 문흥동,중상사고,0,1,0,0,차대차 - 추돌 - 주정차중,안전운전불이행,건조,맑음,단일로 - 기타,원동기,남,30세,중상,건설기계,남,46세,기타불명
2012112300100067,2012년 11월 23일 04시,금요일,광주광역시 서구 농성동,중상사고,0,1,0,0,차대차 - 측면직각충돌,안전운전불이행,건조,맑음,단일로 - 기타,승용,남,42세,상해없음,자전거,남,65세,중상
2012112300100082,2012년 11월 23일 05시,금요일,광주광역시 서구 화정동,경상사고,0,0,2,0,차대차 - 추돌 - 주정차중,안전운전불이행,건조,맑음,교차로 - 교차로부근,승용,남,50세,상해없음,승합,남,61세,경상
2012112300100083,2012년 11월 23일 05시,금요일,광주광역시 남구 주월동,사망사고,1,0,0,0,차대사람 - 횡단중,안전운전불이행,건조,맑음,단일로 - 기타,승합,남,64세,상해없음,보행자,여,72세,사망
2012112300100084,2012년 11월 23일 05시,금요일,광주광역시 광산구 복룡동,경상사고,0,0,1,0,차대차 - 추돌 - 진행중,안전운전불이행,건조,맑음,교차로 - 교차로부근,승합,남,54세,상해없음,승합,남,52세,경상
2012112300100139,2012년 11월 23일 07시,금요일,광주광역시 서구 풍암동,경상사고,0,0,2,0,차대차 - 추돌 - 주정차중,안전운전불이행,건조,맑음,교차로 - 교차로부근,승용,여,40세,기타불명,승용,남,53세,경상
2012112300100196,2012년 11월 23일 09시,금요일,광주광역시 서구 덕흥동,경상사고,0,0,1,0,차대차 - 기타,기타,건조,맑음,단일로 - 기타,승용,남,30세,상해없음,승용,여,53세,경상
2012112300100197,2012년 11월 23일 09시,금요일,광주광역시 남구 주월동,중상사고,0,1,0,0,차대사람 - 기타,안전운전불이행,건조,맑음,교차로 - 교차로부근,화물,남,47세,상해없음,보행자,여,62세,중상
2012112300100246,2012년 11월 23일 11시,금요일,광주광역시 남구 월산동,경상사고,0,0,1,0,차대차 - 측면직각충돌,중앙선침범,건조,맑음,단일로 - 기타,건설기계,남,57세,상해없음,승용,여,44세,경상
2012112300100277,2012년 11월 23일 12시,금요일,광주광역시 서구 매월동,경상사고,0,0,1,0,차대차 - 측면직각충돌,차로위반,건조,맑음,단일로 - 기타,승용,남,65세,상해없음,승용,여,42세,경상
2012112300100304,2012년 11월 23일 13시,금요일,광주광역시 북구 용봉동,경상사고,0,0,2,0,차대차 - 측면직각충돌,안전운전불이행,건조,맑음,교차로 - 교차로부근,승용,여,44세,상해없음,승용,여,25세,경상
2012112300100339,2012년 11월 23일 14시,금요일,광주광역시 서구 양동,경상사고,0,0,1,0,차대차 - 기타,안전운전불이행,건조,흐림,기타 - 기타,화물,남,45세,상해없음,승용,남,44세,상해없음
2012112300100366,2012년 11월 23일 15시,금요일,광주광역시 서구 금호동,경상사고,0,0,1,0,차대차 - 추돌 - 주정차중,안전운전불이행,건조,맑음,교차로 - 교차로부근,승합,남,74세,상해없음,승용,여,43세,경상
2012112300100367,2012년 11월 23일 15시,금요일,광주광역시 광산구 수완동,경상사고,0,0,1,0,차대차 - 기타,교차로운행방법위반,건조,맑음,교차로 - 교차로부근,승용,기타불명,기타불명,기타불명,원동기,남,19세,경상
2012112300100398,2012년 11월 23일 16시,금요일,광주광역시 서구 풍암동,중상사고,0,1,0,0,차대차 - 기타,안전운전불이행,건조,맑음,단일로 - 기타,승용,남,66세,중상,승합,남,37세,상해없음
2012112300100432,2012년 11월 23일 17시,금요일,광주광역시 서구 쌍촌동,경상사고,0,0,1,0,차대사람 - 횡단중,안전운전불이행,건조,흐림,기타 - 기타,승용,남,52세,상해없음,보행자,남,13세,경상
2012112300100433,2012년 11월 23일 17시,금요일,광주광역시 북구 신안동,경상사고,0,0,1,0,차량단독 - 기타,안전운전불이행,건조,맑음,단일로 - 기타,승합,남,51세,상해없음,,,,
2012112300100434,2012년 11월 23일 17시,금요일,광주광역시 광산구 소촌동,경상사고,0,0,1,0,차대차 - 기타,안전거리미확보,건조,맑음,단일로 - 기타,승용,남,31세,상해없음,이륜,남,32세,경상
2012112300100505,2012년 11월 23일 18시,금요일,광주광역시 북구 용봉동,경상사고,0,0,1,0,차대사람 - 횡단중,보행자보호의무위반,건조,맑음,교차로 - 교차로안,승용,여,49세,상해없음,보행자,여,32세,경상
2012112300100506,2012년 11월 23일 18시,금요일,광주광역시 북구 용봉동,경상사고,0,0,1,0,차대차 - 기타,안전운전불이행,건조,맑음,단일로 - 기타,승용,남,57세,상해없음,승용,남,41세,경상
2012112300100552,2012년 11월 23일 19시,금요일,광주광역시 북구 용봉동,경상사고,0,0,1,0,차대사람 - 기타,안전운전불이행,건조,맑음,단일로 - 기타,원동기,기타불명,기타불명,기타불명,보행자,여,16세,경상
2012112300100553,2012년 11월 23일 19시,금요일,광주광역시 광산구 수완동,경상사고,0,0,1,0,차대사람 - 횡단중,보행자보호의무위반,건조,맑음,단일로 - 횡단보도상,승용,여,24세,상해없음,보행자,남,5세,경상
2012112300100594,2012년 11월 23일 20시,금요일,광주광역시 동구 계림동,경상사고,0,0,1,0,차대차 - 정면충돌,안전운전불이행,건조,맑음,단일로 - 기타,승용,남,32세,상해없음,이륜,남,21세,경상
2012112300100595,2012년 11월 23일 20시,금요일,광주광역시 서구 금호동,경상사고,0,0,2,0,차대차 - 기타,안전운전불이행,건조,흐림,기타 - 기타,승용,여,47세,상해없음,승용,여,22세,경상
2012112300100596,2012년 11월 23일 20시,금요일,광주광역시 북구 일곡동,경상사고,0,0,2,0,차대차 - 추돌 - 주정차중,안전거리미확보,건조,맑음,단일로 - 기타,승용,남,55세,상해없음,승용,여,46세,경상
2012112300100597,2012년 11월 23일 20시,금요일,광주광역시 북구 운암동,경상사고,0,0,2,0,차대차 - 추돌 - 진행중,안전거리미확보,건조,맑음,교차로 - 교차로부근,승용,여,52세,상해없음,승용,남,50세,상해없음
2012112300100598,2012년 11월 23일 20시,금요일,광주광역시 광산구 오선동,경상사고,0,0,4,0,차대차 - 측면직각충돌,신호위반,건조,맑음,교차로 - 교차로안,승용,남,51세,경상,승용,남,50세,경상
2012112300100599,2012년 11월 23일 20시,금요일,광주광역시 광산구 우산동,경상사고,0,0,1,0,차대사람 - 길가장자리구역통행중,안전운전불이행,건조,맑음,단일로 - 기타,승용,남,43세,상해없음,보행자,여,5세,경상
2012112300100675,2012년 11월 23일 22시,금요일,광주광역시 남구 주월동,경상사고,0,0,1,0,차대차 - 측면직각충돌,차로위반,건조,맑음,단일로 - 기타,승용,남,43세,상해없음,이륜,남,19세,경상
2012112300100676,2012년 11월 23일 22시,금요일,광주광역시 광산구 월곡동,경상사고,0,0,1,0,차대차 - 정면충돌,신호위반,건조,맑음,교차로 - 교차로안,자전거,남,14세,경상,승용,남,61세,상해없음
2012112300100701,2012년 11월 23일 23시,금요일,광주광역시 동구 지산동,경상사고,0,0,2,0,차대차 - 측면직각충돌,교차로운행방법위반,건조,맑음,교차로 - 교차로안,승용,남,59세,상해없음,승용,남,45세,경상
2012112300100702,2012년 11월 23일 23시,금요일,광주광역시 동구 학동,중상사고,0,1,0,0,차대사람 - 기타,안전운전불이행,건조,맑음,단일로 - 기타,승합,남,49세,상해없음,보행자,여,46세,중상
2012112300100703,2012년 11월 23일 23시,금요일,광주광역시 서구 쌍촌동,경상사고,0,0,1,0,차대차 - 추돌 - 진행중,안전거리미확보,건조,흐림,단일로 - 기타,승용,남,31세,상해없음,승용,남,44세,경상
2012112300100704,2012년 11월 23일 23시,금요일,광주광역시 서구 동천동,경상사고,0,0,2,0,차대차 - 측면직각충돌,신호위반,건조,맑음,교차로 - 교차로안,이륜,남,17세,경상,승용,남,41세,경상
2012112300100705,2012년 11월 23일 23시,금요일,광주광역시 광산구 신촌동,경상사고,0,0,1,0,차대차 - 측면직각충돌,안전운전불이행,건조,맑음,단일로 - 기타,이륜,남,35세,경상,승용,여,27세,상해없음
2012112400100022,2012년 11월 24일 00시,토요일,광주광역시 광산구 양산동,중상사고,0,1,0,0,차대사람 - 횡단중,안전운전불이행,건조,맑음,단일로 - 기타,승용,남,42세,상해없음,보행자,남,37세,중상
2012112400100051,2012년 11월 24일 01시,토요일,광주광역시 동구 광산동,경상사고,0,0,2,0,차대사람 - 횡단중,안전운전불이행,건조,맑음,교차로 - 교차로안,원동기,남,17세,상해없음,보행자,여,23세,경상
2012112400100088,2012년 11월 24일 03시,토요일,광주광역시 서구 치평동,경상사고,0,0,2,0,차대차 - 측면직각충돌,교차로운행방법위반,건조,맑음,교차로 - 교차로안,승용,남,25세,경상,승용,남,38세,경상
2012112400100115,2012년 11월 24일 05시,토요일,광주광역시 남구 백운동,경상사고,0,0,1,0,차량단독 - 공작물충돌,안전운전불이행,건조,맑음,미분류 - 미분류,승용,남,29세,경상,,,,
2012112400100206,2012년 11월 24일 09시,토요일,광주광역시 광산구 쌍암동,경상사고,0,0,3,0,차대차 - 측면직각충돌,안전운전불이행,건조,맑음,단일로 - 횡단보도상,승용,여,28세,상해없음,자전거,여,10세,경상
2012112400100243,2012년 11월 24일 10시,토요일,광주광역시 서구 치평동,경상사고,0,0,4,0,차대차 - 추돌 - 진행중,안전운전불이행,건조,맑음,교차로 - 교차로부근,승용,여,37세,경상,승용,남,52세,경상
2012112400100244,2012년 11월 24일 10시,토요일,광주광역시 북구 오치동,경상사고,0,0,4,0,차대차 - 측면직각충돌,교차로운행방법위반,건조,맑음,교차로 - 교차로안,화물,남,29세,경상,승용,남,36세,경상
2012112400100270,2012년 11월 24일 11시,토요일,광주광역시 남구 진월동,경상사고,0,0,3,0,차대차 - 측면직각충돌,안전운전불이행,건조,맑음,단일로 - 기타,승용,남,47세,경상,승용,여,40세,경상
2012112400100297,2012년 11월 24일 12시,토요일,광주광역시 서구 동천동,중상사고,0,1,0,0,차대사람 - 횡단중,안전운전불이행,건조,맑음,단일로 - 기타,승용,남,56세,상해없음,보행자,남,7세,중상
2012112400100298,2012년 11월 24일 12시,토요일,광주광역시 북구 운암동,경상사고,0,0,1,0,차대차 - 측면직각충돌,안전거리미확보,건조,맑음,단일로 - 기타,승용,남,34세,상해없음,승용,남,34세,경상
2012112400100332,2012년 11월 24일 13시,토요일,광주광역시 동구 동명동,경상사고,0,0,1,0,차대차 - 추돌 - 주정차중,안전운전불이행,건조,맑음,단일로 - 기타,승용,남,49세,상해없음,이륜,남,42세,상해없음
2012112400100363,2012년 11월 24일 14시,토요일,광주광역시 남구 월산동,경상사고,0,0,3,0,차대차 - 측면직각충돌,교차로운행방법위반,건조,맑음,교차로 - 교차로안,승용,여,58세,상해없음,승용,남,69세,상해없음
2012112400100364,2012년 11월 24일 14시,토요일,광주광역시 북구 운암동,중상사고,0,1,0,0,차대차 - 기타,안전운전불이행,건조,맑음,교차로 - 교차로안,승용,여,54세,상해없음,자전거,남,73세,중상
2012112400100401,2012년 11월 24일 15시,토요일,광주광역시 서구 화정동,부상신고사고,0,0,0,1,차대차 - 측면직각충돌,안전운전불이행,건조,맑음,교차로 - 교차로부근,원동기,남,17세,부상신고,승용,남,42세,상해없음
2012112400100463,2012년 11월 24일 17시,토요일,광주광역시 서구 광천동,중상사고,0,1,0,0,차대사람 - 횡단중,신호위반,건조,맑음,교차로 - 교차로안,건설기계,남,48세,상해없음,보행자,여,72세,중상
2012112400100464,2012년 11월 24일 17시,토요일,광주광역시 광산구 쌍암동,경상사고,0,0,2,0,차대차 - 추돌 - 진행중,안전거리미확보,건조,맑음,단일로 - 기타,승용,여,38세,경상,승용,여,59세,경상
2012112400100516,2012년 11월 24일 18시,토요일,광주광역시 서구 치평동,경상사고,0,0,3,0,차대차 - 기타,교차로운행방법위반,건조,맑음,교차로 - 교차로부근,승용,남,38세,기타불명,승용,남,43세,경상
2012112400100517,2012년 11월 24일 18시,토요일,광주광역시 서구 광천동,경상사고,0,0,1,0,차대차 - 측면직각충돌,신호위반,건조,맑음,교차로 - 교차로안,승용,남,29세,상해없음,승용,남,43세,경상
2012112400100518,2012년 11월 24일 18시,토요일,광주광역시 광산구 수완동,경상사고,0,0,1,0,차대차 - 측면직각충돌,안전거리미확보,건조,맑음,단일로 - 기타,승용,남,26세,상해없음,원동기,남,42세,경상
2012112400100519,2012년 11월 24일 18시,토요일,광주광역시 광산구 운남동,중상사고,0,1,0,0,차대사람 - 기타,안전운전불이행,건조,맑음,기타 - 기타,이륜,기타불명,기타불명,기타불명,보행자,남,65세,중상
2012112400100544,2012년 11월 24일 19시,토요일,광주광역시 서구 광천동,경상사고,0,0,4,0,차대차 - 추돌 - 주정차중,안전운전불이행,건조,맑음,단일로 - 기타,승용,남,27세,상해없음,승용,남,37세,경상
2012112400100545,2012년 11월 24일 19시,토요일,광주광역시 서구 화정동,경상사고,0,0,1,0,차대차 - 추돌 - 주정차중,안전운전불이행,건조,맑음,교차로 - 교차로부근,승용,여,46세,상해없음,화물,남,50세,경상
2012112400100574,2012년 11월 24일 20시,토요일,광주광역시 광산구 신창동,경상사고,0,0,1,0,차대사람 - 보도통행중,신호위반,건조,맑음,단일로 - 횡단보도부근,원동기,남,42세,상해없음,보행자,남,7세,경상