사고번호,사고일시,요일,시군구,사고내용,사망자수,중상자수,경상자수,부상신고자수,사고유형,법규위반,노면상태,기상상태,도로형태,가해운전자 차종,가해운전자 성별,가해운전자 연령,가해운전자 상해정도,피해운전자 차종,피해운전자 성별,피해운전자 연령,피해운전자 상해정도
2012112400100618,2012년 11월 24일 21시,토요일,광주광역시 서구 농성동,경상사고,0,0,1,0,차대차 - 추돌 - 진행중,안전거리미확보,건조,맑음,단일로 - 기타,화물,남,38세,상해없음,승용,남,61세,경상
2012112400100619,2012년 11월 24일 21시,토요일,광주광역시 북구 우산동,경상사고,0,0,1,0,차대차 - 측면직각충돌,안전운전불이행,건조,맑음,교차로 - 교차로안,승용,남,24세,상해없음,승용,남,29세,경상
2012112400100651,2012년 11월 24일 22시,토요일,광주광역시 남구 월산동,경상사고,0,0,2,0,차대차 - 측면직각충돌,신호위반,건조,맑음,교차로 - 교차로안,승용,여,42세,상해없음,승용,남,51세,경상
2012112400100652,2012년 11월 24일 22시,토요일,광주광역시 광산구 월곡동,경상사고,0,0,3,0,차대차 - 추돌 - 진행중,안전운전불이행,건조,맑음,교차로 - 교차로부근,승용,남,28세,상해없음,승용,남,40세,경상
2012112500100088,2012년 11월 25일 04시,일요일,광주광역시 북구 유동,경상사고,0,0,2,1,차량단독 - 도로외이탈 - 추락,안전운전불이행,건조,맑음,교차로 - 교차로안,승용,남,23세,상해없음,,,,
2012112500100108,2012년 11월 25일 06시,일요일,광주광역시 서구 농성동,경상사고,0,0,2,0,차대차 - 측면직각충돌,교차로운행방법위반,건조,맑음,교차로 - 교차로안,승용,남,28세,상해없음,승용,남,59세,경상
2012112500100109,2012년 11월 25일 06시,일요일,광주광역시 광산구 월전동,중상사고,0,1,0,0,차대차 - 추돌 - 진행중,안전운전불이행,건조,맑음,단일로 - 기타,승용,기타불명,기타불명,기타불명,자전거,남,74세,중상
2012112500100121,2012년 11월 25일 07시,일요일,광주광역시 남구 백운동,경상사고,0,0,1,0,차대차 - 추돌 - 진행중,안전거리미확보,건조,맑음,교차로 - 교차로안,승용,남,57세,상해없음,승용,여,34세,경상
2012112500100122,2012년 11월 25일 07시,일요일,광주광역시 광산구 수완동,경상사고,0,0,1,0,차대차 - 측면직각충돌,안전운전불이행,건조,맑음,단일로 - 기타,승용,남,28세,경상,화물,남,37세,기타불명
2012112500100199,2012년 11월 25일 11시,일요일,광주광역시 남구 방림동,부상신고사고,0,0,0,1,차대사람 - 기타,안전운전불이행,건조,맑음,기타 - 기타,승용,여,20세,상해없음,보행자,여,29세,부상신고
2012112500100220,2012년 11월 25일 12시,일요일,광주광역시 서구 쌍촌동,경상사고,0,0,2,0,차대차 - 기타,안전거리미확보,건조,맑음,단일로 - 기타,승용,남,23세,기타불명,승용,남,54세,경상
2012112500100221,2012년 11월 25일 12시,일요일,광주광역시 서구 화정동,경상사고,0,0,1,0,차대차 - 기타,안전운전불이행,건조,맑음,단일로 - 기타,승합,남,48세,상해없음,승용,여,32세,경상
2012112500100330,2012년 11월 25일 16시,일요일,광주광역시 서구 풍암동,경상사고,0,0,1,0,차대차 - 기타,차로위반,건조,맑음,기타 - 기타,승용,남,46세,상해없음,승용,여,32세,경상
2012112500100459,2012년 11월 25일 20시,일요일,광주광역시 광산구 운남동,경상사고,0,0,2,0,차대차 - 기타,안전운전불이행,습기,비,기타 - 기타,승용,남,44세,상해없음,승용,남,32세,경상
2012112500100499,2012년 11월 25일 21시,일요일,광주광역시 광산구 송정동,경상사고,0,0,2,0,차대차 - 측면직각충돌,안전거리미확보,습기,비,단일로 - 기타,승용,남,47세,상해없음,승용,남,36세,경상
2012112500100500,2012년 11월 25일 21시,일요일,광주광역시 광산구 월곡동,경상사고,0,0,1,0,차대사람 - 기타,안전운전불이행,습기,비,단일로 - 횡단보도부근,승합,남,58세,상해없음,보행자,남,16세,경상
2012112500100535,2012년 11월 25일 22시,일요일,광주광역시 북구 운암동,경상사고,0,0,2,0,차대차 - 측면직각충돌,신호위반,습기,비,교차로 - 교차로안,승용,남,57세,상해없음,승용,여,46세,경상
2012112500100536,2012년 11월 25일 22시,일요일,광주광역시 북구 두암동,중상사고,0,1,0,0,차대사람 - 차도통행중,안전운전불이행,습기,비,단일로 - 기타,원동기,남,16세,상해없음,보행자,여,72세,중상
2012112500100537,2012년 11월 25일 22시,일요일,광주광역시 광산구 신창동,경상사고,0,0,1,0,차대차 - 측면직각충돌,안전운전불이행,습기,비,교차로 - 교차로안,승용,남,28세,상해없음,승용,남,39세,경상
2012112500100564,2012년 11월 25일 23시,일요일,광주광역시 서구 쌍촌동,부상신고사고,0,0,0,1,차대사람 - 기타,안전운전불이행,습기,비,단일로 - 기타,승용,남,28세,상해없음,보행자,남,46세,부상신고
2012112500100565,2012년 11월 25일 23시,일요일,광주광역시 남구 양과동,사망사고,1,0,1,0,차대차 - 정면충돌,중앙선침범,습기,비,단일로 - 기타,승용,남,63세,사망,승용,남,44세,경상
2012112500100566,2012년 11월 25일 23시,일요일,광주광역시 광산구 신가동,경상사고,0,0,2,0,차대차 - 정면충돌,중앙선침범,습기,비,교차로 - 교차로부근,승용,남,25세,경상,승용,남,33세,경상
2012112600100029,2012년 11월 26일 01시,월요일,광주광역시 광산구 월계동,경상사고,0,0,2,0,차대차 - 추돌 - 주정차중,안전거리미확보,습기,비,교차로 - 교차로부근,승용,남,41세,상해없음,승용,남,40세,경상
2012112600100085,2012년 11월 26일 06시,월요일,광주광역시 서구 치평동,경상사고,0,0,1,0,차대차 - 기타,안전운전불이행,건조,맑음,교차로 - 교차로부근,승용,남,19세,상해없음,승용,남,52세,경상
2012112600100180,2012년 11월 26일 09시,월요일,광주광역시 동구 서석동,경상사고,0,0,1,0,차대차 - 측면직각충돌,안전운전불이행,습기,비,단일로 - 기타,승용,여,30세,상해없음,승용,남,59세,상해없음
2012112600100181,2012년 11월 26일 09시,월요일,광주광역시 서구 화정동,경상사고,0,0,1,0,차대사람 - 길가장자리구역통행중,안전운전불이행,습기,맑음,단일로 - 기타,승용,남,32세,상해없음,보행자,여,61세,경상
2012112600100209,2012년 11월 26일 10시,월요일,광주광역시 동구 산수동,중상사고,0,1,2,0,차대차 - 추돌 - 주정차중,안전거리미확보,건조,흐림,교차로 - 교차로부근,승용,남,58세,상해없음,승용,여,38세,중상
2012112600100210,2012년 11월 26일 10시,월요일,광주광역시 광산구 우산동,경상사고,0,0,1,0,차대차 - 측면직각충돌,교차로운행방법위반,습기,흐림,교차로 - 교차로안,승용,남,52세,상해없음,화물,남,24세,경상
2012112600100360,2012년 11월 26일 15시,월요일,광주광역시 북구 삼각동,경상사고,0,0,2,0,차대차 - 측면직각충돌,교차로운행방법위반,건조,맑음,교차로 - 교차로안,승용,남,67세,상해없음,승용,남,56세,경상
2012112600100361,2012년 11월 26일 15시,월요일,광주광역시 광산구 장덕동,부상신고사고,0,0,0,1,차대차 - 기타,신호위반,건조,맑음,교차로 - 교차로안,승용,여,47세,상해없음,이륜,남,17세,부상신고
2012112600100394,2012년 11월 26일 16시,월요일,광주광역시 광산구 양동,경상사고,0,0,4,0,차대차 - 정면충돌,신호위반,건조,맑음,교차로 - 교차로안,이륜,남,28세,상해없음,승용,남,41세,경상
2012112600100395,2012년 11월 26일 16시,월요일,광주광역시 광산구 신창동,경상사고,0,0,1,0,차대사람 - 횡단중,기타,건조,맑음,단일로 - 기타,승용,여,28세,상해없음,보행자,여,11세,경상
2012112600100434,2012년 11월 26일 17시,월요일,광주광역시 광산구 장덕동,중상사고,0,1,0,0,차대차 - 추돌 - 진행중,안전거리미확보,건조,맑음,교차로 - 교차로부근,승용,여,41세,상해없음,원동기,남,28세,중상
2012112600100492,2012년 11월 26일 18시,월요일,광주광역시 북구 연제동,경상사고,0,0,1,0,차대사람 - 길가장자리구역통행중,안전운전불이행,건조,맑음,단일로 - 기타,이륜,남,18세,상해없음,보행자,남,16세,경상
2012112600100531,2012년 11월 26일 19시,월요일,광주광역시 남구 월산동,경상사고,0,0,1,0,차대사람 - 횡단중,안전운전불이행,건조,맑음,교차로 - 교차로부근,원동기,남,39세,상해없음,보행자,여,50세,경상
2012112600100532,2012년 11월 26일 19시,월요일,광주광역시 북구 연제동,경상사고,0,0,1,0,차대차 - 추돌 - 진행중,안전운전불이행,건조,맑음,단일로 - 기타,승용,여,44세,경상,승용,남,44세,상해없음
2012112600100562,2012년 11월 26일 20시,월요일,광주광역시 서구 치평동,경상사고,0,0,1,0,차대사람 - 차도통행중,안전운전불이행,건조,맑음,단일로 - 기타,승용,기타불명,기타불명,기타불명,보행자,여,29세,경상
2012112600100563,2012년 11월 26일 20시,월요일,광주광역시 광산구 신가동,부상신고사고,0,0,0,1,차대차 - 기타,중앙선침범,건조,맑음,교차로 - 교차로안,이륜,남,17세,부상신고,승용,남,51세,상해없음
2012112600100661,2012년 11월 26일 23시,월요일,광주광역시 광산구 월계동,경상사고,0,0,1,0,차대차 - 추돌 - 주정차중,안전운전불이행,건조,맑음,단일로 - 기타,승용,여,25세,상해없음,승용,여,29세,경상
2012112700100021,2012년 11월 27일 00시,화요일,광주광역시 서구 유촌동,부상신고사고,0,0,0,1,차대사람 - 기타,안전운전불이행,건조,맑음,단일로 - 기타,승용,기타불명,기타불명,기타불명,보행자,남,27세,부상신고
2012112700100022,2012년 11월 27일 00시,화요일,광주광역시 북구 각화동,부상신고사고,0,0,0,1,차대차 - 추돌 - 진행중,안전거리미확보,건조,맑음,단일로 - 기타,화물,기타불명,기타불명,기타불명,화물,남,29세,부상신고
2012112700100168,2012년 11월 27일 08시,화요일,광주광역시 광산구 소촌동,사망사고,1,0,0,0,차대사람 - 횡단중,보행자보호의무위반,건조,맑음,교차로 - 교차로부근,승용,여,29세,상해없음,보행자,남,72세,사망
2012112700100219,2012년 11월 27일 10시,화요일,광주광역시 서구 양동,중상사고,0,1,0,0,차대사람 - 기타,안전운전불이행,건조,맑음,단일로 - 교량,화물,남,57세,상해없음,보행자,여,72세,중상
2012112700100220,2012년 11월 27일 10시,화요일,광주광역시 광산구 신촌동,경상사고,0,0,3,0,차대차 - 기타,교차로운행방법위반,건조,맑음,교차로 - 교차로안,승용,여,37세,경상,승용,남,29세,경상
2012112700100221,2012년 11월 27일 10시,화요일,광주광역시 광산구 도산동,중상사고,0,1,0,0,차대사람 - 차도통행중,안전운전불이행,건조,맑음,교차로 - 교차로안,승용,여,46세,상해없음,보행자,남,78세,중상
2012112700100246,2012년 11월 27일 11시,화요일,광주광역시 서구 치평동,경상사고,0,0,1,0,차대차 - 기타,신호위반,건조,맑음,교차로 - 교차로안,승용,여,42세,상해없음,승용,여,46세,경상
2012112700100283,2012년 11월 27일 12시,화요일,광주광역시 동구 계림동,경상사고,0,0,3,0,차대차 - 측면직각충돌,직진우회전진행방해,건조,맑음,교차로 - 교차로안,승용,남,71세,상해없음,승용,남,60세,경상
2012112700100339,2012년 11월 27일 14시,화요일,광주광역시 동구 황금동,경상사고,0,0,1,0,차대사람 - 기타,안전운전불이행,건조,맑음,단일로 - 기타,승용,남,47세,상해없음,보행자,여,50세,경상
2012112700100340,2012년 11월 27일 14시,화요일,광주광역시 서구 유촌동,경상사고,0,0,1,0,차대차 - 기타,안전운전불이행,건조,맑음,교차로 - 교차로부근,승용,남,48세,상해없음,승용,남,30세,경상
2012112700100341,2012년 11월 27일 14시,화요일,광주광역시 북구 월출동,경상사고,0,0,1,0,차대사람 - 길가장자리구역통행중,안전운전불이행,건조,맑음,단일로 - 기타,화물,남,22세,상해없음,보행자,여,82세,경상
2012112700100369,2012년 11월 27일 15시,화요일,광주광역시 북구 유동,중상사고,0,1,0,0,차대차 - 측면직각충돌,안전운전불이행,건조,맑음,단일로 - 기타,승용,여,45세,상해없음,이륜,남,49세,중상
2012112700100489,2012년 11월 27일 18시,화요일,광주광역시 북구 두암동,경상사고,0,0,2,0,차대차 - 측면직각충돌,중앙선침범,건조,맑음,단일로 - 기타,승합,남,56세,상해없음,승용,남,23세,경상
2012112700100490,2012년 11월 27일 18시,화요일,광주광역시 광산구 하산동,중상사고,0,1,0,0,차대사람 - 횡단중,안전운전불이행,건조,맑음,교차로 - 교차로안,승용,여,53세,상해없음,보행자,남,68세,중상
2012112700100569,2012년 11월 27일 20시,화요일,광주광역시 북구 우산동,경상사고,0,0,1,0,차대차 - 측면직각충돌,중앙선침범,건조,맑음,단일로 - 기타,승용,남,45세,기타불명,이륜,남,31세,경상
2012112700100570,2012년 11월 27일 20시,화요일,광주광역시 광산구 장덕동,부상신고사고,0,0,0,1,차대차 - 정면충돌,안전운전불이행,건조,맑음,교차로 - 교차로부근,승용,남,35세,기타불명,승용,여,43세,부상신고
2012112700100571,2012년 11월 27일 20시,화요일,광주광역시 광산구 신촌동,경상사고,0,0,1,0,차대차 - 추돌 - 진행중,중앙선침범,건조,맑음,단일로 - 기타,승용,남,40세,상해없음,원동기,남,26세,경상
2012112700100595,2012년 11월 27일 21시,화요일,광주광역시 서구 쌍촌동,경상사고,0,0,1,0,차대차 - 추돌 - 진행중,안전운전불이행,건조,맑음,단일로 - 기타,승용,기타불명,기타불명,기타불명,화물,남,47세,상해없음
2012112700100623,2012년 11월 27일 22시,화요일,광주광역시 서구 화정동,경상사고,0,0,2,0,차대차 - 추돌 - 주정차중,안전운전불이행,건조,맑음,교차로 - 교차로부근,승용,남,56세,상해없음,승용,남,47세,경상
2012112800100044,2012년 11월 28일 03시,수요일,광주광역시 북구 우산동,경상사고,0,0,1,0,차대차 - 기타,안전운전불이행,건조,맑음,단일로 - 기타,승용,남,24세,상해없음,승용,남,52세,상해없음
2012112800100075,2012년 11월 28일 06시,수요일,광주광역시 북구 매곡동,경상사고,0,0,1,0,차대차 - 측면직각충돌,안전운전불이행,건조,맑음,단일로 - 기타,화물,남,50세,상해없음,승용,남,67세,경상
2012112800100080,2012년 11월 28일 06시,수요일,광주광역시 서구 치평동,사망사고,1,0,0,0,차대차 - 측면직각충돌,안전운전불이행,건조,맑음,단일로 - 기타,승용,남,33세,상해없음,자전거,남,73세,사망
2012112800100140,2012년 11월 28일 08시,수요일,광주광역시 북구 두암동,경상사고,0,0,1,1,차대차 - 추돌 - 진행중,안전운전불이행,건조,맑음,단일로 - 기타,승용,여,34세,부상신고,화물,남,52세,경상
2012112800100141,2012년 11월 28일 08시,수요일,광주광역시 광산구 복룡동,경상사고,0,0,1,0,차대차 - 기타,안전거리미확보,건조,맑음,단일로 - 기타,승용,기타불명,기타불명,기타불명,승용,여,25세,경상
2012112800100175,2012년 11월 28일 09시,수요일,광주광역시 서구 농성동,경상사고,0,0,4,0,차대차 - 추돌 - 주정차중,안전운전불이행,건조,맑음,교차로 - 교차로부근,승용,여,64세,상해없음,승용,남,66세,경상
2012112800100176,2012년 11월 28일 09시,수요일,광주광역시 북구 우산동,경상사고,0,0,1,0,차대차 - 측면직각충돌,교차로운행방법위반,건조,맑음,교차로 - 교차로안,승합,여,42세,상해없음,승용,여,55세,경상
2012112800100233,2012년 11월 28일 11시,수요일,광주광역시 동구 소태동,경상사고,0,0,1,0,차량단독 - 기타,기타,건조,맑음,단일로 - 기타,승합,남,48세,상해없음,,,,
2012112800100271,2012년 11월 28일 13시,수요일,광주광역시 동구 대인동,경상사고,0,0,1,0,차대사람 - 기타,안전운전불이행,건조,맑음,단일로 - 기타,승합,남,62세,상해없음,보행자,여,55세,경상
2012112800100272,2012년 11월 28일 13시,수요일,광주광역시 광산구 송정동,경상사고,0,0,2,0,차대차 - 추돌 - 진행중,안전거리미확보,건조,맑음,단일로 - 기타,화물,남,50세,상해없음,승용,남,47세,경상
2012112800100299,2012년 11월 28일 14시,수요일,광주광역시 남구 백운동,경상사고,0,0,2,0,차대차 - 기타,교차로운행방법위반,건조,맑음,교차로 - 교차로안,승용,남,37세,경상,승용,남,71세,경상
2012112800100367,2012년 11월 28일 16시,수요일,광주광역시 광산구 산정동,중상사고,0,1,3,0,차대차 - 정면충돌,중앙선침범,건조,맑음,교차로 - 교차로부근,승용,여,44세,경상,승용,남,49세,경상
2012112800100412,2012년 11월 28일 17시,수요일,광주광역시 동구 산수동,경상사고,0,0,3,0,차대차 - 추돌 - 진행중,안전거리미확보,건조,맑음,단일로 - 기타,승용,남,33세,상해없음,승용,남,53세,경상
2012112800100413,2012년 11월 28일 17시,수요일,광주광역시 남구 월산동,중상사고,0,1,0,0,차대사람 - 횡단중,안전운전불이행,건조,맑음,단일로 - 기타,승용,여,43세,상해없음,보행자,여,73세,중상
2012112800100466,2012년 11월 28일 18시,수요일,광주광역시 동구 금남로1가,경상사고,0,0,3,0,차대차 - 측면직각충돌,신호위반,건조,맑음,교차로 - 교차로안,승용,남,20세,상해없음,승용,남,26세,경상
2012112800100467,2012년 11월 28일 18시,수요일,광주광역시 서구 농성동,경상사고,0,0,1,0,차대사람 - 기타,기타,건조,맑음,단일로 - 기타,승용,여,45세,기타불명,보행자,남,32세,경상
2012112800100468,2012년 11월 28일 18시,수요일,광주광역시 광산구 우산동,중상사고,0,1,0,0,차대사람 - 횡단중,안전운전불이행,건조,맑음,단일로 - 기타,승합,남,37세,상해없음,보행자,남,35세,중상
2012112800100508,2012년 11월 28일 19시,수요일,광주광역시 서구 풍암동,경상사고,0,0,1,0,차대차 - 측면직각충돌,안전거리미확보,건조,맑음,교차로 - 교차로부근,승용,남,48세,상해없음,승용,여,35세,경상
2012112800100509,2012년 11월 28일 19시,수요일,광주광역시 북구 양산동,경상사고,0,0,1,0,차대사람 - 길가장자리구역통행중,안전운전불이행,건조,맑음,단일로 - 기타,승합,남,53세,상해없음,보행자,남,14세,경상
2012112800100574,2012년 11월 28일 21시,수요일,광주광역시 서구 농성동,경상사고,0,0,3,0,차대차 - 기타,교차로운행방법위반,건조,맑음,교차로 - 교차로안,승용,남,47세,상해없음,승용,남,49세,경상
2012112800100600,2012년 11월 28일 22시,수요일,광주광역시 남구 봉선동,경상사고,0,0,1,0,차대차 - 측면직각충돌,신호위반,건조,맑음,교차로 - 교차로안,승용,남,56세,상해없음,승용,여,49세,경상
2012112800100601,2012년 11월 28일 22시,수요일,광주광역시 광산구 운남동,중상사고,0,2,0,0,차대차 - 기타,안전거리미확보,건조,맑음,단일로 - 기타,승용,여,47세,기타불명,승용,여,31세,중상
2012112800100628,2012년 11월 28일 23시,수요일,광주광역시 서구 농성동,경상사고,0,0,2,0,차대차 - 추돌 - 주정차중,안전거리미확보,습기,비,교차로 - 교차로부근,이륜,남,42세,상해없음,승용,여,38세,경상
2012112800100629,2012년 11월 28일 23시,수요일,광주광역시 북구 매곡동,경상사고,0,0,1,0,차대차 - 측면직각충돌,중앙선침범,건조,맑음,교차로 - 교차로부근,승용,남,39세,상해없음,승용,남,60세,경상
2012112800100630,2012년 11월 28일 23시,수요일,광주광역시 광산구 운남동,경상사고,0,0,4,0,차대차 - 기타,안전운전불이행,건조,맑음,단일로 - 기타,승용,남,40세,경상,승용,남,31세,경상
2012112900100024,2012년 11월 29일 00시,목요일,광주광역시 광산구 쌍암동,중상사고,0,1,0,0,차대차 - 정면충돌,교차로운행방법위반,건조,맑음,교차로 - 교차로안,승용,남,41세,상해없음,이륜,남,33세,중상
2012112900100042,2012년 11월 29일 01시,목요일,광주광역시 북구 운암동,경상사고,0,0,1,0,차대차 - 추돌 - 진행중,안전거리미확보,건조,맑음,교차로 - 교차로부근,승용,남,24세,상해없음,승용,남,36세,경상
2012112900100117,2012년 11월 29일 07시,목요일,광주광역시 서구 화정동,경상사고,0,0,1,0,차대사람 - 차도통행중,신호위반,건조,맑음,교차로 - 교차로안,이륜,남,16세,상해없음,보행자,여,26세,경상
2012112900100118,2012년 11월 29일 07시,목요일,광주광역시 광산구 쌍암동,경상사고,0,0,1,0,차대차 - 측면직각충돌,안전운전불이행,건조,흐림,단일로 - 기타,승용,남,28세,상해없음,승합,남,47세,경상
2012112900100119,2012년 11월 29일 07시,목요일,광주광역시 광산구 월계동,경상사고,0,0,1,0,차대차 - 기타,중앙선침범,건조,맑음,교차로 - 교차로부근,자전거,남,61세,경상,승용,남,35세,상해없음
2012112900100120,2012년 11월 29일 07시,목요일,광주광역시 광산구 수완동,중상사고,0,1,0,0,차대차 - 기타,보행자보호의무위반,건조,맑음,단일로 - 횡단보도상,승합,기타불명,기타불명,기타불명,자전거,남,26세,중상
2012112900100121,2012년 11월 29일 07시,목요일,광주광역시 광산구 소촌동,경상사고,0,0,1,0,차대차 - 측면직각충돌,안전거리미확보,건조,맑음,교차로 - 교차로안,승합,남,52세,기타불명,승용,여,46세,경상
2012112900100169,2012년 11월 29일 09시,목요일,광주광역시 광산구 수완동,경상사고,0,0,1,0,차대차 - 측면직각충돌,신호위반,건조,맑음,교차로 - 교차로안,승용,남,52세,상해없음,승용,여,39세,경상
2012112900100195,2012년 11월 29일 10시,목요일,광주광역시 광산구 우산동,경상사고,0,0,4,0,차대차 - 측면직각충돌,교차로운행방법위반,건조,맑음,교차로 - 교차로안,승합,남,34세,경상,승용,여,47세,경상
2012112900100245,2012년 11월 29일 12시,목요일,광주광역시 남구 봉선동,경상사고,0,0,1,0,차대사람 - 길가장자리구역통행중,중앙선침범,건조,맑음,단일로 - 기타,승용,여,45세,상해없음,보행자,여,76세,경상
2012112900100246,2012년 11월 29일 12시,목요일,광주광역시 광산구 산정동,경상사고,0,0,3,0,차대차 - 추돌 - 주정차중,안전운전불이행,건조,맑음,교차로 - 교차로안,승용,남,52세,상해없음,승용,여,43세,경상
2012112900100277,2012년 11월 29일 13시,목요일,광주광역시 북구 신안동,중상사고,0,1,1,0,차대사람 - 횡단중,보행자보호의무위반,건조,맑음,단일로 - 횡단보도상,승합,남,52세,상해없음,보행자,남,57세,경상
2012112900100278,2012년 11월 29일 13시,목요일,광주광역시 북구 유동,경상사고,0,0,1,0,차대차 - 추돌 - 주정차중,안전운전불이행,건조,맑음,교차로 - 교차로부근,원동기,남,50세,경상,승합,남,62세,상해없음
2012112900100306,2012년 11월 29일 14시,목요일,광주광역시 서구 금호동,경상사고,0,0,3,0,차대차 - 추돌 - 진행중,안전거리미확보,건조,맑음,교차로 - 교차로부근,승용,남,51세,상해없음,승용,남,25세,경상
2012112900100339,2012년 11월 29일 15시,목요일,광주광역시 서구 풍암동,경상사고,0,0,1,0,차대차 - 측면직각충돌,안전운전불이행,건조,맑음,교차로 - 교차로안,승용,여,43세,상해없음,자전거,남,52세,경상
2012112900100405,2012년 11월 29일 17시,목요일,광주광역시 북구 용봉동,경상사고,0,0,2,0,차대차 - 기타,중앙선침범,건조,맑음,단일로 - 기타,승용,여,47세,상해없음,원동기,남,23세,경상
2012112900100451,2012년 11월 29일 18시,목요일,광주광역시 서구 치평동,중상사고,0,1,0,0,차대사람 - 횡단중,안전운전불이행,건조,맑음,교차로 - 교차로부근,승용,남,34세,상해없음,보행자,남,72세,중상
2012112900100452,2012년 11월 29일 18시,목요일,광주광역시 북구 운암동,경상사고,0,0,1,0,차량단독 - 기타,안전운전불이행,건조,맑음,단일로 - 기타,승합,남,40세,상해없음,,,,
2012112900100484,2012년 11월 29일 19시,목요일,광주광역시 북구 양산동,경상사고,0,0,2,0,차대차 - 기타,안전운전불이행,건조,맑음,단일로 - 기타,화물,남,54세,상해없음,승용,여,47세,경상
2012112900100485,2012년 11월 29일 19시,목요일,광주광역시 광산구 신가동,경상사고,0,0,2,0,차대차 - 추돌 - 진행중,차로위반,건조,맑음,미분류 - 미분류,승용,남,28세,경상,승용,남,26세,경상
2012112900100517,2012년 11월 29일 20시,목요일,광주광역시 남구 주월동,경상사고,0,0,3,0,차대차 - 추돌 - 주정차중,안전운전불이행,건조,맑음,단일로 - 기타,승용,남,30세,경상,승용,여,23세,경상
2012112900100620,2012년 11월 29일 23시,목요일,광주광역시 동구 학동,경상사고,0,0,1,0,차대차 - 측면직각충돌,신호위반,건조,맑음,교차로 - 교차로안,승용,남,68세,상해없음,승용,남,52세,상해없음
2012112900100621,2012년 11월 29일 23시,목요일,광주광역시 동구 지산동,경상사고,0,0,1,0,차대차 - 측면직각충돌,직진우회전진행방해,건조,맑음,교차로 - 교차로안,승용,남,49세,상해없음,이륜,남,20세,경상
2012113000100047,2012년 11월 30일 02시,금요일,광주광역시 북구 신용동,경상사고,0,0,2,0,차대차 - 기타,안전운전불이행,건조,맑음,교차로 - 교차로부근,승용,남,31세,상해없음,화물,남,48세,경상
2012113000100064,2012년 11월 30일 04시,금요일,광주광역시 서구 화정동,사망사고,1,0,0,0,차대사람 - 횡단중,보행자보호의무위반,건조,맑음,단일로 - 횡단보도상,승용,남,30세,상해없음,보행자,여,44세,사망
2012113000100089,2012년 11월 30일 06시,금요일,광주광역시 광산구 우산동,경상사고,0,0,1,0,차대차 - 추돌 - 주정차중,안전거리미확보,건조,맑음,단일로 - 기타,화물,남,56세,상해없음,승용,여,30세,경상
2012113000100110,2012년 11월 30일 07시,금요일,광주광역시 북구 대촌동,경상사고,0,0,1,0,차대차 - 측면직각충돌,교차로운행방법위반,건조,맑음,교차로 - 교차로안,승용,남,26세,상해없음,승용,남,48세,경상
2012113000100156,2012년 11월 30일 09시,금요일,광주광역시 광산구 신가동,경상사고,0,0,1,0,차대사람 - 차도통행중,안전운전불이행,건조,맑음,교차로 - 교차로부근,승용,남,21세,기타불명,보행자,여,54세,경상
2012113000100175,2012년 11월 30일 10시,금요일,광주광역시 동구 계림동,중상사고,0,1,0,0,차대차 - 측면직각충돌,안전운전불이행,건조,맑음,단일로 - 기타,이륜,남,74세,중상,화물,남,41세,상해없음
2012113000100224,2012년 11월 30일 12시,금요일,광주광역시 광산구 비아동,경상사고,0,0,1,0,차대차 - 측면직각충돌,안전거리미확보,건조,맑음,교차로 - 교차로안,승합,남,33세,상해없음,화물,남,46세,경상
2012113000100250,2012년 11월 30일 13시,금요일,광주광역시 서구 양동,경상사고,0,0,1,0,차대차 - 기타,차로위반,건조,맑음,기타 - 기타,승용,남,31세,상해없음,승용,여,34세,경상
2012113000100251,2012년 11월 30일 13시,금요일,광주광역시 광산구 운남동,경상사고,0,0,1,0,차대차 - 추돌 - 진행중,안전거리미확보,건조,맑음,단일로 - 기타,승용,남,44세,상해없음,원동기,남,41세,경상
2012113000100270,2012년 11월 30일 14시,금요일,광주광역시 서구 동천동,경상사고,0,0,1,0,차대차 - 기타,중앙선침범,건조,맑음,교차로 - 교차로부근,승용,여,35세,상해없음,이륜,남,34세,경상
2012113000100299,2012년 11월 30일 15시,금요일,광주광역시 광산구 운남동,경상사고,0,0,1,0,차대차 - 측면직각충돌,신호위반,건조,맑음,교차로 - 교차로안,승용,여,54세,상해없음,승용,남,28세,경상
2012113000100329,2012년 11월 30일 16시,금요일,광주광역시 서구 광천동,부상신고사고,0,0,0,1,차대차 - 기타,신호위반,건조,맑음,교차로 - 교차로안,승용,남,35세,상해없음,승용,남,45세,부상신고
2012113000100382,2012년 11월 30일 17시,금요일,광주광역시 북구 망월동,부상신고사고,0,0,0,1,차대차 - 추돌 - 주정차중,안전운전불이행,건조,맑음,교차로 - 교차로부근,이륜,남,67세,부상신고,승용,여,48세,상해없음
2012113000100432,2012년 11월 30일 18시,금요일,광주광역시 남구 월산동,경상사고,0,0,1,0,차대차 - 측면직각충돌,안전거리미확보,건조,맑음,교차로 - 교차로부근,화물,남,46세,상해없음,승용,남,55세,경상