사고번호,사고일시,요일,시군구,사고내용,사망자수,중상자수,경상자수,부상신고자수,사고유형,법규위반,노면상태,기상상태,도로형태,가해운전자 차종,가해운전자 성별,가해운전자 연령,가해운전자 상해정도,피해운전자 차종,피해운전자 성별,피해운전자 연령,피해운전자 상해정도
2012113000100433,2012년 11월 30일 18시,금요일,광주광역시 북구 각화동,경상사고,0,0,3,0,차대차 - 기타,안전운전불이행,건조,맑음,단일로 - 기타,승용,남,31세,경상,승용,남,65세,경상
2012113000100513,2012년 11월 30일 20시,금요일,광주광역시 광산구 수완동,중상사고,0,1,3,0,차대차 - 추돌 - 주정차중,안전운전불이행,건조,맑음,교차로 - 교차로부근,승합,남,40세,중상,승합,남,38세,경상
2012113000100551,2012년 11월 30일 21시,금요일,광주광역시 북구 동림동,경상사고,0,0,3,0,차대차 - 측면직각충돌,신호위반,건조,맑음,교차로 - 교차로안,승용,남,28세,상해없음,승용,남,30세,경상
2012113000100552,2012년 11월 30일 21시,금요일,광주광역시 북구 임동,경상사고,0,0,1,0,차대차 - 기타,교차로운행방법위반,건조,맑음,교차로 - 교차로안,승용,남,55세,상해없음,자전거,여,52세,경상
2012113000100595,2012년 11월 30일 22시,금요일,광주광역시 남구 백운동,경상사고,0,0,1,0,차대차 - 추돌 - 진행중,안전거리미확보,건조,맑음,교차로 - 교차로안,기타불명,기타불명,기타불명,기타불명,화물,남,37세,경상
2012113000100596,2012년 11월 30일 22시,금요일,광주광역시 북구 신안동,경상사고,0,0,1,0,차대차 - 정면충돌,중앙선침범,건조,맑음,단일로 - 기타,승용,남,60세,상해없음,승용,남,58세,경상
2012113000100597,2012년 11월 30일 22시,금요일,광주광역시 광산구 소촌동,경상사고,0,0,1,0,차대차 - 추돌 - 진행중,안전거리미확보,건조,맑음,교차로 - 교차로부근,화물,남,56세,상해없음,승용,남,44세,상해없음
2012120100100025,2012년 12월 1일 00시,토요일,광주광역시 동구 산수동,부상신고사고,0,0,0,1,차대차 - 측면직각충돌,직진우회전진행방해,건조,맑음,교차로 - 교차로안,이륜,남,20세,부상신고,승용,남,47세,상해없음
2012120100100026,2012년 12월 1일 00시,토요일,광주광역시 서구 치평동,경상사고,0,0,3,0,차대차 - 기타,차로위반,건조,맑음,기타 - 기타,승용,남,27세,기타불명,승용,남,36세,경상
2012120100100027,2012년 12월 1일 00시,토요일,광주광역시 서구 광천동,경상사고,0,0,3,0,차대차 - 기타,안전운전불이행,건조,맑음,교차로 - 교차로안,승용,남,54세,상해없음,승용,여,50세,경상
2012120100100028,2012년 12월 1일 00시,토요일,광주광역시 남구 주월동,경상사고,0,0,2,0,차대차 - 측면직각충돌,신호위반,건조,맑음,교차로 - 교차로안,승용,남,27세,상해없음,승용,남,51세,경상
2012120100100029,2012년 12월 1일 00시,토요일,광주광역시 남구 진월동,중상사고,0,1,4,0,차대차 - 측면직각충돌,안전운전불이행,건조,맑음,단일로 - 기타,승용,남,28세,상해없음,화물,남,35세,상해없음
2012120100100030,2012년 12월 1일 00시,토요일,광주광역시 북구 중흥동,중상사고,0,1,0,0,차대사람 - 횡단중,안전운전불이행,건조,맑음,교차로 - 교차로안,승용,남,52세,상해없음,보행자,남,58세,중상
2012120100100092,2012년 12월 1일 02시,토요일,광주광역시 서구 마륵동,경상사고,0,0,3,0,차대차 - 측면직각충돌,신호위반,건조,맑음,교차로 - 교차로안,승용,남,64세,경상,승용,남,49세,상해없음
2012120100100093,2012년 12월 1일 02시,토요일,광주광역시 광산구 쌍암동,경상사고,0,0,5,0,차대차 - 추돌 - 주정차중,안전운전불이행,건조,맑음,교차로 - 교차로안,승용,남,20세,상해없음,화물,남,52세,상해없음
2012120100100107,2012년 12월 1일 03시,토요일,광주광역시 북구 운암동,중상사고,0,3,0,0,차대차 - 정면충돌,교차로운행방법위반,습기,맑음,단일로 - 교량,승용,남,29세,중상,승용,남,25세,중상
2012120100100128,2012년 12월 1일 05시,토요일,광주광역시 서구 광천동,경상사고,0,0,1,0,차대차 - 기타,안전운전불이행,건조,맑음,교차로 - 교차로부근,승용,남,23세,상해없음,승용,남,34세,경상
2012120100100129,2012년 12월 1일 05시,토요일,광주광역시 북구 용봉동,경상사고,0,0,1,0,차대사람 - 차도통행중,안전운전불이행,건조,맑음,단일로 - 기타,승용,남,23세,상해없음,보행자,여,18세,경상
2012120100100148,2012년 12월 1일 06시,토요일,광주광역시 북구 운암동,중상사고,0,1,4,1,차대차 - 측면직각충돌,안전운전불이행,건조,맑음,교차로 - 교차로안,승용,남,22세,부상신고,승용,남,50세,중상
2012120100100213,2012년 12월 1일 09시,토요일,광주광역시 서구 화정동,경상사고,0,0,1,0,차량단독 - 기타,안전운전불이행,건조,맑음,단일로 - 기타,승용,남,74세,상해없음,,,,
2012120100100310,2012년 12월 1일 12시,토요일,광주광역시 북구 두암동,경상사고,0,0,1,0,차량단독 - 기타,안전운전불이행,건조,맑음,단일로 - 기타,승합,남,52세,상해없음,,,,
2012120100100326,2012년 12월 1일 13시,토요일,광주광역시 동구 산수동,경상사고,0,0,1,0,차대사람 - 차도통행중,안전운전불이행,건조,맑음,단일로 - 기타,승용,남,47세,상해없음,보행자,남,58세,경상
2012120100100327,2012년 12월 1일 13시,토요일,광주광역시 북구 양산동,경상사고,0,0,3,0,차대차 - 추돌 - 진행중,안전운전불이행,건조,맑음,단일로 - 기타,승용,여,43세,상해없음,승용,여,52세,경상
2012120100100357,2012년 12월 1일 14시,토요일,광주광역시 동구 지산동,경상사고,0,0,1,0,차대차 - 측면직각충돌,교차로운행방법위반,건조,맑음,교차로 - 교차로안,승용,남,15세,상해없음,이륜,남,58세,경상
2012120100100358,2012년 12월 1일 14시,토요일,광주광역시 북구 신안동,경상사고,0,0,1,0,차대차 - 측면직각충돌,안전거리미확보,건조,맑음,단일로 - 기타,승용,남,35세,상해없음,이륜,남,34세,경상
2012120100100398,2012년 12월 1일 15시,토요일,광주광역시 동구 금남로3가,경상사고,0,0,1,0,차량단독 - 기타,안전운전불이행,건조,맑음,교차로 - 교차로부근,승합,남,56세,상해없음,,,,
2012120100100571,2012년 12월 1일 19시,토요일,광주광역시 서구 광천동,경상사고,0,0,1,0,차대차 - 측면직각충돌,안전거리미확보,건조,맑음,단일로 - 기타,화물,남,40세,상해없음,승용,남,47세,상해없음
2012120100100572,2012년 12월 1일 19시,토요일,광주광역시 광산구 운남동,중상사고,0,1,0,0,차대차 - 추돌 - 진행중,불법유턴,건조,맑음,교차로 - 교차로부근,승용,남,28세,상해없음,원동기,남,17세,중상
2012120200100023,2012년 12월 2일 00시,일요일,광주광역시 남구 봉선동,경상사고,0,0,6,0,차대차 - 정면충돌,중앙선침범,건조,맑음,교차로 - 교차로부근,승용,남,37세,상해없음,승용,남,52세,경상
2012120200100024,2012년 12월 2일 00시,일요일,광주광역시 광산구 도산동,경상사고,0,0,2,0,차대차 - 기타,교차로운행방법위반,건조,맑음,교차로 - 교차로안,승용,여,61세,경상,승용,남,31세,경상
2012120200100065,2012년 12월 2일 02시,일요일,광주광역시 서구 치평동,경상사고,0,0,1,0,차대차 - 측면직각충돌,중앙선침범,건조,맑음,단일로 - 기타,승용,남,35세,상해없음,승용,남,33세,경상
2012120200100066,2012년 12월 2일 02시,일요일,광주광역시 서구 치평동,경상사고,0,0,2,0,차대차 - 측면직각충돌,안전운전불이행,건조,맑음,단일로 - 기타,승용,남,28세,상해없음,승용,남,35세,경상
2012120200100067,2012년 12월 2일 02시,일요일,광주광역시 북구 삼각동,경상사고,0,0,2,0,차대차 - 추돌 - 주정차중,안전운전불이행,건조,맑음,단일로 - 기타,승용,남,42세,상해없음,승용,남,41세,경상
2012120200100102,2012년 12월 2일 04시,일요일,광주광역시 남구 주월동,경상사고,0,0,1,0,차대차 - 기타,안전운전불이행,건조,맑음,교차로 - 교차로안,승용,남,26세,상해없음,승용,남,48세,경상
2012120200100122,2012년 12월 2일 06시,일요일,광주광역시 북구 용봉동,경상사고,0,0,1,0,차대사람 - 횡단중,신호위반,습기,비,단일로 - 횡단보도상,승용,남,57세,상해없음,보행자,남,24세,경상
2012120200100130,2012년 12월 2일 07시,일요일,광주광역시 서구 치평동,경상사고,0,0,8,0,차대차 - 측면직각충돌,교차로운행방법위반,습기,비,교차로 - 교차로안,승용,남,26세,상해없음,승용,남,27세,경상
2012120200100133,2012년 12월 2일 08시,일요일,광주광역시 동구 내남동,경상사고,0,0,3,0,차대차 - 추돌 - 주정차중,안전거리미확보,습기,비,단일로 - 기타,화물,남,49세,경상,화물,남,51세,경상
2012120200100144,2012년 12월 2일 09시,일요일,광주광역시 서구 유촌동,중상사고,0,1,0,0,차대차 - 기타,안전거리미확보,습기,흐림,교차로 - 교차로안,승용,여,46세,상해없음,승용,남,50세,중상
2012120200100233,2012년 12월 2일 13시,일요일,광주광역시 광산구 양산동,경상사고,0,0,1,0,차대차 - 추돌 - 진행중,안전거리미확보,건조,맑음,단일로 - 기타,승용,남,39세,상해없음,승용,남,45세,경상
2012120200100234,2012년 12월 2일 13시,일요일,광주광역시 광산구 쌍암동,경상사고,0,0,1,0,차대차 - 기타,안전운전불이행,건조,맑음,기타 - 기타,승용,여,74세,상해없음,승용,여,42세,경상
2012120200100253,2012년 12월 2일 14시,일요일,광주광역시 광산구 수완동,경상사고,0,0,4,0,차대차 - 추돌 - 진행중,안전운전불이행,건조,맑음,교차로 - 교차로부근,승용,남,46세,상해없음,승용,남,37세,경상
2012120200100275,2012년 12월 2일 15시,일요일,광주광역시 서구 광천동,경상사고,0,0,1,0,차대차 - 측면직각충돌,안전운전불이행,건조,맑음,단일로 - 기타,승용,남,53세,상해없음,승용,남,52세,경상
2012120200100276,2012년 12월 2일 15시,일요일,광주광역시 광산구 하남동,경상사고,0,0,2,0,차대차 - 측면직각충돌,중앙선침범,건조,맑음,단일로 - 기타,승용,남,26세,상해없음,승용,남,43세,경상
2012120200100305,2012년 12월 2일 16시,일요일,광주광역시 서구 풍암동,경상사고,0,0,1,0,차대차 - 추돌 - 주정차중,안전운전불이행,건조,맑음,교차로 - 교차로부근,승용,남,49세,상해없음,승용,남,29세,경상
2012120200100332,2012년 12월 2일 17시,일요일,광주광역시 서구 치평동,경상사고,0,0,3,0,차대차 - 측면직각충돌,교차로운행방법위반,건조,맑음,교차로 - 교차로안,승용,여,26세,경상,승용,여,38세,경상
2012120200100360,2012년 12월 2일 18시,일요일,광주광역시 동구 학동,경상사고,0,0,2,0,차대차 - 측면직각충돌,안전거리미확보,건조,기타,교차로 - 교차로부근,승용,남,55세,상해없음,승용,남,26세,경상
2012120200100361,2012년 12월 2일 18시,일요일,광주광역시 서구 광천동,중상사고,0,1,4,0,차대차 - 측면직각충돌,교차로운행방법위반,건조,맑음,교차로 - 교차로안,승용,여,38세,경상,승용,남,21세,경상
2012120200100362,2012년 12월 2일 18시,일요일,광주광역시 북구 동림동,경상사고,0,0,1,0,차대차 - 측면직각충돌,안전거리미확보,건조,맑음,단일로 - 기타,화물,남,47세,상해없음,승용,여,34세,경상
2012120200100363,2012년 12월 2일 18시,일요일,광주광역시 북구 각화동,경상사고,0,0,1,0,차대차 - 추돌 - 주정차중,안전운전불이행,건조,맑음,단일로 - 기타,승용,남,50세,상해없음,승용,여,42세,상해없음
2012120200100393,2012년 12월 2일 19시,일요일,광주광역시 남구 월산동,경상사고,0,0,2,0,차대차 - 정면충돌,중앙선침범,건조,맑음,단일로 - 기타,승용,남,27세,상해없음,승용,남,51세,경상
2012120200100394,2012년 12월 2일 19시,일요일,광주광역시 북구 용봉동,경상사고,0,0,3,0,차대차 - 추돌 - 주정차중,안전거리미확보,건조,맑음,단일로 - 기타,승용,남,29세,경상,승용,남,23세,경상
2012120200100451,2012년 12월 2일 21시,일요일,광주광역시 남구 송하동,경상사고,0,0,2,0,차대차 - 추돌 - 진행중,안전거리미확보,건조,맑음,교차로 - 교차로부근,승용,남,58세,상해없음,승용,남,56세,상해없음
2012120300100046,2012년 12월 3일 05시,월요일,광주광역시 서구 양동,경상사고,0,0,1,0,차대사람 - 기타,안전운전불이행,건조,맑음,교차로 - 교차로부근,화물,남,61세,상해없음,보행자,남,30세,경상
2012120300100093,2012년 12월 3일 07시,월요일,광주광역시 북구 임동,경상사고,0,0,1,0,차대차 - 측면직각충돌,중앙선침범,건조,맑음,단일로 - 기타,화물,남,32세,상해없음,자전거,남,49세,경상
2012120300100094,2012년 12월 3일 07시,월요일,광주광역시 북구 양산동,경상사고,0,0,1,0,차대차 - 측면직각충돌,교차로운행방법위반,건조,맑음,교차로 - 교차로안,승용,여,29세,상해없음,승용,여,56세,경상
2012120300100095,2012년 12월 3일 07시,월요일,광주광역시 북구 오치동,사망사고,1,0,0,0,차대사람 - 횡단중,안전운전불이행,건조,맑음,단일로 - 횡단보도상,승용,남,24세,상해없음,보행자,남,28세,사망
2012120300100121,2012년 12월 3일 08시,월요일,광주광역시 북구 오치동,경상사고,0,0,1,0,차대차 - 측면직각충돌,안전운전불이행,건조,맑음,교차로 - 교차로안,승용,남,67세,상해없음,자전거,여,52세,경상
2012120300100152,2012년 12월 3일 09시,월요일,광주광역시 북구 일곡동,경상사고,0,0,2,0,차대차 - 추돌 - 진행중,안전운전불이행,건조,맑음,단일로 - 기타,승용,여,50세,상해없음,승용,여,27세,경상
2012120300100175,2012년 12월 3일 10시,월요일,광주광역시 광산구 장록동,경상사고,0,0,2,0,차대차 - 측면직각충돌,교차로운행방법위반,건조,맑음,교차로 - 교차로안,승용,남,40세,경상,화물,남,58세,경상
2012120300100191,2012년 12월 3일 11시,월요일,광주광역시 북구 오룡동,경상사고,0,0,1,0,차대차 - 측면직각충돌,신호위반,건조,맑음,교차로 - 교차로안,승용,남,28세,상해없음,승용,남,41세,경상
2012120300100223,2012년 12월 3일 12시,월요일,광주광역시 서구 농성동,경상사고,0,0,4,0,차대차 - 기타,중앙선침범,건조,맑음,교차로 - 교차로안,이륜,남,77세,경상,승용,남,28세,경상
2012120300100315,2012년 12월 3일 15시,월요일,광주광역시 광산구 장덕동,경상사고,0,0,1,0,차대차 - 측면직각충돌,신호위반,습기,비,교차로 - 교차로안,승용,여,44세,상해없음,승용,남,47세,경상
2012120300100316,2012년 12월 3일 15시,월요일,광주광역시 광산구 운남동,경상사고,0,0,4,0,차대차 - 추돌 - 진행중,안전운전불이행,건조,맑음,단일로 - 기타,승용,여,44세,상해없음,승용,여,37세,경상
2012120300100355,2012년 12월 3일 16시,월요일,광주광역시 서구 쌍촌동,중상사고,0,1,0,0,차대사람 - 횡단중,보행자보호의무위반,습기,비,단일로 - 횡단보도상,승용,여,41세,상해없음,보행자,여,10세,중상
2012120300100390,2012년 12월 3일 17시,월요일,광주광역시 서구 유촌동,경상사고,0,0,1,0,차대차 - 측면직각충돌,안전거리미확보,습기,비,단일로 - 기타,화물,남,44세,상해없음,승용,남,37세,경상
2012120300100391,2012년 12월 3일 17시,월요일,광주광역시 북구 일곡동,부상신고사고,0,0,0,1,차대차 - 측면직각충돌,안전운전불이행,습기,흐림,단일로 - 기타,기타불명,기타불명,기타불명,기타불명,승용,여,38세,부상신고
2012120300100445,2012년 12월 3일 18시,월요일,광주광역시 북구 중흥동,경상사고,0,0,1,0,차대사람 - 길가장자리구역통행중,안전운전불이행,건조,맑음,단일로 - 기타,승용,남,43세,상해없음,보행자,남,42세,경상
2012120300100474,2012년 12월 3일 19시,월요일,광주광역시 서구 광천동,사망사고,1,0,0,0,차대사람 - 횡단중,안전운전불이행,습기,비,단일로 - 기타,승용,남,27세,상해없음,보행자,여,63세,사망
2012120300100512,2012년 12월 3일 20시,월요일,광주광역시 동구 계림동,경상사고,0,0,2,0,차대차 - 측면직각충돌,교차로운행방법위반,습기,비,교차로 - 교차로안,승용,남,54세,경상,승용,남,64세,경상
2012120300100513,2012년 12월 3일 20시,월요일,광주광역시 서구 금호동,경상사고,0,0,1,0,차대차 - 기타,신호위반,건조,흐림,교차로 - 교차로안,기타불명,기타불명,기타불명,기타불명,승용,남,35세,경상
2012120300100554,2012년 12월 3일 21시,월요일,광주광역시 서구 화정동,경상사고,0,0,1,0,차대사람 - 기타,안전운전불이행,건조,맑음,기타 - 기타,승용,여,45세,상해없음,보행자,여,21세,경상
2012120300100589,2012년 12월 3일 22시,월요일,광주광역시 광산구 운남동,중상사고,0,1,0,0,차대사람 - 기타,안전운전불이행,습기,비,단일로 - 기타,승용,남,27세,상해없음,보행자,여,71세,중상
2012120300100626,2012년 12월 3일 23시,월요일,광주광역시 남구 진월동,경상사고,0,0,1,0,차대차 - 추돌 - 주정차중,안전운전불이행,습기,비,교차로 - 교차로부근,화물,남,53세,상해없음,승용,여,44세,경상
2012120400100017,2012년 12월 4일 00시,화요일,광주광역시 남구 봉선동,경상사고,0,0,1,0,차대사람 - 횡단중,안전운전불이행,습기,흐림,교차로 - 교차로안,승용,남,60세,상해없음,보행자,여,51세,경상
2012120400100018,2012년 12월 4일 00시,화요일,광주광역시 북구 오치동,사망사고,1,0,0,0,차대사람 - 횡단중,보행자보호의무위반,습기,비,단일로 - 횡단보도상,승합,남,50세,상해없음,보행자,남,79세,사망
2012120400100019,2012년 12월 4일 00시,화요일,광주광역시 광산구 우산동,경상사고,0,0,1,0,차량단독 - 전도전복,안전운전불이행,건조,맑음,단일로 - 기타,승용,남,39세,경상,,,,
2012120400100037,2012년 12월 4일 01시,화요일,광주광역시 광산구 장덕동,경상사고,0,0,1,0,차대차 - 추돌 - 주정차중,안전운전불이행,습기,눈,단일로 - 기타,승용,남,38세,상해없음,화물,남,45세,경상
2012120400100088,2012년 12월 4일 06시,화요일,광주광역시 북구 각화동,중상사고,0,1,1,0,차대사람 - 기타,안전운전불이행,결빙,맑음,단일로 - 교량,승용,남,44세,상해없음,보행자,남,33세,중상
2012120400100112,2012년 12월 4일 07시,화요일,광주광역시 동구 용산동,경상사고,0,0,1,0,차대차 - 측면직각충돌,안전거리미확보,습기,흐림,단일로 - 기타,화물,남,68세,상해없음,승용,여,34세,경상
2012120400100162,2012년 12월 4일 08시,화요일,광주광역시 서구 쌍촌동,중상사고,0,1,0,0,차대사람 - 기타,신호위반,건조,맑음,교차로 - 교차로부근,승용,남,26세,상해없음,보행자,남,18세,중상
2012120400100253,2012년 12월 4일 11시,화요일,광주광역시 북구 오치동,중상사고,0,1,0,0,차대차 - 측면직각충돌,안전운전불이행,건조,맑음,단일로 - 기타,승용,남,53세,상해없음,원동기,여,55세,중상
2012120400100305,2012년 12월 4일 13시,화요일,광주광역시 서구 쌍촌동,경상사고,0,0,3,0,차대차 - 측면직각충돌,안전거리미확보,건조,맑음,단일로 - 기타,화물,남,26세,경상,이륜,남,30세,경상
2012120400100333,2012년 12월 4일 14시,화요일,광주광역시 북구 양산동,중상사고,0,2,0,0,차량단독 - 공작물충돌,안전운전불이행,건조,맑음,단일로 - 기타,화물,남,68세,중상,,,,
2012120400100400,2012년 12월 4일 16시,화요일,광주광역시 광산구 신창동,경상사고,0,0,1,0,차대차 - 측면직각충돌,교차로운행방법위반,건조,맑음,교차로 - 교차로안,승용,남,27세,경상,건설기계,남,53세,상해없음
2012120400100401,2012년 12월 4일 16시,화요일,광주광역시 광산구 송정동,경상사고,0,0,1,0,차대차 - 기타,안전운전불이행,건조,맑음,교차로 - 교차로부근,승용,남,52세,기타불명,이륜,남,28세,경상
2012120400100549,2012년 12월 4일 19시,화요일,광주광역시 광산구 신창동,경상사고,0,0,1,0,차대차 - 측면직각충돌,교차로운행방법위반,습기,맑음,교차로 - 교차로안,승용,남,34세,상해없음,승용,남,41세,경상
2012120400100597,2012년 12월 4일 21시,화요일,광주광역시 서구 치평동,경상사고,0,0,3,0,차대차 - 측면직각충돌,안전거리미확보,건조,맑음,단일로 - 기타,승용,여,30세,경상,승용,남,53세,경상
2012120400100598,2012년 12월 4일 21시,화요일,광주광역시 북구 각화동,중상사고,0,1,7,0,차대차 - 기타,신호위반,건조,맑음,교차로 - 교차로안,승용,남,64세,상해없음,승합,남,44세,경상
2012120400100635,2012년 12월 4일 22시,화요일,광주광역시 북구 매곡동,경상사고,0,0,6,0,차대차 - 추돌 - 진행중,안전거리미확보,건조,맑음,단일로 - 기타,승용,여,48세,상해없음,승용,남,35세,경상
2012120400100636,2012년 12월 4일 22시,화요일,광주광역시 광산구 산정동,경상사고,0,0,1,0,차대차 - 측면직각충돌,안전거리미확보,건조,흐림,단일로 - 기타,승용,여,52세,상해없음,이륜,남,45세,경상
2012120400100663,2012년 12월 4일 23시,화요일,광주광역시 남구 월산동,경상사고,0,0,2,0,차대차 - 정면충돌,중앙선침범,건조,맑음,미분류 - 미분류,승용,여,32세,상해없음,승용,남,41세,경상
2012120400100664,2012년 12월 4일 23시,화요일,광주광역시 광산구 소촌동,경상사고,0,0,3,0,차대차 - 측면직각충돌,안전운전불이행,건조,맑음,단일로 - 기타,승용,남,23세,상해없음,승용,남,26세,경상
2012120500100018,2012년 12월 5일 00시,수요일,광주광역시 북구 동림동,사망사고,1,1,0,0,차대사람 - 횡단중,과속,건조,맑음,교차로 - 교차로부근,승용,남,68세,상해없음,보행자,남,39세,사망
2012120500100038,2012년 12월 5일 02시,수요일,광주광역시 서구 풍암동,경상사고,0,0,2,0,차대차 - 측면직각충돌,교차로운행방법위반,건조,흐림,교차로 - 교차로안,승용,여,28세,경상,승용,남,48세,경상
2012120500100060,2012년 12월 5일 05시,수요일,광주광역시 북구 두암동,중상사고,0,1,1,0,차대사람 - 횡단중,안전운전불이행,건조,맑음,교차로 - 교차로안,승용,여,45세,상해없음,보행자,남,18세,경상
2012120500100136,2012년 12월 5일 09시,수요일,광주광역시 북구 용봉동,경상사고,0,0,1,0,차대사람 - 횡단중,안전운전불이행,건조,맑음,단일로 - 기타,승용,남,28세,상해없음,보행자,남,18세,경상
2012120500100240,2012년 12월 5일 12시,수요일,광주광역시 서구 풍암동,경상사고,0,0,1,0,차대차 - 측면직각충돌,신호위반,건조,맑음,교차로 - 교차로안,승합,여,51세,상해없음,승용,남,34세,경상
2012120500100241,2012년 12월 5일 12시,수요일,광주광역시 남구 월산동,중상사고,0,1,0,0,차대차 - 기타,직진우회전진행방해,건조,맑음,교차로 - 교차로안,승용,남,35세,상해없음,이륜,남,65세,중상
2012120500100301,2012년 12월 5일 13시,수요일,광주광역시 북구 신안동,경상사고,0,0,6,0,차대차 - 추돌 - 주정차중,안전운전불이행,건조,맑음,단일로 - 기타,승용,남,51세,상해없음,승용,여,56세,경상
2012120500100341,2012년 12월 5일 14시,수요일,광주광역시 광산구 수완동,경상사고,0,0,1,0,차대사람 - 횡단중,보행자보호의무위반,건조,맑음,단일로 - 횡단보도상,승합,남,58세,상해없음,보행자,여,39세,경상
2012120500100365,2012년 12월 5일 15시,수요일,광주광역시 북구 두암동,경상사고,0,0,2,0,차대차 - 측면직각충돌,교차로운행방법위반,습기,비,교차로 - 교차로안,승용,남,26세,상해없음,승합,남,56세,경상
2012120500100390,2012년 12월 5일 16시,수요일,광주광역시 북구 용봉동,경상사고,0,0,1,0,차대사람 - 보도통행중,기타,습기,비,기타 - 기타,승용,여,55세,상해없음,보행자,여,16세,경상
2012120500100436,2012년 12월 5일 17시,수요일,광주광역시 동구 대인동,경상사고,0,0,3,0,차대차 - 추돌 - 진행중,안전거리미확보,습기,비,교차로 - 교차로안,승용,남,39세,상해없음,승용,남,60세,경상
2012120500100437,2012년 12월 5일 17시,수요일,광주광역시 광산구 월계동,중상사고,0,1,0,0,차대사람 - 기타,안전운전불이행,습기,비,교차로 - 교차로부근,승용,남,36세,상해없음,보행자,남,65세,중상
2012120500100488,2012년 12월 5일 18시,수요일,광주광역시 남구 사동,중상사고,0,1,1,0,차대사람 - 횡단중,안전운전불이행,습기,비,단일로 - 기타,승용,남,52세,상해없음,보행자,남,49세,경상
2012120500100529,2012년 12월 5일 19시,수요일,광주광역시 서구 풍암동,경상사고,0,0,1,0,차대차 - 측면직각충돌,안전운전불이행,건조,맑음,기타 - 기타,승용,여,39세,상해없음,승용,남,35세,경상
2012120500100530,2012년 12월 5일 19시,수요일,광주광역시 남구 주월동,경상사고,0,0,1,0,차량단독 - 기타,기타,습기,흐림,단일로 - 기타,승합,남,45세,상해없음,,,,
2012120500100531,2012년 12월 5일 19시,수요일,광주광역시 북구 운암동,경상사고,0,0,2,0,차대차 - 추돌 - 진행중,안전운전불이행,기타,기타,단일로 - 기타,화물,남,49세,상해없음,승용,남,35세,경상
2012120500100532,2012년 12월 5일 19시,수요일,광주광역시 광산구 소촌동,경상사고,0,0,1,0,차대사람 - 차도통행중,안전운전불이행,습기,비,단일로 - 기타,승용,남,40세,상해없음,보행자,남,67세,경상
2012120500100556,2012년 12월 5일 20시,수요일,광주광역시 서구 유촌동,경상사고,0,0,1,0,차대차 - 측면직각충돌,차로위반,건조,흐림,단일로 - 기타,승용,남,59세,상해없음,승용,여,47세,경상
2012120500100557,2012년 12월 5일 20시,수요일,광주광역시 북구 신안동,경상사고,0,0,2,0,차대차 - 기타,안전운전불이행,습기,눈,교차로 - 교차로부근,승용,남,42세,상해없음,승용,남,30세,경상
2012120500100558,2012년 12월 5일 20시,수요일,광주광역시 북구 용봉동,경상사고,0,0,4,0,차대차 - 측면직각충돌,안전운전불이행,습기,눈,단일로 - 기타,승합,남,37세,기타불명,승용,여,33세,경상
2012120500100559,2012년 12월 5일 20시,수요일,광주광역시 북구 운암동,경상사고,0,0,1,0,차대차 - 측면직각충돌,안전거리미확보,건조,맑음,단일로 - 기타,승용,남,62세,상해없음,승용,남,53세,상해없음
2012120500100560,2012년 12월 5일 20시,수요일,광주광역시 광산구 산월동,경상사고,0,0,3,0,차대차 - 측면직각충돌,교차로운행방법위반,습기,비,교차로 - 교차로안,승용,남,45세,상해없음,승용,여,43세,경상
2012120500100586,2012년 12월 5일 21시,수요일,광주광역시 남구 월산동,중상사고,0,1,2,0,차대차 - 추돌 - 주정차중,안전운전불이행,적설,눈,단일로 - 기타,승용,남,60세,상해없음,승용,남,47세,경상
2012120500100587,2012년 12월 5일 21시,수요일,광주광역시 북구 동림동,경상사고,0,0,1,0,차대차 - 추돌 - 주정차중,안전거리미확보,적설,눈,단일로 - 기타,승용,남,40세,상해없음,승용,여,37세,경상
2012120500100620,2012년 12월 5일 22시,수요일,광주광역시 동구 소태동,중상사고,0,1,0,0,차량단독 - 전도전복,안전운전불이행,적설,눈,단일로 - 터널,승용,남,51세,중상,,,,
2012120500100621,2012년 12월 5일 22시,수요일,광주광역시 서구 풍암동,경상사고,0,0,1,0,차대차 - 기타,안전운전불이행,건조,맑음,기타 - 기타,승용,남,44세,상해없음,승용,남,42세,경상
2012120500100622,2012년 12월 5일 22시,수요일,광주광역시 남구 송하동,경상사고,0,0,1,0,차대차 - 추돌 - 진행중,안전운전불이행,결빙,눈,미분류 - 미분류,승용,여,48세,상해없음,승용,남,19세,경상
2012120500100623,2012년 12월 5일 22시,수요일,광주광역시 북구 신용동,경상사고,0,0,1,0,차대차 - 추돌 - 진행중,안전운전불이행,적설,맑음,단일로 - 기타,승용,남,47세,상해없음,승용,여,50세,경상
2012120500100624,2012년 12월 5일 22시,수요일,광주광역시 북구 양산동,경상사고,0,0,1,0,차대차 - 추돌 - 진행중,안전운전불이행,습기,눈,단일로 - 기타,승용,남,41세,상해없음,승용,여,44세,경상
2012120500100625,2012년 12월 5일 22시,수요일,광주광역시 광산구 신가동,경상사고,0,0,1,0,차대차 - 측면직각충돌,신호위반,습기,눈,교차로 - 교차로안,승용,기타불명,기타불명,기타불명,승용,남,26세,경상