사고번호,사고일시,요일,시군구,사고내용,사망자수,중상자수,경상자수,부상신고자수,사고유형,법규위반,노면상태,기상상태,도로형태,가해운전자 차종,가해운전자 성별,가해운전자 연령,가해운전자 상해정도,피해운전자 차종,피해운전자 성별,피해운전자 연령,피해운전자 상해정도
2012121000100297,2012년 12월 10일 15시,월요일,광주광역시 서구 광천동,중상사고,0,2,4,0,차대사람 - 횡단중,신호위반,건조,맑음,교차로 - 교차로안,승합,남,66세,상해없음,보행자,남,21세,경상
2012121000100298,2012년 12월 10일 15시,월요일,광주광역시 북구 오치동,경상사고,0,0,1,0,차대차 - 측면직각충돌,교차로운행방법위반,건조,맑음,교차로 - 교차로안,승합,남,54세,상해없음,승용,남,58세,경상
2012121000100342,2012년 12월 10일 16시,월요일,광주광역시 광산구 운남동,경상사고,0,0,1,0,차대사람 - 횡단중,불법유턴,건조,맑음,교차로 - 교차로안,승용,남,39세,상해없음,보행자,남,36세,경상
2012121000100367,2012년 12월 10일 17시,월요일,광주광역시 북구 풍향동,사망사고,1,0,0,0,차대사람 - 횡단중,안전운전불이행,건조,맑음,단일로 - 기타,승용,남,60세,상해없음,보행자,여,87세,사망
2012121000100443,2012년 12월 10일 19시,월요일,광주광역시 광산구 하남동,경상사고,0,0,2,0,차대차 - 추돌 - 진행중,안전거리미확보,건조,맑음,교차로 - 교차로부근,승용,남,53세,상해없음,승용,남,38세,경상
2012121000100468,2012년 12월 10일 20시,월요일,광주광역시 서구 화정동,경상사고,0,0,3,0,차대차 - 추돌 - 주정차중,안전운전불이행,건조,맑음,단일로 - 기타,승용,남,59세,상해없음,승용,남,30세,경상
2012121000100469,2012년 12월 10일 20시,월요일,광주광역시 남구 구동,경상사고,0,0,1,0,차대차 - 측면직각충돌,교차로운행방법위반,건조,맑음,교차로 - 교차로안,승용,남,33세,상해없음,이륜,남,35세,경상
2012121000100470,2012년 12월 10일 20시,월요일,광주광역시 광산구 신가동,경상사고,0,0,1,0,차대사람 - 차도통행중,안전운전불이행,건조,맑음,단일로 - 횡단보도부근,승용,남,58세,상해없음,보행자,여,36세,경상
2012121000100507,2012년 12월 10일 21시,월요일,광주광역시 남구 월산동,경상사고,0,0,1,0,차대차 - 정면충돌,신호위반,건조,맑음,교차로 - 교차로안,화물,남,44세,상해없음,승용,남,32세,경상
2012121000100559,2012년 12월 10일 23시,월요일,광주광역시 동구 대인동,경상사고,0,0,1,0,차대사람 - 횡단중,안전운전불이행,건조,기타,단일로 - 횡단보도부근,승합,남,43세,상해없음,보행자,남,27세,경상
2012121100100027,2012년 12월 11일 00시,화요일,광주광역시 광산구 수완동,경상사고,0,0,1,0,차대차 - 추돌 - 주정차중,안전운전불이행,건조,맑음,단일로 - 기타,승용,여,51세,경상,승용,남,37세,기타불명
2012121100100117,2012년 12월 11일 07시,화요일,광주광역시 남구 백운동,경상사고,0,0,1,0,차대차 - 측면직각충돌,안전거리미확보,건조,기타,단일로 - 기타,승용,남,24세,상해없음,승용,여,37세,경상
2012121100100174,2012년 12월 11일 09시,화요일,광주광역시 서구 농성동,중상사고,0,1,0,0,차대사람 - 보도통행중,보행자보호의무위반,습기,맑음,단일로 - 횡단보도상,화물,남,49세,상해없음,보행자,남,75세,중상
2012121100100198,2012년 12월 11일 10시,화요일,광주광역시 남구 백운동,경상사고,0,0,1,0,차대차 - 추돌 - 진행중,안전운전불이행,건조,맑음,교차로 - 교차로부근,승용,남,44세,상해없음,승용,남,53세,경상
2012121100100334,2012년 12월 11일 15시,화요일,광주광역시 북구 용봉동,중상사고,0,1,0,0,차대사람 - 기타,안전운전불이행,건조,맑음,단일로 - 기타,승용,여,26세,상해없음,보행자,여,62세,중상
2012121100100335,2012년 12월 11일 15시,화요일,광주광역시 북구 문흥동,경상사고,0,0,1,0,차대사람 - 횡단중,기타,건조,맑음,단일로 - 기타,승합,남,35세,상해없음,보행자,남,20세,경상
2012121100100337,2012년 12월 11일 15시,화요일,광주광역시 광산구 신창동,경상사고,0,0,1,0,차대차 - 기타,신호위반,건조,맑음,교차로 - 교차로안,이륜,남,29세,상해없음,승용,여,29세,경상
2012121100100367,2012년 12월 11일 16시,화요일,광주광역시 북구 임동,경상사고,0,0,3,0,차대차 - 측면직각충돌,교차로운행방법위반,건조,맑음,교차로 - 교차로안,승용,남,54세,상해없음,화물,남,31세,경상
2012121100100368,2012년 12월 11일 16시,화요일,광주광역시 북구 문흥동,경상사고,0,0,1,0,차대사람 - 보도통행중,안전운전불이행,건조,맑음,단일로 - 기타,기타불명,기타불명,기타불명,기타불명,보행자,여,9세,경상
2012121100100369,2012년 12월 11일 16시,화요일,광주광역시 광산구 신가동,중상사고,0,1,0,0,차대차 - 측면직각충돌,중앙선침범,건조,맑음,단일로 - 기타,승용,남,59세,상해없음,승용,남,41세,중상
2012121100100405,2012년 12월 11일 17시,화요일,광주광역시 북구 용봉동,경상사고,0,0,1,0,차대사람 - 길가장자리구역통행중,안전운전불이행,건조,맑음,단일로 - 기타,승용,남,63세,상해없음,보행자,여,58세,경상
2012121100100406,2012년 12월 11일 17시,화요일,광주광역시 광산구 월계동,경상사고,0,0,1,0,차대차 - 측면직각충돌,안전거리미확보,건조,맑음,단일로 - 기타,승용,남,46세,상해없음,원동기,남,19세,경상
2012121100100450,2012년 12월 11일 18시,화요일,광주광역시 북구 용봉동,중상사고,0,1,0,0,차대사람 - 횡단중,중앙선침범,건조,맑음,단일로 - 기타,화물,남,34세,상해없음,보행자,여,21세,중상
2012121100100451,2012년 12월 11일 18시,화요일,광주광역시 북구 운암동,경상사고,0,0,1,0,차대사람 - 기타,안전운전불이행,건조,맑음,단일로 - 기타,승용,여,26세,상해없음,보행자,남,27세,경상
2012121100100452,2012년 12월 11일 18시,화요일,광주광역시 광산구 소촌동,중상사고,0,1,0,0,차대차 - 측면직각충돌,안전운전불이행,건조,맑음,단일로 - 기타,승용,여,27세,상해없음,원동기,남,17세,중상
2012121100100481,2012년 12월 11일 19시,화요일,광주광역시 서구 치평동,사망사고,1,0,0,0,차대사람 - 횡단중,안전운전불이행,건조,맑음,단일로 - 기타,승용,남,24세,상해없음,보행자,남,58세,사망
2012121100100482,2012년 12월 11일 19시,화요일,광주광역시 북구 신안동,경상사고,0,0,1,0,차대차 - 측면직각충돌,중앙선침범,습기,흐림,단일로 - 기타,승용,남,52세,상해없음,승용,여,48세,경상
2012121100100516,2012년 12월 11일 20시,화요일,광주광역시 광산구 신촌동,경상사고,0,0,2,0,차대차 - 측면직각충돌,안전거리미확보,건조,맑음,단일로 - 기타,승용,남,18세,상해없음,승용,남,48세,경상
2012121100100545,2012년 12월 11일 21시,화요일,광주광역시 북구 유동,경상사고,0,0,1,0,차대차 - 측면직각충돌,안전운전불이행,건조,맑음,단일로 - 기타,승용,남,46세,상해없음,승용,여,53세,경상
2012121100100546,2012년 12월 11일 21시,화요일,광주광역시 광산구 우산동,경상사고,0,0,1,0,차대차 - 측면직각충돌,교차로운행방법위반,건조,맑음,교차로 - 교차로안,승용,남,22세,상해없음,이륜,남,20세,경상
2012121200100053,2012년 12월 12일 02시,수요일,광주광역시 동구 학동,경상사고,0,0,2,0,차대차 - 추돌 - 주정차중,안전거리미확보,건조,맑음,단일로 - 기타,승용,여,51세,상해없음,승용,남,40세,경상
2012121200100171,2012년 12월 12일 08시,수요일,광주광역시 북구 삼각동,경상사고,0,0,1,0,차대차 - 측면직각충돌,교차로운행방법위반,건조,맑음,교차로 - 교차로안,승용,남,55세,상해없음,승합,여,45세,경상
2012121200100196,2012년 12월 12일 09시,수요일,광주광역시 광산구 산월동,경상사고,0,0,3,0,차대차 - 추돌 - 진행중,중앙선침범,건조,맑음,단일로 - 기타,승용,남,29세,상해없음,승용,남,64세,경상
2012121200100231,2012년 12월 12일 11시,수요일,광주광역시 동구 충장로5가,경상사고,0,0,1,0,차대사람 - 기타,신호위반,건조,맑음,단일로 - 기타,승용,여,42세,상해없음,보행자,남,43세,경상
2012121200100302,2012년 12월 12일 14시,수요일,광주광역시 북구 오치동,경상사고,0,0,1,0,차대차 - 측면직각충돌,신호위반,건조,맑음,단일로 - 기타,자전거,남,79세,경상,승합,남,55세,상해없음
2012121200100303,2012년 12월 12일 14시,수요일,광주광역시 북구 운암동,경상사고,0,0,1,0,차대사람 - 기타,안전운전불이행,건조,맑음,단일로 - 기타,승합,기타불명,기타불명,기타불명,보행자,남,9세,경상
2012121200100367,2012년 12월 12일 16시,수요일,광주광역시 동구 금남로5가,경상사고,0,0,2,0,차대차 - 측면직각충돌,신호위반,건조,맑음,교차로 - 교차로안,승용,여,90세 이상,상해없음,승용,남,90세 이상,경상
2012121200100368,2012년 12월 12일 16시,수요일,광주광역시 북구 우산동,경상사고,0,0,1,0,차대사람 - 기타,안전운전불이행,건조,맑음,교차로 - 교차로안,자전거,남,31세,상해없음,보행자,남,64세,경상
2012121200100369,2012년 12월 12일 16시,수요일,광주광역시 북구 신안동,경상사고,0,0,1,0,차대차 - 기타,안전운전불이행,건조,맑음,교차로 - 교차로안,화물,남,35세,상해없음,승용,남,57세,경상
2012121200100477,2012년 12월 12일 19시,수요일,광주광역시 서구 치평동,부상신고사고,0,0,0,1,차대사람 - 길가장자리구역통행중,안전운전불이행,건조,맑음,단일로 - 기타,승용,기타불명,기타불명,기타불명,보행자,남,18세,부상신고
2012121200100577,2012년 12월 12일 22시,수요일,광주광역시 서구 광천동,경상사고,0,0,6,0,차대차 - 기타,안전운전불이행,건조,맑음,단일로 - 기타,승용,남,32세,상해없음,승용,남,49세,경상
2012121200100578,2012년 12월 12일 22시,수요일,광주광역시 광산구 월계동,경상사고,0,0,1,0,차대사람 - 횡단중,안전운전불이행,건조,맑음,단일로 - 횡단보도상,승용,기타불명,기타불명,기타불명,보행자,남,15세,경상
2012121200100579,2012년 12월 12일 22시,수요일,광주광역시 광산구 안청동,경상사고,0,0,3,0,차대차 - 정면충돌,중앙선침범,건조,맑음,단일로 - 기타,승용,남,32세,상해없음,승용,남,30세,경상
2012121200100580,2012년 12월 12일 22시,수요일,광주광역시 광산구 운남동,경상사고,0,0,2,0,차대차 - 추돌 - 주정차중,안전운전불이행,건조,맑음,교차로 - 교차로부근,승용,남,46세,상해없음,승용,남,29세,경상
2012121200100610,2012년 12월 12일 23시,수요일,광주광역시 북구 용두동,부상신고사고,0,0,0,2,차대차 - 측면직각충돌,안전운전불이행,건조,맑음,교차로 - 교차로부근,승용,남,40세,기타불명,승용,남,29세,부상신고
2012121300100018,2012년 12월 13일 00시,목요일,광주광역시 서구 치평동,중상사고,0,1,3,0,차대차 - 추돌 - 주정차중,안전운전불이행,건조,맑음,단일로 - 기타,화물,남,48세,경상,승용,남,37세,경상
2012121300100045,2012년 12월 13일 01시,목요일,광주광역시 광산구 용봉동,경상사고,0,0,1,0,차대사람 - 횡단중,안전운전불이행,건조,맑음,단일로 - 기타,승용,남,25세,상해없음,보행자,남,20세,경상
2012121300100113,2012년 12월 13일 06시,목요일,광주광역시 서구 광천동,중상사고,0,1,0,0,차대사람 - 횡단중,안전운전불이행,습기,흐림,단일로 - 기타,승용,남,51세,상해없음,보행자,남,35세,중상
2012121300100114,2012년 12월 13일 06시,목요일,광주광역시 서구 치평동,중상사고,0,2,1,0,차대차 - 측면직각충돌,신호위반,건조,맑음,교차로 - 교차로안,승용,남,56세,상해없음,승용,남,58세,중상
2012121300100139,2012년 12월 13일 07시,목요일,광주광역시 서구 치평동,경상사고,0,0,1,0,차대차 - 추돌 - 주정차중,안전운전불이행,건조,맑음,교차로 - 교차로부근,승용,남,30세,상해없음,화물,남,52세,경상
2012121300100140,2012년 12월 13일 07시,목요일,광주광역시 북구 신용동,경상사고,0,0,1,0,차대차 - 추돌 - 진행중,안전거리미확보,건조,맑음,교차로 - 교차로부근,승용,남,24세,상해없음,승용,남,42세,경상
2012121300100141,2012년 12월 13일 07시,목요일,광주광역시 광산구 월곡동,부상신고사고,0,0,0,1,차대차 - 추돌 - 진행중,안전운전불이행,습기,맑음,단일로 - 기타,승용,남,27세,부상신고,화물,남,48세,상해없음
2012121300100173,2012년 12월 13일 08시,목요일,광주광역시 북구 운암동,경상사고,0,0,3,0,차대차 - 기타,안전거리미확보,건조,맑음,미분류 - 미분류,승용,여,36세,경상,승용,남,47세,경상
2012121300100174,2012년 12월 13일 08시,목요일,광주광역시 북구 중흥동,경상사고,0,0,1,0,차대차 - 추돌 - 진행중,안전운전불이행,건조,맑음,단일로 - 기타,승용,남,31세,상해없음,화물,남,67세,상해없음
2012121300100227,2012년 12월 13일 10시,목요일,광주광역시 동구 지산동,경상사고,0,0,1,0,차대차 - 기타,신호위반,건조,맑음,교차로 - 교차로부근,이륜,남,59세,경상,승용,남,23세,상해없음
2012121300100228,2012년 12월 13일 10시,목요일,광주광역시 북구 운암동,경상사고,0,0,1,0,차대차 - 측면직각충돌,안전운전불이행,건조,맑음,교차로 - 교차로안,승용,여,32세,상해없음,승용,여,26세,경상
2012121300100271,2012년 12월 13일 12시,목요일,광주광역시 광산구 송정동,사망사고,1,0,0,0,차대사람 - 차도통행중,안전운전불이행,건조,맑음,단일로 - 기타,승용,남,36세,상해없음,보행자,여,76세,사망
2012121300100295,2012년 12월 13일 13시,목요일,광주광역시 서구 쌍촌동,경상사고,0,0,1,0,차대사람 - 기타,안전운전불이행,건조,맑음,단일로 - 기타,화물,남,32세,상해없음,보행자,남,61세,경상
2012121300100296,2012년 12월 13일 13시,목요일,광주광역시 광산구 비아동,경상사고,0,0,2,0,차대차 - 측면직각충돌,신호위반,건조,맑음,교차로 - 교차로안,화물,남,39세,상해없음,화물,남,36세,경상
2012121300100311,2012년 12월 13일 14시,목요일,광주광역시 광산구 운남동,경상사고,0,0,1,0,차대차 - 기타,안전운전불이행,건조,맑음,교차로 - 교차로부근,이륜,남,33세,경상,승용,남,42세,상해없음
2012121300100350,2012년 12월 13일 15시,목요일,광주광역시 북구 우산동,중상사고,0,1,0,0,차대사람 - 기타,안전운전불이행,건조,맑음,단일로 - 기타,승합,남,54세,상해없음,보행자,여,79세,중상
2012121300100378,2012년 12월 13일 16시,목요일,광주광역시 서구 농성동,중상사고,0,1,0,0,차량단독 - 기타,안전운전불이행,건조,맑음,단일로 - 기타,승합,남,51세,상해없음,,,,
2012121300100412,2012년 12월 13일 17시,목요일,광주광역시 북구 운암동,경상사고,0,0,4,0,차대차 - 추돌 - 진행중,안전운전불이행,건조,맑음,교차로 - 교차로부근,승용,남,27세,경상,승용,남,58세,경상
2012121300100413,2012년 12월 13일 17시,목요일,광주광역시 북구 각화동,중상사고,0,3,3,0,차대차 - 기타,신호위반,건조,맑음,교차로 - 교차로안,승용,남,80세,경상,화물,남,49세,중상
2012121300100448,2012년 12월 13일 18시,목요일,광주광역시 북구 신용동,중상사고,0,1,0,0,차대사람 - 횡단중,신호위반,건조,맑음,교차로 - 교차로안,승용,남,30세,상해없음,보행자,여,40세,중상
2012121300100481,2012년 12월 13일 19시,목요일,광주광역시 동구 수기동,경상사고,0,0,1,0,차대차 - 추돌 - 주정차중,안전운전불이행,건조,맑음,단일로 - 기타,승용,여,54세,상해없음,승용,여,32세,경상
2012121300100482,2012년 12월 13일 19시,목요일,광주광역시 서구 유촌동,경상사고,0,0,1,0,차대사람 - 기타,안전운전불이행,건조,맑음,기타 - 기타,승용,여,30세,상해없음,보행자,남,67세,경상
2012121300100483,2012년 12월 13일 19시,목요일,광주광역시 광산구 신가동,경상사고,0,0,1,0,차대차 - 측면직각충돌,안전운전불이행,건조,맑음,교차로 - 교차로안,승용,남,51세,상해없음,이륜,남,57세,경상
2012121300100509,2012년 12월 13일 20시,목요일,광주광역시 광산구 양동,경상사고,0,0,1,0,차대차 - 기타,안전운전불이행,건조,맑음,단일로 - 기타,화물,남,39세,상해없음,원동기,남,31세,경상
2012121300100510,2012년 12월 13일 20시,목요일,광주광역시 북구 용봉동,경상사고,0,0,1,0,차대차 - 측면직각충돌,안전거리미확보,건조,맑음,단일로 - 기타,원동기,남,24세,경상,승용,남,41세,상해없음
2012121300100548,2012년 12월 13일 21시,목요일,광주광역시 동구 남동,경상사고,0,0,1,0,차대사람 - 보도통행중,기타,건조,맑음,단일로 - 기타,자전거,남,41세,상해없음,보행자,남,44세,경상
2012121300100549,2012년 12월 13일 21시,목요일,광주광역시 광산구 월곡동,경상사고,0,0,1,0,차대사람 - 기타,안전운전불이행,건조,맑음,단일로 - 기타,이륜,남,17세,상해없음,보행자,남,16세,경상
2012121400100031,2012년 12월 14일 00시,금요일,광주광역시 남구 진월동,경상사고,0,0,1,0,차대차 - 측면직각충돌,안전거리미확보,건조,맑음,단일로 - 기타,승용,남,51세,상해없음,승용,남,56세,경상
2012121400100051,2012년 12월 14일 01시,금요일,광주광역시 서구 치평동,경상사고,0,0,2,0,차대차 - 측면직각충돌,안전운전불이행,건조,맑음,단일로 - 기타,승용,남,48세,상해없음,승용,남,34세,경상
2012121400100069,2012년 12월 14일 02시,금요일,광주광역시 북구 운암동,경상사고,0,0,1,0,차대차 - 추돌 - 주정차중,안전운전불이행,건조,맑음,교차로 - 교차로안,승용,남,33세,상해없음,승용,남,54세,경상
2012121400100070,2012년 12월 14일 02시,금요일,광주광역시 광산구 하남동,사망사고,1,0,0,0,차대차 - 추돌 - 주정차중,안전운전불이행,건조,맑음,단일로 - 기타,승용,남,40세,사망,화물,남,44세,기타불명
2012121400100106,2012년 12월 14일 05시,금요일,광주광역시 서구 금호동,경상사고,0,0,1,0,차대차 - 측면직각충돌,신호위반,습기,비,교차로 - 교차로안,승용,남,44세,상해없음,승용,남,46세,경상
2012121400100130,2012년 12월 14일 06시,금요일,광주광역시 동구 계림동,경상사고,0,0,1,0,차대사람 - 횡단중,안전운전불이행,습기,비,교차로 - 교차로안,승용,여,40세,상해없음,보행자,여,68세,경상
2012121400100231,2012년 12월 14일 07시,금요일,광주광역시 광산구 하남동,경상사고,0,0,1,0,차대차 - 추돌 - 주정차중,안전운전불이행,습기,비,단일로 - 기타,화물,남,33세,상해없음,화물,남,42세,경상
2012121400100364,2012년 12월 14일 08시,금요일,광주광역시 동구 남동,경상사고,0,0,1,0,차대차 - 측면직각충돌,교차로운행방법위반,습기,비,교차로 - 교차로안,승용,남,47세,상해없음,승용,남,51세,경상
2012121400100365,2012년 12월 14일 08시,금요일,광주광역시 광산구 신가동,경상사고,0,0,1,0,차대차 - 추돌 - 진행중,안전거리미확보,습기,비,교차로 - 교차로부근,승용,남,42세,상해없음,승용,여,35세,경상
2012121400100366,2012년 12월 14일 08시,금요일,광주광역시 광산구 신창동,경상사고,0,0,1,0,차대차 - 추돌 - 진행중,안전운전불이행,습기,비,교차로 - 교차로부근,승용,여,39세,경상,화물,남,30세,상해없음
2012121400100458,2012년 12월 14일 10시,금요일,광주광역시 동구 대의동,경상사고,0,0,1,0,차대차 - 기타,안전운전불이행,습기,비,단일로 - 기타,자전거,남,77세,경상,승합,남,45세,상해없음
2012121400100459,2012년 12월 14일 10시,금요일,광주광역시 북구 문흥동,경상사고,0,0,1,0,차대차 - 측면직각충돌,교차로운행방법위반,습기,비,교차로 - 교차로안,승용,남,66세,상해없음,승용,남,50세,경상
2012121400100563,2012년 12월 14일 15시,금요일,광주광역시 광산구 장수동,경상사고,0,0,1,0,차대차 - 추돌 - 진행중,안전거리미확보,건조,맑음,단일로 - 기타,승용,남,36세,상해없음,승용,남,45세,경상
2012121400100634,2012년 12월 14일 17시,금요일,광주광역시 광산구 도산동,경상사고,0,0,1,0,차대사람 - 횡단중,안전운전불이행,습기,비,단일로 - 기타,화물,남,43세,상해없음,보행자,남,58세,경상
2012121400100693,2012년 12월 14일 18시,금요일,광주광역시 동구 계림동,경상사고,0,0,1,0,차대차 - 측면직각충돌,안전운전불이행,기타,기타,단일로 - 기타,승용,남,55세,기타불명,승용,남,55세,경상
2012121400100694,2012년 12월 14일 18시,금요일,광주광역시 남구 주월동,부상신고사고,0,0,0,1,차대사람 - 횡단중,안전운전불이행,습기,비,단일로 - 기타,기타불명,기타불명,기타불명,기타불명,보행자,남,28세,부상신고
2012121400100695,2012년 12월 14일 18시,금요일,광주광역시 북구 신안동,경상사고,0,0,1,0,차대차 - 측면직각충돌,안전거리미확보,습기,비,교차로 - 교차로부근,화물,남,51세,상해없음,화물,남,38세,경상
2012121400100696,2012년 12월 14일 18시,금요일,광주광역시 광산구 월계동,경상사고,0,0,1,0,차대차 - 측면직각충돌,안전운전불이행,습기,비,단일로 - 기타,승용,남,65세,상해없음,승용,남,27세,경상
2012121400100737,2012년 12월 14일 19시,금요일,광주광역시 북구 일곡동,경상사고,0,0,1,0,차대차 - 측면직각충돌,신호위반,습기,비,교차로 - 교차로안,승용,남,58세,상해없음,승용,남,50세,경상
2012121400100773,2012년 12월 14일 20시,금요일,광주광역시 북구 두암동,경상사고,0,0,1,0,차대차 - 추돌 - 주정차중,안전운전불이행,기타,기타,단일로 - 기타,승용,남,50세,상해없음,이륜,남,26세,경상
2012121400100774,2012년 12월 14일 20시,금요일,광주광역시 북구 풍향동,경상사고,0,0,1,0,차대차 - 추돌 - 진행중,중앙선침범,습기,비,단일로 - 기타,승용,남,28세,상해없음,승합,남,38세,경상
2012121400100855,2012년 12월 14일 22시,금요일,광주광역시 동구 학동,경상사고,0,0,1,0,차대차 - 추돌 - 주정차중,기타,습기,비,단일로 - 기타,이륜,남,22세,경상,화물,남,27세,기타불명
2012121400100856,2012년 12월 14일 22시,금요일,광주광역시 북구 일곡동,경상사고,0,0,1,0,차대차 - 기타,신호위반,건조,맑음,교차로 - 교차로안,승용,남,61세,상해없음,이륜,남,19세,경상
2012121400100857,2012년 12월 14일 22시,금요일,광주광역시 광산구 월계동,중상사고,0,1,0,0,차대차 - 추돌 - 진행중,직진우회전진행방해,건조,맑음,교차로 - 교차로안,승용,남,19세,상해없음,승용,남,59세,중상
2012121400100891,2012년 12월 14일 23시,금요일,광주광역시 북구 운암동,경상사고,0,0,1,0,차대차 - 측면직각충돌,안전운전불이행,건조,맑음,단일로 - 기타,기타불명,기타불명,기타불명,기타불명,승용,여,33세,경상
2012121400100892,2012년 12월 14일 23시,금요일,광주광역시 광산구 월곡동,경상사고,0,0,2,0,차대차 - 추돌 - 주정차중,안전운전불이행,건조,맑음,교차로 - 교차로부근,승용,남,28세,상해없음,원동기,남,34세,경상
2012121500100043,2012년 12월 15일 00시,토요일,광주광역시 동구 동명동,중상사고,0,1,0,0,차대차 - 측면직각충돌,교차로운행방법위반,습기,비,교차로 - 교차로안,승용,남,42세,상해없음,이륜,남,31세,중상
2012121500100044,2012년 12월 15일 00시,토요일,광주광역시 서구 치평동,경상사고,0,0,4,0,차대차 - 추돌 - 진행중,안전운전불이행,습기,비,단일로 - 기타,승용,남,41세,상해없음,승용,남,56세,경상
2012121500100045,2012년 12월 15일 00시,토요일,광주광역시 북구 문흥동,경상사고,0,0,1,0,차대차 - 기타,안전운전불이행,습기,흐림,교차로 - 교차로부근,승용,남,31세,상해없음,승용,남,35세,기타불명
2012121500100079,2012년 12월 15일 01시,토요일,광주광역시 서구 치평동,경상사고,0,0,1,0,차대차 - 측면직각충돌,안전운전불이행,건조,맑음,교차로 - 교차로부근,승용,남,31세,상해없음,승용,여,47세,경상
2012121500100080,2012년 12월 15일 01시,토요일,광주광역시 남구 구동,중상사고,0,1,4,0,차대차 - 기타,안전운전불이행,습기,비,교차로 - 교차로부근,승용,남,29세,상해없음,승용,남,28세,경상
2012121500100081,2012년 12월 15일 01시,토요일,광주광역시 남구 월산동,경상사고,0,0,1,0,차대차 - 측면직각충돌,안전운전불이행,건조,맑음,단일로 - 기타,승용,남,32세,상해없음,승용,남,41세,경상
2012121500100082,2012년 12월 15일 01시,토요일,광주광역시 북구 용봉동,경상사고,0,0,1,0,차대사람 - 횡단중,안전운전불이행,건조,맑음,단일로 - 횡단보도상,승용,남,33세,상해없음,보행자,남,22세,경상
2012121500100102,2012년 12월 15일 02시,토요일,광주광역시 서구 치평동,경상사고,0,0,2,0,차대차 - 추돌 - 주정차중,안전운전불이행,습기,비,단일로 - 기타,승용,남,28세,상해없음,승용,여,26세,경상
2012121500100103,2012년 12월 15일 02시,토요일,광주광역시 남구 진월동,경상사고,0,0,1,0,차대차 - 측면직각충돌,신호위반,건조,맑음,교차로 - 교차로안,승용,남,53세,상해없음,승용,여,30세,경상
2012121500100149,2012년 12월 15일 05시,토요일,광주광역시 남구 진월동,경상사고,0,0,1,0,차대차 - 측면직각충돌,안전운전불이행,습기,비,단일로 - 기타,승용,남,33세,상해없음,승용,남,61세,경상
2012121500100169,2012년 12월 15일 06시,토요일,광주광역시 광산구 월계동,중상사고,0,1,0,0,차대사람 - 횡단중,안전운전불이행,건조,맑음,교차로 - 교차로부근,승용,남,69세,상해없음,보행자,남,48세,중상
2012121500100189,2012년 12월 15일 07시,토요일,광주광역시 광산구 우산동,중상사고,0,1,0,0,차대사람 - 횡단중,보행자보호의무위반,건조,맑음,단일로 - 기타,승용,여,49세,상해없음,보행자,여,16세,중상
2012121500100190,2012년 12월 15일 07시,토요일,광주광역시 광산구 쌍암동,경상사고,0,0,1,0,차대사람 - 차도통행중,안전운전불이행,건조,맑음,단일로 - 기타,승용,남,29세,상해없음,보행자,남,22세,경상
2012121500100210,2012년 12월 15일 08시,토요일,광주광역시 동구 산수동,경상사고,0,0,1,0,차대차 - 기타,안전거리미확보,습기,흐림,교차로 - 교차로부근,승용,남,34세,상해없음,이륜,남,22세,경상
2012121500100243,2012년 12월 15일 10시,토요일,광주광역시 남구 진월동,경상사고,0,0,1,0,차대차 - 측면직각충돌,교차로운행방법위반,습기,비,교차로 - 교차로안,승용,남,69세,상해없음,승용,남,29세,경상
2012121500100338,2012년 12월 15일 14시,토요일,광주광역시 동구 금남로5가,경상사고,0,0,4,0,차대차 - 기타,안전거리미확보,건조,맑음,교차로 - 교차로부근,승합,남,39세,상해없음,승용,남,76세,상해없음
2012121500100352,2012년 12월 15일 15시,토요일,광주광역시 서구 광천동,경상사고,0,0,1,0,차대차 - 측면직각충돌,안전거리미확보,건조,맑음,단일로 - 기타,승용,남,33세,상해없음,승용,남,29세,경상
2012121500100353,2012년 12월 15일 15시,토요일,광주광역시 북구 운암동,경상사고,0,0,1,0,차대차 - 추돌 - 진행중,안전거리미확보,건조,맑음,교차로 - 교차로부근,승용,남,48세,상해없음,이륜,남,32세,경상
2012121500100440,2012년 12월 15일 18시,토요일,광주광역시 서구 쌍촌동,중상사고,0,1,2,0,차대차 - 추돌 - 주정차중,안전거리미확보,건조,맑음,단일로 - 횡단보도부근,이륜,남,16세,중상,승용,남,39세,경상
2012121500100441,2012년 12월 15일 18시,토요일,광주광역시 북구 효령동,경상사고,0,0,4,0,차대차 - 추돌 - 진행중,안전운전불이행,건조,맑음,단일로 - 기타,승용,남,71세,상해없음,승용,남,41세,상해없음
2012121500100504,2012년 12월 15일 20시,토요일,광주광역시 북구 일곡동,경상사고,0,0,1,0,차대차 - 측면직각충돌,안전운전불이행,건조,맑음,교차로 - 교차로안,승용,여,56세,상해없음,원동기,남,45세,경상