사고번호,사고일시,요일,시군구,사고내용,사망자수,중상자수,경상자수,부상신고자수,사고유형,법규위반,노면상태,기상상태,도로형태,가해운전자 차종,가해운전자 성별,가해운전자 연령,가해운전자 상해정도,피해운전자 차종,피해운전자 성별,피해운전자 연령,피해운전자 상해정도
2012122100100418,2012년 12월 21일 15시,금요일,광주광역시 서구 금호동,경상사고,0,0,1,0,차대사람 - 횡단중,보행자보호의무위반,습기,비,단일로 - 기타,승용,여,46세,상해없음,보행자,여,9세,경상
2012122100100419,2012년 12월 21일 15시,금요일,광주광역시 서구 쌍촌동,경상사고,0,0,1,0,차대사람 - 기타,안전운전불이행,습기,비,단일로 - 기타,승용,남,67세,상해없음,보행자,여,70세,경상
2012122100100432,2012년 12월 21일 16시,금요일,광주광역시 남구 백운동,경상사고,0,0,1,0,차대차 - 측면직각충돌,안전거리미확보,건조,맑음,단일로 - 기타,화물,남,32세,상해없음,승용,남,44세,경상
2012122100100433,2012년 12월 21일 16시,금요일,광주광역시 광산구 신창동,경상사고,0,0,5,1,차대차 - 측면직각충돌,신호위반,습기,비,교차로 - 교차로안,승용,여,29세,경상,승용,남,25세,경상
2012122100100461,2012년 12월 21일 17시,금요일,광주광역시 동구 서석동,중상사고,0,1,3,0,차대차 - 추돌 - 진행중,안전거리미확보,습기,비,단일로 - 횡단보도부근,승용,남,46세,상해없음,승용,여,44세,중상
2012122100100462,2012년 12월 21일 17시,금요일,광주광역시 북구 동림동,경상사고,0,0,1,0,차대사람 - 기타,안전운전불이행,건조,맑음,교차로 - 교차로안,승용,남,31세,상해없음,보행자,여,54세,경상
2012122100100463,2012년 12월 21일 17시,금요일,광주광역시 광산구 신가동,경상사고,0,0,1,0,차대차 - 추돌 - 진행중,안전거리미확보,습기,비,단일로 - 기타,특수,남,38세,상해없음,자전거,남,56세,경상
2012122100100531,2012년 12월 21일 19시,금요일,광주광역시 서구 서창동,경상사고,0,0,2,0,차대차 - 측면직각충돌,안전운전불이행,건조,맑음,단일로 - 기타,승용,남,66세,경상,승용,남,31세,경상
2012122100100532,2012년 12월 21일 19시,금요일,광주광역시 남구 노대동,경상사고,0,0,1,0,차대차 - 기타,신호위반,습기,비,교차로 - 교차로부근,승용,남,49세,상해없음,승용,남,45세,경상
2012122100100560,2012년 12월 21일 20시,금요일,광주광역시 서구 치평동,부상신고사고,0,0,0,1,차대사람 - 기타,안전운전불이행,건조,맑음,단일로 - 기타,승용,기타불명,기타불명,기타불명,보행자,남,23세,부상신고
2012122100100561,2012년 12월 21일 20시,금요일,광주광역시 남구 백운동,경상사고,0,0,1,0,차대차 - 기타,안전운전불이행,건조,맑음,단일로 - 기타,화물,남,54세,상해없음,승용,남,32세,경상
2012122100100597,2012년 12월 21일 21시,금요일,광주광역시 광산구 신촌동,경상사고,0,0,1,0,차대차 - 추돌 - 진행중,안전운전불이행,건조,맑음,교차로 - 교차로부근,승용,남,39세,상해없음,승용,여,40세,경상
2012122100100598,2012년 12월 21일 21시,금요일,광주광역시 광산구 쌍암동,경상사고,0,0,3,0,차대차 - 추돌 - 주정차중,안전운전불이행,건조,맑음,단일로 - 기타,승용,남,38세,상해없음,승용,남,25세,경상
2012122100100599,2012년 12월 21일 21시,금요일,광주광역시 광산구 우산동,경상사고,0,0,1,0,차대차 - 측면직각충돌,신호위반,건조,맑음,교차로 - 교차로부근,승용,남,39세,상해없음,화물,남,56세,경상
2012122100100632,2012년 12월 21일 22시,금요일,광주광역시 광산구 장덕동,경상사고,0,0,3,0,차대차 - 추돌 - 주정차중,안전운전불이행,건조,흐림,단일로 - 기타,승용,남,55세,상해없음,승용,남,38세,경상
2012122100100673,2012년 12월 21일 23시,금요일,광주광역시 서구 치평동,부상신고사고,0,0,0,1,차대차 - 측면직각충돌,안전운전불이행,건조,맑음,단일로 - 기타,이륜,남,16세,부상신고,승용,남,43세,상해없음
2012122200100026,2012년 12월 22일 00시,토요일,광주광역시 북구 용봉동,경상사고,0,0,1,0,차대차 - 측면직각충돌,신호위반,건조,맑음,교차로 - 교차로부근,자전거,남,22세,경상,승용,남,51세,상해없음
2012122200100027,2012년 12월 22일 00시,토요일,광주광역시 광산구 수완동,경상사고,0,0,3,0,차대차 - 추돌 - 진행중,안전거리미확보,습기,흐림,단일로 - 기타,승용,남,50세,상해없음,승용,남,47세,경상
2012122200100058,2012년 12월 22일 01시,토요일,광주광역시 광산구 송정동,경상사고,0,0,2,0,차대차 - 추돌 - 주정차중,안전운전불이행,건조,맑음,단일로 - 기타,승용,남,37세,상해없음,승용,남,25세,경상
2012122200100098,2012년 12월 22일 03시,토요일,광주광역시 북구 임동,경상사고,0,0,2,0,차대차 - 측면직각충돌,안전거리미확보,건조,맑음,단일로 - 기타,승용,남,31세,상해없음,승용,남,57세,상해없음
2012122200100135,2012년 12월 22일 06시,토요일,광주광역시 북구 중흥동,중상사고,0,1,0,0,차대사람 - 보도통행중,안전운전불이행,건조,맑음,단일로 - 횡단보도상,화물,남,24세,상해없음,보행자,여,59세,중상
2012122200100202,2012년 12월 22일 09시,토요일,광주광역시 서구 화정동,경상사고,0,0,1,0,차대사람 - 기타,안전운전불이행,건조,맑음,단일로 - 기타,승용,여,44세,상해없음,보행자,남,27세,경상
2012122200100214,2012년 12월 22일 10시,토요일,광주광역시 서구 유촌동,경상사고,0,0,1,0,차대차 - 추돌 - 주정차중,안전운전불이행,건조,맑음,교차로 - 교차로안,화물,남,46세,상해없음,승용,남,32세,경상
2012122200100246,2012년 12월 22일 12시,토요일,광주광역시 서구 풍암동,중상사고,0,1,0,0,차대사람 - 횡단중,안전운전불이행,건조,맑음,교차로 - 교차로부근,승용,기타불명,기타불명,기타불명,보행자,여,60세,중상
2012122200100272,2012년 12월 22일 13시,토요일,광주광역시 남구 양림동,경상사고,0,0,1,0,차대사람 - 기타,안전운전불이행,건조,맑음,단일로 - 기타,승용,여,48세,상해없음,보행자,여,43세,경상
2012122200100273,2012년 12월 22일 13시,토요일,광주광역시 광산구 우산동,중상사고,0,1,0,1,차대차 - 추돌 - 진행중,안전운전불이행,건조,맑음,단일로 - 기타,화물,남,25세,부상신고,승용,남,73세,중상
2012122200100319,2012년 12월 22일 15시,토요일,광주광역시 북구 우산동,경상사고,0,0,1,0,차대차 - 측면직각충돌,차로위반,건조,흐림,단일로 - 기타,원동기,남,79세,경상,승용,남,31세,상해없음
2012122200100320,2012년 12월 22일 15시,토요일,광주광역시 북구 유동,중상사고,0,1,0,0,차대차 - 기타,안전운전불이행,건조,맑음,교차로 - 교차로부근,승용,여,46세,상해없음,자전거,남,52세,중상
2012122200100321,2012년 12월 22일 15시,토요일,광주광역시 광산구 신가동,경상사고,0,0,2,0,차대차 - 측면직각충돌,신호위반,건조,맑음,교차로 - 교차로안,승용,여,40세,상해없음,승용,남,39세,경상
2012122200100340,2012년 12월 22일 16시,토요일,광주광역시 북구 운암동,경상사고,0,0,1,0,차대사람 - 길가장자리구역통행중,안전운전불이행,건조,맑음,단일로 - 기타,승용,여,47세,상해없음,보행자,남,6세,경상
2012122200100350,2012년 12월 22일 17시,토요일,광주광역시 동구 학동,경상사고,0,0,3,0,차대차 - 추돌 - 주정차중,안전운전불이행,기타,기타,교차로 - 교차로안,승용,남,67세,상해없음,승용,여,30세,경상
2012122200100351,2012년 12월 22일 17시,토요일,광주광역시 광산구 수완동,경상사고,0,0,2,0,차대차 - 추돌 - 진행중,안전운전불이행,건조,맑음,단일로 - 기타,승용,남,39세,상해없음,승용,여,53세,경상
2012122200100378,2012년 12월 22일 18시,토요일,광주광역시 북구 운암동,경상사고,0,0,6,0,차대차 - 추돌 - 주정차중,안전거리미확보,건조,맑음,단일로 - 기타,승용,남,51세,상해없음,승용,남,35세,경상
2012122200100379,2012년 12월 22일 18시,토요일,광주광역시 북구 우산동,경상사고,0,0,1,0,차대차 - 추돌 - 진행중,안전거리미확보,건조,맑음,교차로 - 교차로부근,화물,남,46세,상해없음,승용,남,29세,경상
2012122200100380,2012년 12월 22일 18시,토요일,광주광역시 광산구 신창동,경상사고,0,0,1,0,차대사람 - 기타,안전운전불이행,건조,맑음,단일로 - 기타,승용,여,32세,상해없음,보행자,남,57세,경상
2012122200100439,2012년 12월 22일 20시,토요일,광주광역시 북구 문흥동,경상사고,0,0,2,0,차대차 - 측면직각충돌,교차로운행방법위반,건조,맑음,단일로 - 기타,화물,남,42세,상해없음,화물,남,27세,경상
2012122200100497,2012년 12월 22일 22시,토요일,광주광역시 서구 치평동,경상사고,0,0,1,0,차대사람 - 길가장자리구역통행중,안전운전불이행,건조,맑음,단일로 - 기타,승용,기타불명,기타불명,기타불명,보행자,남,64세,경상
2012122300100114,2012년 12월 23일 06시,일요일,광주광역시 동구 지산동,부상신고사고,0,0,0,1,차대차 - 추돌 - 진행중,안전운전불이행,습기,맑음,교차로 - 교차로부근,승용,남,34세,상해없음,승용,여,52세,부상신고
2012122300100128,2012년 12월 23일 08시,일요일,광주광역시 남구 양과동,경상사고,0,0,1,0,차대차 - 정면충돌,중앙선침범,적설,맑음,단일로 - 교량,승용,남,46세,상해없음,승용,여,46세,경상
2012122300100129,2012년 12월 23일 08시,일요일,광주광역시 광산구 수완동,중상사고,0,1,2,0,차량단독 - 공작물충돌,안전운전불이행,결빙,맑음,단일로 - 기타,승합,남,40세,상해없음,,,,
2012122300100148,2012년 12월 23일 09시,일요일,광주광역시 남구 봉선동,경상사고,0,0,1,0,차대사람 - 기타,안전운전불이행,건조,맑음,기타 - 기타,승용,여,60세,기타불명,보행자,남,15세,경상
2012122300100149,2012년 12월 23일 09시,일요일,광주광역시 북구 누문동,경상사고,0,0,2,0,차대차 - 추돌 - 주정차중,안전운전불이행,건조,맑음,단일로 - 횡단보도부근,승용,남,41세,상해없음,승용,남,44세,경상
2012122300100207,2012년 12월 23일 13시,일요일,광주광역시 북구 오치동,경상사고,0,0,1,0,차대사람 - 기타,안전운전불이행,건조,맑음,단일로 - 기타,화물,남,31세,상해없음,보행자,여,21세,경상
2012122300100208,2012년 12월 23일 13시,일요일,광주광역시 북구 우산동,중상사고,0,1,0,0,차대사람 - 횡단중,신호위반,습기,흐림,단일로 - 횡단보도상,승용,남,18세,상해없음,보행자,여,21세,중상
2012122300100253,2012년 12월 23일 15시,일요일,광주광역시 서구 양동,경상사고,0,0,2,0,차대차 - 기타,신호위반,건조,흐림,교차로 - 교차로안,이륜,남,43세,경상,승용,남,37세,경상
2012122300100254,2012년 12월 23일 15시,일요일,광주광역시 북구 용봉동,경상사고,0,0,1,0,차대사람 - 기타,안전운전불이행,적설,맑음,단일로 - 기타,승용,남,30세,상해없음,보행자,남,46세,경상
2012122300100298,2012년 12월 23일 17시,일요일,광주광역시 동구 지산동,경상사고,0,0,2,0,차대차 - 기타,안전운전불이행,습기,눈,교차로 - 교차로부근,승용,남,54세,상해없음,승용,남,53세,경상
2012122300100320,2012년 12월 23일 18시,일요일,광주광역시 동구 계림동,경상사고,0,0,1,0,차대사람 - 기타,안전운전불이행,결빙,눈,교차로 - 교차로안,화물,남,38세,상해없음,보행자,남,47세,경상
2012122300100321,2012년 12월 23일 18시,일요일,광주광역시 북구 두암동,중상사고,0,1,0,0,차대사람 - 보도통행중,기타,습기,눈,기타 - 기타,승용,남,47세,상해없음,보행자,남,54세,중상
2012122300100322,2012년 12월 23일 18시,일요일,광주광역시 광산구 안청동,경상사고,0,0,4,0,차대차 - 정면충돌,안전운전불이행,결빙,눈,단일로 - 기타,승용,남,48세,상해없음,승용,남,28세,경상
2012122300100323,2012년 12월 23일 18시,일요일,광주광역시 광산구 월곡동,경상사고,0,0,4,0,차대차 - 측면직각충돌,중앙선침범,건조,맑음,단일로 - 기타,승용,남,46세,상해없음,승용,남,43세,경상
2012122300100354,2012년 12월 23일 19시,일요일,광주광역시 광산구 양동,경상사고,0,0,2,0,차대차 - 측면직각충돌,신호위반,결빙,눈,교차로 - 교차로안,승용,남,33세,상해없음,승용,남,57세,경상
2012122300100355,2012년 12월 23일 19시,일요일,광주광역시 서구 금호동,경상사고,0,0,1,0,차량단독 - 기타,안전운전불이행,습기,눈,단일로 - 기타,승용,남,56세,상해없음,,,,
2012122300100376,2012년 12월 23일 20시,일요일,광주광역시 광산구 쌍암동,경상사고,0,0,3,0,차대차 - 측면직각충돌,신호위반,적설,눈,교차로 - 교차로안,승용,남,25세,경상,승용,여,22세,경상
2012122300100377,2012년 12월 23일 20시,일요일,광주광역시 광산구 우산동,경상사고,0,0,2,0,차대차 - 추돌 - 진행중,안전운전불이행,결빙,맑음,단일로 - 기타,화물,남,31세,상해없음,승용,여,42세,경상
2012122300100395,2012년 12월 23일 21시,일요일,광주광역시 광산구 수완동,경상사고,0,0,1,0,차대차 - 추돌 - 진행중,안전거리미확보,결빙,흐림,교차로 - 교차로부근,승용,남,63세,상해없음,승용,남,51세,경상
2012122300100407,2012년 12월 23일 22시,일요일,광주광역시 광산구 우산동,경상사고,0,0,2,0,차대차 - 추돌 - 진행중,안전운전불이행,결빙,눈,단일로 - 교량,승용,여,47세,상해없음,승용,남,64세,경상
2012122300100408,2012년 12월 23일 22시,일요일,광주광역시 광산구 운남동,경상사고,0,0,1,0,차대차 - 추돌 - 진행중,안전거리미확보,결빙,맑음,단일로 - 기타,승용,여,31세,상해없음,승용,여,40세,경상
2012122400100042,2012년 12월 24일 05시,월요일,광주광역시 광산구 장록동,경상사고,0,0,1,0,차대차 - 추돌 - 주정차중,안전운전불이행,적설,눈,교차로 - 교차로부근,승용,남,30세,상해없음,승용,남,52세,경상
2012122400100059,2012년 12월 24일 06시,월요일,광주광역시 서구 광천동,경상사고,0,0,2,0,차대차 - 측면직각충돌,교차로운행방법위반,결빙,흐림,교차로 - 교차로안,승용,여,48세,경상,승용,여,23세,경상
2012122400100097,2012년 12월 24일 08시,월요일,광주광역시 서구 세하동,중상사고,0,1,1,0,차대차 - 측면직각충돌,신호위반,건조,맑음,교차로 - 교차로안,승용,남,47세,중상,승용,남,30세,경상
2012122400100098,2012년 12월 24일 08시,월요일,광주광역시 서구 유촌동,경상사고,0,0,3,0,차대차 - 측면직각충돌,안전거리미확보,건조,맑음,단일로 - 기타,승용,남,61세,기타불명,승용,남,55세,경상
2012122400100099,2012년 12월 24일 08시,월요일,광주광역시 서구 내방동,경상사고,0,0,1,0,차대차 - 추돌 - 주정차중,안전운전불이행,결빙,눈,단일로 - 기타,승용,남,60세,상해없음,승용,미분류,기타불명,기타불명
2012122400100121,2012년 12월 24일 09시,월요일,광주광역시 동구 대인동,경상사고,0,0,3,0,차대차 - 정면충돌,신호위반,건조,맑음,교차로 - 교차로안,승용,남,71세,상해없음,승용,남,70세,경상
2012122400100140,2012년 12월 24일 10시,월요일,광주광역시 광산구 오선동,경상사고,0,0,1,0,차대차 - 측면직각충돌,신호위반,결빙,흐림,교차로 - 교차로안,승합,남,55세,상해없음,특수,남,55세,경상
2012122400100168,2012년 12월 24일 11시,월요일,광주광역시 광산구 수완동,경상사고,0,0,1,0,차대차 - 추돌 - 진행중,안전운전불이행,건조,맑음,교차로 - 교차로부근,화물,남,53세,상해없음,화물,남,49세,경상
2012122400100218,2012년 12월 24일 13시,월요일,광주광역시 광산구 하산동,중상사고,0,1,0,0,차량단독 - 전도전복,안전운전불이행,결빙,맑음,단일로 - 기타,승용,남,54세,상해없음,,,,
2012122400100249,2012년 12월 24일 14시,월요일,광주광역시 북구 우산동,경상사고,0,0,1,0,차대차 - 기타,안전거리미확보,건조,맑음,단일로 - 기타,승용,남,29세,상해없음,승합,남,51세,상해없음
2012122400100285,2012년 12월 24일 15시,월요일,광주광역시 남구 구동,경상사고,0,0,2,0,차대차 - 추돌 - 주정차중,안전운전불이행,건조,맑음,단일로 - 기타,승용,남,55세,상해없음,승용,남,51세,경상
2012122400100286,2012년 12월 24일 15시,월요일,광주광역시 광산구 흑석동,경상사고,0,0,1,0,차대차 - 측면직각충돌,안전운전불이행,건조,맑음,교차로 - 교차로부근,자전거,남,78세,경상,승용,여,44세,상해없음
2012122400100314,2012년 12월 24일 16시,월요일,광주광역시 남구 진월동,경상사고,0,0,1,0,차대차 - 추돌 - 진행중,안전거리미확보,건조,맑음,단일로 - 기타,승용,여,52세,상해없음,승용,남,57세,경상
2012122400100346,2012년 12월 24일 17시,월요일,광주광역시 동구 대인동,경상사고,0,0,1,0,차대사람 - 차도통행중,안전운전불이행,건조,맑음,단일로 - 횡단보도부근,승용,여,41세,상해없음,보행자,여,20세,경상
2012122400100347,2012년 12월 24일 17시,월요일,광주광역시 서구 치평동,경상사고,0,0,2,0,차대차 - 측면직각충돌,교차로운행방법위반,건조,맑음,교차로 - 교차로안,승용,남,43세,상해없음,승용,남,39세,경상
2012122400100348,2012년 12월 24일 17시,월요일,광주광역시 서구 화정동,경상사고,0,0,3,0,차대차 - 측면직각충돌,안전거리미확보,건조,흐림,단일로 - 기타,원동기,남,48세,경상,승용,남,51세,상해없음
2012122400100349,2012년 12월 24일 17시,월요일,광주광역시 북구 두암동,경상사고,0,0,1,0,차대차 - 기타,안전운전불이행,건조,맑음,교차로 - 교차로부근,승용,여,20세,상해없음,원동기,남,20세,경상
2012122400100440,2012년 12월 24일 19시,월요일,광주광역시 서구 쌍촌동,중상사고,0,1,0,0,차대차 - 측면직각충돌,교차로운행방법위반,건조,흐림,교차로 - 교차로안,승용,남,33세,상해없음,원동기,남,45세,중상
2012122400100441,2012년 12월 24일 19시,월요일,광주광역시 북구 임동,부상신고사고,0,0,0,1,차대사람 - 기타,안전운전불이행,적설,눈,단일로 - 기타,승합,남,37세,상해없음,보행자,남,67세,부상신고
2012122400100442,2012년 12월 24일 19시,월요일,광주광역시 광산구 신창동,중상사고,0,1,6,0,차대차 - 측면직각충돌,안전거리미확보,건조,맑음,교차로 - 교차로부근,승용,남,34세,경상,승용,남,32세,경상
2012122400100484,2012년 12월 24일 20시,월요일,광주광역시 북구 일곡동,경상사고,0,0,3,0,차대차 - 추돌 - 진행중,안전거리미확보,건조,맑음,단일로 - 기타,승용,남,40세,상해없음,승용,남,33세,경상
2012122400100508,2012년 12월 24일 21시,월요일,광주광역시 북구 일곡동,경상사고,0,0,4,0,차대차 - 추돌 - 진행중,안전거리미확보,적설,눈,교차로 - 교차로부근,승용,남,60세,상해없음,승용,남,50세,경상
2012122400100540,2012년 12월 24일 22시,월요일,광주광역시 북구 두암동,경상사고,0,0,1,0,차대차 - 기타,안전운전불이행,건조,흐림,교차로 - 교차로부근,승용,남,54세,상해없음,이륜,남,16세,경상
2012122400100541,2012년 12월 24일 22시,월요일,광주광역시 북구 문흥동,경상사고,0,0,3,0,차대차 - 추돌 - 진행중,안전거리미확보,습기,눈,단일로 - 기타,승용,남,35세,상해없음,승용,남,29세,경상
2012122400100565,2012년 12월 24일 23시,월요일,광주광역시 남구 주월동,경상사고,0,0,1,0,차대사람 - 기타,안전운전불이행,건조,맑음,교차로 - 교차로안,화물,남,55세,상해없음,보행자,남,44세,경상
2012122500100055,2012년 12월 25일 02시,화요일,광주광역시 서구 치평동,경상사고,0,0,1,0,차대차 - 추돌 - 주정차중,안전운전불이행,건조,흐림,교차로 - 교차로부근,승용,남,30세,상해없음,승용,여,37세,경상
2012122500100056,2012년 12월 25일 02시,화요일,광주광역시 북구 용봉동,중상사고,0,1,0,0,차대사람 - 횡단중,안전운전불이행,습기,눈,교차로 - 교차로부근,승용,남,53세,상해없음,보행자,여,27세,중상
2012122500100102,2012년 12월 25일 05시,화요일,광주광역시 서구 화정동,경상사고,0,0,3,0,차대차 - 측면직각충돌,신호위반,건조,맑음,교차로 - 교차로안,승용,남,44세,상해없음,승용,남,24세,경상
2012122500100113,2012년 12월 25일 06시,화요일,광주광역시 남구 봉선동,경상사고,0,0,2,0,차대차 - 측면직각충돌,중앙선침범,결빙,눈,단일로 - 기타,승용,남,41세,경상,승용,여,44세,경상
2012122500100157,2012년 12월 25일 09시,화요일,광주광역시 동구 학동,경상사고,0,0,3,0,차대차 - 추돌 - 주정차중,안전운전불이행,건조,맑음,교차로 - 교차로부근,승용,남,27세,상해없음,승용,남,53세,경상
2012122500100195,2012년 12월 25일 12시,화요일,광주광역시 북구 오치동,중상사고,0,1,0,0,차대사람 - 횡단중,안전운전불이행,건조,맑음,교차로 - 교차로안,승용,남,48세,상해없음,보행자,여,59세,중상
2012122500100212,2012년 12월 25일 13시,화요일,광주광역시 동구 금동,경상사고,0,0,1,0,차대차 - 측면직각충돌,안전운전불이행,건조,맑음,단일로 - 기타,자전거,남,69세,경상,승용,남,46세,상해없음
2012122500100286,2012년 12월 25일 16시,화요일,광주광역시 서구 양동,중상사고,0,1,0,0,차대사람 - 횡단중,안전운전불이행,건조,흐림,교차로 - 교차로안,승용,남,33세,상해없음,보행자,남,74세,중상
2012122500100312,2012년 12월 25일 17시,화요일,광주광역시 동구 학동,경상사고,0,0,1,0,차대사람 - 횡단중,안전운전불이행,건조,맑음,단일로 - 기타,승용,남,66세,상해없음,보행자,여,80세,경상
2012122500100361,2012년 12월 25일 19시,화요일,광주광역시 서구 쌍촌동,경상사고,0,0,1,0,차대차 - 측면직각충돌,기타,건조,맑음,단일로 - 기타,승용,남,57세,상해없음,승용,여,56세,경상
2012122500100362,2012년 12월 25일 19시,화요일,광주광역시 북구 양산동,경상사고,0,0,1,0,차대차 - 측면직각충돌,교차로운행방법위반,건조,맑음,교차로 - 교차로안,승용,남,34세,상해없음,원동기,남,18세,경상
2012122500100380,2012년 12월 25일 20시,화요일,광주광역시 서구 쌍촌동,경상사고,0,0,1,0,차대사람 - 길가장자리구역통행중,안전운전불이행,건조,맑음,단일로 - 기타,기타불명,기타불명,기타불명,기타불명,보행자,남,52세,경상
2012122500100435,2012년 12월 25일 22시,화요일,광주광역시 북구 두암동,중상사고,0,1,2,2,차대차 - 측면직각충돌,기타,건조,맑음,교차로 - 교차로안,이륜,남,18세,중상,승용,남,41세,경상
2012122500100456,2012년 12월 25일 23시,화요일,광주광역시 동구 대인동,중상사고,0,1,0,0,차대사람 - 횡단중,안전운전불이행,건조,맑음,단일로 - 기타,승용,남,60세,상해없음,보행자,여,68세,중상
2012122500100457,2012년 12월 25일 23시,화요일,광주광역시 서구 화정동,중상사고,0,1,0,0,차대사람 - 기타,안전운전불이행,건조,맑음,교차로 - 교차로안,승용,남,51세,상해없음,보행자,여,52세,중상
2012122600100010,2012년 12월 26일 00시,수요일,광주광역시 서구 농성동,중상사고,0,1,0,0,차대사람 - 기타,안전운전불이행,습기,흐림,교차로 - 교차로부근,승용,남,53세,상해없음,보행자,여,26세,중상
2012122600100011,2012년 12월 26일 00시,수요일,광주광역시 서구 화정동,경상사고,0,0,2,0,차대차 - 측면직각충돌,안전거리미확보,건조,맑음,교차로 - 교차로안,승용,남,48세,상해없음,승용,남,22세,경상
2012122600100017,2012년 12월 26일 01시,수요일,광주광역시 북구 연제동,경상사고,0,0,1,0,차대차 - 추돌 - 진행중,안전거리미확보,습기,눈,단일로 - 기타,승용,여,40세,상해없음,승용,남,34세,경상
2012122600100050,2012년 12월 26일 05시,수요일,광주광역시 남구 월산동,경상사고,0,0,4,0,차대차 - 측면직각충돌,신호위반,건조,맑음,교차로 - 교차로안,화물,남,50세,상해없음,승용,남,21세,경상
2012122600100068,2012년 12월 26일 06시,수요일,광주광역시 서구 화정동,경상사고,0,0,1,0,차대사람 - 기타,보행자보호의무위반,건조,맑음,단일로 - 횡단보도상,승용,남,31세,상해없음,보행자,여,23세,경상
2012122600100069,2012년 12월 26일 06시,수요일,광주광역시 서구 금호동,중상사고,0,1,0,0,차대차 - 측면직각충돌,안전운전불이행,건조,맑음,기타 - 기타,화물,남,38세,상해없음,자전거,남,61세,중상
2012122600100099,2012년 12월 26일 07시,수요일,광주광역시 광산구 산정동,중상사고,0,1,0,0,차대사람 - 횡단중,안전운전불이행,건조,맑음,단일로 - 기타,승용,남,65세,상해없음,보행자,남,63세,중상
2012122600100136,2012년 12월 26일 08시,수요일,광주광역시 광산구 월계동,경상사고,0,0,2,0,차대차 - 추돌 - 주정차중,안전운전불이행,건조,맑음,단일로 - 기타,승용,남,46세,상해없음,승용,남,66세,경상
2012122600100166,2012년 12월 26일 09시,수요일,광주광역시 동구 계림동,중상사고,0,1,0,0,차대사람 - 횡단중,안전운전불이행,건조,맑음,단일로 - 횡단보도상,승용,여,22세,상해없음,보행자,여,64세,중상
2012122600100240,2012년 12월 26일 11시,수요일,광주광역시 동구 대인동,중상사고,0,1,0,0,차대사람 - 기타,안전운전불이행,건조,맑음,단일로 - 기타,승용,여,28세,상해없음,보행자,여,73세,중상
2012122600100293,2012년 12월 26일 13시,수요일,광주광역시 남구 양림동,중상사고,0,1,1,0,차대차 - 정면충돌,중앙선침범,건조,맑음,단일로 - 기타,승용,남,29세,상해없음,승용,남,66세,경상
2012122600100316,2012년 12월 26일 14시,수요일,광주광역시 북구 운암동,경상사고,0,0,1,0,차대차 - 추돌 - 주정차중,안전운전불이행,건조,맑음,교차로 - 교차로부근,승용,기타불명,기타불명,기타불명,화물,남,39세,경상
2012122600100351,2012년 12월 26일 15시,수요일,광주광역시 동구 대인동,경상사고,0,0,1,0,차대차 - 측면직각충돌,신호위반,건조,맑음,교차로 - 교차로안,승용,여,30세,상해없음,승용,여,43세,경상
2012122600100387,2012년 12월 26일 16시,수요일,광주광역시 서구 유촌동,경상사고,0,0,1,0,차대차 - 측면직각충돌,교차로운행방법위반,건조,맑음,교차로 - 교차로안,승용,남,42세,상해없음,승용,여,27세,경상
2012122600100388,2012년 12월 26일 16시,수요일,광주광역시 북구 운암동,경상사고,0,0,1,0,차대차 - 측면직각충돌,안전운전불이행,건조,맑음,단일로 - 기타,승용,남,75세,상해없음,승합,남,53세,상해없음
2012122600100427,2012년 12월 26일 17시,수요일,광주광역시 광산구 월곡동,중상사고,0,1,0,0,차대사람 - 기타,안전운전불이행,건조,맑음,교차로 - 교차로부근,승용,여,28세,상해없음,보행자,남,62세,중상
2012122600100477,2012년 12월 26일 18시,수요일,광주광역시 북구 오치동,중상사고,0,1,0,0,차대사람 - 횡단중,안전운전불이행,건조,맑음,교차로 - 교차로안,승용,여,47세,상해없음,보행자,여,53세,중상
2012122600100479,2012년 12월 26일 18시,수요일,광주광역시 광산구 장록동,경상사고,0,0,1,0,차대차 - 추돌 - 주정차중,안전거리미확보,건조,맑음,단일로 - 기타,승용,남,49세,상해없음,승용,남,34세,경상
2012122600100506,2012년 12월 26일 19시,수요일,광주광역시 남구 진월동,경상사고,0,0,4,0,차대차 - 추돌 - 주정차중,안전운전불이행,건조,맑음,단일로 - 기타,화물,남,50세,상해없음,승용,여,44세,경상
2012122600100507,2012년 12월 26일 19시,수요일,광주광역시 북구 신안동,경상사고,0,0,1,0,차대사람 - 횡단중,신호위반,건조,맑음,단일로 - 횡단보도상,승합,기타불명,기타불명,기타불명,보행자,남,8세,경상
2012122600100548,2012년 12월 26일 20시,수요일,광주광역시 남구 월산동,중상사고,0,1,0,0,차대사람 - 횡단중,과속,건조,맑음,단일로 - 횡단보도부근,승합,남,61세,상해없음,보행자,남,74세,중상
2012122600100575,2012년 12월 26일 21시,수요일,광주광역시 서구 쌍촌동,경상사고,0,0,2,0,차대차 - 기타,안전운전불이행,습기,흐림,교차로 - 교차로부근,승용,남,70세,상해없음,승용,남,28세,경상