사고번호,사고일시,요일,시군구,사고내용,사망자수,중상자수,경상자수,부상신고자수,사고유형,법규위반,노면상태,기상상태,도로형태,가해운전자 차종,가해운전자 성별,가해운전자 연령,가해운전자 상해정도,피해운전자 차종,피해운전자 성별,피해운전자 연령,피해운전자 상해정도
2012122600100622,2012년 12월 26일 22시,수요일,광주광역시 서구 광천동,경상사고,0,0,2,0,차대사람 - 기타,안전운전불이행,결빙,맑음,단일로 - 기타,승용,남,26세,상해없음,보행자,남,72세,경상
2012122600100623,2012년 12월 26일 22시,수요일,광주광역시 서구 금호동,경상사고,0,0,1,0,차대차 - 측면직각충돌,안전운전불이행,건조,맑음,단일로 - 기타,승용,남,37세,상해없음,승용,남,28세,경상
2012122600100657,2012년 12월 26일 23시,수요일,광주광역시 남구 구동,경상사고,0,0,2,0,차대차 - 정면충돌,교차로운행방법위반,건조,맑음,교차로 - 교차로안,승용,남,30세,상해없음,승용,남,26세,경상
2012122600100658,2012년 12월 26일 23시,수요일,광주광역시 북구 문흥동,경상사고,0,0,1,0,차대차 - 측면직각충돌,신호위반,건조,맑음,교차로 - 교차로안,이륜,남,23세,경상,승용,남,57세,상해없음
2012122600100659,2012년 12월 26일 23시,수요일,광주광역시 북구 동림동,경상사고,0,0,1,0,차대차 - 측면직각충돌,안전운전불이행,건조,맑음,교차로 - 교차로부근,승용,남,31세,상해없음,승용,남,53세,경상
2012122600100660,2012년 12월 26일 23시,수요일,광주광역시 광산구 수완동,중상사고,0,1,0,0,차대사람 - 횡단중,보행자보호의무위반,건조,맑음,단일로 - 횡단보도상,승용,남,34세,상해없음,보행자,남,35세,중상
2012122700100109,2012년 12월 27일 06시,목요일,광주광역시 북구 신안동,경상사고,0,0,2,0,차대차 - 측면직각충돌,신호위반,건조,맑음,교차로 - 교차로안,승용,남,54세,상해없음,화물,남,52세,경상
2012122700100130,2012년 12월 27일 07시,목요일,광주광역시 서구 매월동,중상사고,0,1,2,0,차대차 - 측면직각충돌,신호위반,건조,맑음,단일로 - 기타,승용,남,58세,경상,승용,남,49세,경상
2012122700100182,2012년 12월 27일 09시,목요일,광주광역시 북구 두암동,경상사고,0,0,1,0,차대사람 - 기타,안전운전불이행,건조,맑음,단일로 - 기타,승용,여,62세,상해없음,보행자,남,48세,경상
2012122700100314,2012년 12월 27일 14시,목요일,광주광역시 동구 학동,경상사고,0,0,1,0,차대차 - 추돌 - 주정차중,안전운전불이행,건조,맑음,단일로 - 기타,승용,남,68세,상해없음,화물,남,28세,경상
2012122700100315,2012년 12월 27일 14시,목요일,광주광역시 남구 칠석동,중상사고,0,1,1,0,차대차 - 추돌 - 주정차중,안전운전불이행,건조,맑음,단일로 - 기타,승용,남,68세,경상,화물,남,51세,기타불명
2012122700100364,2012년 12월 27일 16시,목요일,광주광역시 남구 양림동,경상사고,0,0,1,0,차대차 - 추돌 - 진행중,안전거리미확보,건조,맑음,단일로 - 기타,원동기,남,45세,상해없음,승용,여,46세,경상
2012122700100365,2012년 12월 27일 16시,목요일,광주광역시 광산구 월전동,경상사고,0,0,2,0,차대차 - 측면직각충돌,안전운전불이행,건조,맑음,단일로 - 기타,승용,여,35세,상해없음,특수,남,38세,경상
2012122700100399,2012년 12월 27일 17시,목요일,광주광역시 동구 대인동,경상사고,0,0,1,0,차대사람 - 길가장자리구역통행중,안전운전불이행,건조,맑음,단일로 - 기타,승용,여,46세,상해없음,보행자,남,27세,경상
2012122700100400,2012년 12월 27일 17시,목요일,광주광역시 서구 금호동,중상사고,0,1,0,0,차대사람 - 횡단중,안전운전불이행,건조,맑음,단일로 - 기타,화물,남,50세,상해없음,보행자,남,19세,중상
2012122700100401,2012년 12월 27일 17시,목요일,광주광역시 북구 임동,경상사고,0,0,1,0,차대사람 - 기타,안전운전불이행,건조,맑음,단일로 - 기타,화물,남,54세,상해없음,보행자,남,13세,경상
2012122700100448,2012년 12월 27일 18시,목요일,광주광역시 서구 치평동,경상사고,0,0,2,0,차대차 - 측면직각충돌,안전운전불이행,건조,맑음,단일로 - 기타,승용,여,65세,상해없음,승용,남,52세,경상
2012122700100449,2012년 12월 27일 18시,목요일,광주광역시 남구 주월동,중상사고,0,1,4,0,차대사람 - 기타,안전운전불이행,건조,맑음,단일로 - 기타,승합,남,68세,상해없음,보행자,남,47세,중상
2012122700100450,2012년 12월 27일 18시,목요일,광주광역시 북구 중흥동,경상사고,0,0,1,0,차대사람 - 기타,안전운전불이행,건조,맑음,교차로 - 교차로안,승용,여,48세,상해없음,보행자,남,60세,경상
2012122700100451,2012년 12월 27일 18시,목요일,광주광역시 광산구 신창동,경상사고,0,0,1,0,차대차 - 측면직각충돌,안전운전불이행,건조,맑음,교차로 - 교차로안,승용,남,46세,상해없음,이륜,남,19세,경상
2012122700100487,2012년 12월 27일 19시,목요일,광주광역시 북구 대촌동,경상사고,0,0,1,0,차대차 - 측면직각충돌,신호위반,건조,맑음,교차로 - 교차로안,승용,남,35세,상해없음,승용,남,30세,경상
2012122700100553,2012년 12월 27일 21시,목요일,광주광역시 남구 백운동,경상사고,0,0,3,0,차대차 - 측면직각충돌,차로위반,건조,맑음,교차로 - 교차로안,승용,남,28세,경상,승용,남,38세,경상
2012122700100554,2012년 12월 27일 21시,목요일,광주광역시 광산구 신창동,중상사고,0,1,0,0,차대차 - 추돌 - 진행중,신호위반,건조,맑음,교차로 - 교차로안,승용,남,55세,상해없음,원동기,남,45세,중상
2012122700100587,2012년 12월 27일 22시,목요일,광주광역시 북구 운암동,경상사고,0,0,1,0,차대차 - 추돌 - 주정차중,안전운전불이행,건조,맑음,단일로 - 기타,승용,남,59세,상해없음,승용,남,34세,경상
2012122700100588,2012년 12월 27일 22시,목요일,광주광역시 광산구 신가동,경상사고,0,0,2,0,차대차 - 측면직각충돌,신호위반,적설,눈,교차로 - 교차로안,승용,남,29세,상해없음,승용,남,62세,경상
2012122700100589,2012년 12월 27일 22시,목요일,광주광역시 광산구 월곡동,경상사고,0,0,2,0,차대차 - 기타,안전운전불이행,결빙,맑음,단일로 - 기타,승용,남,29세,상해없음,승용,남,42세,경상
2012122700100628,2012년 12월 27일 23시,목요일,광주광역시 서구 치평동,중상사고,0,1,0,0,차대사람 - 횡단중,안전운전불이행,건조,맑음,단일로 - 기타,기타불명,기타불명,기타불명,기타불명,보행자,남,37세,중상
2012122700100629,2012년 12월 27일 23시,목요일,광주광역시 북구 각화동,경상사고,0,0,2,0,차대차 - 추돌 - 주정차중,안전거리미확보,건조,맑음,교차로 - 교차로부근,승용,남,33세,상해없음,승합,남,59세,상해없음
2012122800100032,2012년 12월 28일 00시,금요일,광주광역시 동구 불로동,부상신고사고,0,0,0,1,차대차 - 측면직각충돌,교차로운행방법위반,기타,맑음,교차로 - 교차로안,승용,남,46세,상해없음,승용,남,65세,부상신고
2012122800100053,2012년 12월 28일 01시,금요일,광주광역시 북구 유동,경상사고,0,0,5,0,차대차 - 측면직각충돌,신호위반,적설,눈,교차로 - 교차로안,승용,남,67세,상해없음,승용,남,61세,경상
2012122800100066,2012년 12월 28일 02시,금요일,광주광역시 광산구 월곡동,경상사고,0,0,1,0,차대차 - 추돌 - 진행중,안전운전불이행,결빙,눈,교차로 - 교차로부근,승용,남,32세,상해없음,승용,남,43세,경상
2012122800100132,2012년 12월 28일 06시,금요일,광주광역시 남구 송하동,중상사고,0,2,0,0,차대차 - 정면충돌,안전운전불이행,적설,눈,단일로 - 기타,승합,남,46세,중상,승합,남,57세,중상
2012122800100225,2012년 12월 28일 09시,금요일,광주광역시 동구 대인동,경상사고,0,0,1,0,차대차 - 추돌 - 진행중,안전운전불이행,습기,비,단일로 - 기타,승합,남,58세,상해없음,화물,남,65세,상해없음
2012122800100260,2012년 12월 28일 11시,금요일,광주광역시 광산구 도산동,중상사고,0,1,3,0,차대차 - 측면직각충돌,중앙선침범,습기,맑음,단일로 - 기타,승용,남,60세,상해없음,승합,남,48세,중상
2012122800100279,2012년 12월 28일 12시,금요일,광주광역시 남구 봉선동,경상사고,0,0,1,0,차대사람 - 횡단중,보행자보호의무위반,건조,맑음,교차로 - 교차로안,승용,남,42세,상해없음,보행자,여,21세,경상
2012122800100330,2012년 12월 28일 15시,금요일,광주광역시 북구 동림동,경상사고,0,0,4,0,차대차 - 추돌 - 진행중,안전거리미확보,건조,맑음,단일로 - 교량,승용,남,43세,상해없음,승용,남,63세,경상
2012122800100356,2012년 12월 28일 16시,금요일,광주광역시 광산구 산월동,경상사고,0,0,1,0,차대차 - 추돌 - 주정차중,안전운전불이행,습기,흐림,교차로 - 교차로부근,승용,남,31세,상해없음,승용,남,39세,경상
2012122800100448,2012년 12월 28일 19시,금요일,광주광역시 서구 쌍촌동,경상사고,0,0,1,0,차대사람 - 기타,안전운전불이행,건조,흐림,단일로 - 기타,기타불명,기타불명,기타불명,기타불명,보행자,여,13세,경상
2012122800100449,2012년 12월 28일 19시,금요일,광주광역시 북구 용봉동,경상사고,0,0,1,0,차대차 - 기타,안전운전불이행,결빙,흐림,교차로 - 교차로부근,승용,남,51세,상해없음,기타불명,미분류,기타불명,기타불명
2012122800100481,2012년 12월 28일 20시,금요일,광주광역시 서구 금호동,중상사고,0,1,0,0,차대차 - 측면직각충돌,차로위반,결빙,흐림,단일로 - 기타,승용,남,46세,상해없음,이륜,남,39세,중상
2012122800100482,2012년 12월 28일 20시,금요일,광주광역시 광산구 운남동,경상사고,0,0,2,0,차대사람 - 기타,보행자보호의무위반,건조,맑음,교차로 - 교차로안,승용,여,25세,상해없음,보행자,여,19세,경상
2012122800100512,2012년 12월 28일 21시,금요일,광주광역시 서구 쌍촌동,경상사고,0,0,1,0,차대사람 - 기타,안전운전불이행,건조,맑음,단일로 - 기타,승용,여,42세,상해없음,보행자,남,14세,경상
2012122800100549,2012년 12월 28일 22시,금요일,광주광역시 동구 충장로2가,경상사고,0,0,5,0,차대사람 - 기타,안전운전불이행,건조,흐림,단일로 - 기타,승용,남,26세,상해없음,보행자,남,35세,경상
2012122800100550,2012년 12월 28일 22시,금요일,광주광역시 서구 치평동,경상사고,0,0,4,0,차대차 - 추돌 - 진행중,안전운전불이행,건조,맑음,단일로 - 기타,승용,남,39세,상해없음,승용,남,30세,경상
2012122800100551,2012년 12월 28일 22시,금요일,광주광역시 광산구 하남동,경상사고,0,0,5,0,차대차 - 측면직각충돌,신호위반,건조,맑음,교차로 - 교차로안,승용,남,50세,상해없음,승용,남,55세,경상
2012122800100552,2012년 12월 28일 22시,금요일,광주광역시 광산구 월계동,경상사고,0,0,1,0,차대차 - 정면충돌,중앙선침범,건조,맑음,단일로 - 기타,승용,남,28세,상해없음,승용,남,41세,경상
2012122800100586,2012년 12월 28일 23시,금요일,광주광역시 동구 동명동,경상사고,0,0,1,0,차대차 - 측면직각충돌,안전운전불이행,습기,흐림,단일로 - 기타,승용,남,59세,상해없음,승용,남,34세,경상
2012122800100587,2012년 12월 28일 23시,금요일,광주광역시 남구 백운동,경상사고,0,0,2,0,차대차 - 기타,안전거리미확보,건조,맑음,단일로 - 기타,승용,남,25세,상해없음,승용,남,52세,경상
2012122800100588,2012년 12월 28일 23시,금요일,광주광역시 광산구 우산동,경상사고,0,0,1,0,차대사람 - 길가장자리구역통행중,안전운전불이행,건조,맑음,단일로 - 기타,승용,남,57세,상해없음,보행자,남,32세,경상
2012122900100048,2012년 12월 29일 01시,토요일,광주광역시 서구 쌍촌동,경상사고,0,0,1,0,차대차 - 기타,안전운전불이행,건조,흐림,단일로 - 기타,승용,남,30세,경상,화물,남,48세,기타불명
2012122900100070,2012년 12월 29일 02시,토요일,광주광역시 서구 벽진동,중상사고,0,1,1,0,차대사람 - 기타,안전운전불이행,건조,맑음,교차로 - 교차로부근,승용,남,38세,상해없음,보행자,남,42세,경상
2012122900100094,2012년 12월 29일 03시,토요일,광주광역시 서구 금호동,경상사고,0,0,1,0,차대사람 - 기타,안전운전불이행,건조,맑음,단일로 - 기타,승용,남,18세,상해없음,보행자,남,32세,경상
2012122900100158,2012년 12월 29일 06시,토요일,광주광역시 서구 금호동,경상사고,0,0,1,0,차대차 - 기타,중앙선침범,습기,흐림,교차로 - 교차로부근,승용,남,37세,상해없음,화물,남,56세,경상
2012122900100223,2012년 12월 29일 09시,토요일,광주광역시 서구 동천동,경상사고,0,0,1,0,차대차 - 추돌 - 주정차중,안전운전불이행,결빙,흐림,단일로 - 기타,승용,여,27세,상해없음,승용,남,32세,경상
2012122900100287,2012년 12월 29일 12시,토요일,광주광역시 광산구 송정동,경상사고,0,0,1,0,차대사람 - 차도통행중,안전운전불이행,건조,맑음,단일로 - 기타,원동기,남,75세,상해없음,보행자,여,53세,경상
2012122900100326,2012년 12월 29일 14시,토요일,광주광역시 북구 문흥동,경상사고,0,0,1,0,차대차 - 기타,안전운전불이행,건조,맑음,단일로 - 기타,승용,남,41세,상해없음,승용,남,29세,경상
2012122900100375,2012년 12월 29일 17시,토요일,광주광역시 서구 광천동,경상사고,0,0,1,0,차대차 - 측면직각충돌,안전운전불이행,건조,맑음,단일로 - 기타,승용,남,52세,상해없음,승용,남,65세,경상
2012122900100402,2012년 12월 29일 18시,토요일,광주광역시 동구 산수동,사망사고,1,0,0,0,차대사람 - 기타,안전운전불이행,습기,흐림,교차로 - 교차로안,승용,남,44세,상해없음,보행자,남,72세,사망
2012122900100403,2012년 12월 29일 18시,토요일,광주광역시 서구 치평동,경상사고,0,0,3,0,차대차 - 기타,차로위반,건조,맑음,단일로 - 기타,승용,남,54세,상해없음,승용,남,30세,경상
2012122900100404,2012년 12월 29일 18시,토요일,광주광역시 북구 양산동,중상사고,0,1,0,0,차대사람 - 차도통행중,안전운전불이행,결빙,눈,기타 - 기타,화물,남,47세,상해없음,보행자,남,70세,중상
2012122900100436,2012년 12월 29일 19시,토요일,광주광역시 서구 금호동,경상사고,0,0,1,0,차대차 - 기타,안전운전불이행,건조,맑음,교차로 - 교차로부근,승용,여,30세,상해없음,승용,남,27세,경상
2012122900100467,2012년 12월 29일 20시,토요일,광주광역시 서구 쌍촌동,경상사고,0,0,5,0,차대차 - 측면직각충돌,교차로운행방법위반,건조,맑음,교차로 - 교차로안,승용,남,51세,상해없음,승용,남,44세,경상
2012122900100487,2012년 12월 29일 21시,토요일,광주광역시 남구 방림동,중상사고,0,2,0,0,차대차 - 정면충돌,중앙선침범,습기,눈,교차로 - 교차로부근,승용,남,59세,상해없음,승용,남,30세,중상
2012122900100488,2012년 12월 29일 21시,토요일,광주광역시 북구 양산동,중상사고,0,1,0,0,차대사람 - 횡단중,신호위반,건조,맑음,교차로 - 교차로부근,화물,남,73세,상해없음,보행자,남,44세,중상
2012122900100489,2012년 12월 29일 21시,토요일,광주광역시 광산구 신가동,경상사고,0,0,4,0,차대차 - 측면직각충돌,신호위반,습기,비,교차로 - 교차로안,승용,남,68세,상해없음,승용,여,32세,경상
2012122900100490,2012년 12월 29일 21시,토요일,광주광역시 광산구 월곡동,경상사고,0,0,2,0,차대차 - 측면직각충돌,신호위반,습기,비,교차로 - 교차로안,화물,남,28세,경상,승용,남,41세,경상
2012122900100491,2012년 12월 29일 21시,토요일,광주광역시 광산구 월계동,부상신고사고,0,0,0,1,차대차 - 정면충돌,중앙선침범,습기,눈,교차로 - 교차로부근,승용,남,42세,상해없음,승용,여,44세,부상신고
2012122900100492,2012년 12월 29일 21시,토요일,광주광역시 광산구 우산동,경상사고,0,0,4,0,차대차 - 측면직각충돌,교차로운행방법위반,습기,비,교차로 - 교차로안,승용,남,51세,상해없음,승용,여,32세,경상
2012122900100530,2012년 12월 29일 22시,토요일,광주광역시 서구 화정동,경상사고,0,0,1,0,차대차 - 추돌 - 주정차중,안전운전불이행,습기,눈,단일로 - 기타,승용,남,52세,상해없음,승용,남,43세,경상
2012122900100531,2012년 12월 29일 22시,토요일,광주광역시 서구 치평동,경상사고,0,0,1,0,차대차 - 추돌 - 주정차중,안전운전불이행,건조,맑음,단일로 - 기타,승용,남,29세,상해없음,화물,여,47세,경상
2012122900100532,2012년 12월 29일 22시,토요일,광주광역시 남구 봉선동,경상사고,0,0,1,0,차대사람 - 횡단중,신호위반,습기,비,단일로 - 횡단보도상,이륜,남,16세,상해없음,보행자,여,48세,경상
2012122900100533,2012년 12월 29일 22시,토요일,광주광역시 광산구 신창동,경상사고,0,0,2,0,차대사람 - 보도통행중,신호위반,습기,비,교차로 - 교차로안,승용,남,22세,상해없음,보행자,여,42세,경상
2012122900100593,2012년 12월 29일 23시,토요일,광주광역시 서구 쌍촌동,사망사고,1,0,0,0,차대사람 - 차도통행중,보행자보호의무위반,습기,눈,단일로 - 횡단보도상,승용,남,54세,상해없음,보행자,남,57세,사망
2012122900100594,2012년 12월 29일 23시,토요일,광주광역시 남구 주월동,경상사고,0,0,1,0,차대사람 - 횡단중,신호위반,습기,눈,단일로 - 횡단보도상,승용,여,54세,상해없음,보행자,여,55세,경상
2012123000100041,2012년 12월 30일 00시,일요일,광주광역시 북구 유동,경상사고,0,0,2,0,차대차 - 측면직각충돌,신호위반,건조,맑음,교차로 - 교차로안,기타불명,기타불명,기타불명,기타불명,승용,남,51세,경상
2012123000100042,2012년 12월 30일 00시,일요일,광주광역시 북구 운암동,경상사고,0,0,3,0,차대차 - 기타,안전운전불이행,습기,눈,교차로 - 교차로부근,승용,남,52세,상해없음,승용,여,48세,경상
2012123000100043,2012년 12월 30일 00시,일요일,광주광역시 북구 중흥동,경상사고,0,0,1,0,차대사람 - 횡단중,안전운전불이행,적설,눈,교차로 - 교차로부근,승용,남,64세,상해없음,보행자,남,32세,경상
2012123000100102,2012년 12월 30일 01시,일요일,광주광역시 서구 화정동,경상사고,0,0,3,0,차대차 - 기타,신호위반,습기,눈,교차로 - 교차로안,승용,남,29세,상해없음,승용,남,48세,경상
2012123000100103,2012년 12월 30일 01시,일요일,광주광역시 북구 신안동,경상사고,0,0,2,0,차대차 - 추돌 - 진행중,안전거리미확보,건조,맑음,단일로 - 기타,승용,남,58세,상해없음,승용,남,31세,경상
2012123000100104,2012년 12월 30일 01시,일요일,광주광역시 광산구 우산동,경상사고,0,0,1,0,차대차 - 추돌 - 주정차중,안전운전불이행,습기,눈,교차로 - 교차로부근,승용,남,29세,상해없음,승용,남,59세,상해없음
2012123000100135,2012년 12월 30일 02시,일요일,광주광역시 남구 지석동,경상사고,0,0,2,0,차대차 - 추돌 - 주정차중,안전거리미확보,결빙,눈,교차로 - 교차로부근,기타불명,기타불명,기타불명,기타불명,승용,여,31세,경상
2012123000100136,2012년 12월 30일 02시,일요일,광주광역시 북구 양산동,경상사고,0,0,3,0,차대차 - 측면직각충돌,신호위반,적설,눈,교차로 - 교차로안,승용,남,29세,상해없음,승용,남,40세,경상
2012123000100157,2012년 12월 30일 03시,일요일,광주광역시 북구 두암동,경상사고,0,0,1,0,차대사람 - 횡단중,신호위반,습기,비,교차로 - 교차로부근,승용,남,38세,상해없음,보행자,남,38세,경상
2012123000100173,2012년 12월 30일 04시,일요일,광주광역시 동구 금남로5가,경상사고,0,0,3,0,차대차 - 추돌 - 주정차중,안전운전불이행,습기,비,교차로 - 교차로부근,승용,남,39세,경상,승용,남,37세,경상
2012123000100174,2012년 12월 30일 04시,일요일,광주광역시 동구 지산동,중상사고,0,1,0,0,차대사람 - 횡단중,신호위반,건조,맑음,교차로 - 교차로안,승용,남,38세,상해없음,보행자,여,38세,중상
2012123000100225,2012년 12월 30일 08시,일요일,광주광역시 동구 학동,경상사고,0,0,4,0,차대차 - 기타,중앙선침범,결빙,눈,미분류 - 미분류,승용,남,55세,상해없음,승용,남,55세,경상
2012123000100226,2012년 12월 30일 08시,일요일,광주광역시 서구 광천동,경상사고,0,0,1,0,차량단독 - 공작물충돌,안전운전불이행,결빙,흐림,단일로 - 기타,승합,남,55세,상해없음,,,,
2012123000100227,2012년 12월 30일 08시,일요일,광주광역시 광산구 장록동,경상사고,0,0,1,0,차대차 - 기타,안전운전불이행,결빙,눈,단일로 - 기타,승용,여,26세,상해없음,자전거,남,62세,경상
2012123000100304,2012년 12월 30일 11시,일요일,광주광역시 남구 봉선동,경상사고,0,0,1,0,차대차 - 기타,안전운전불이행,결빙,눈,단일로 - 기타,승용,남,22세,상해없음,승용,남,46세,경상
2012123000100338,2012년 12월 30일 13시,일요일,광주광역시 서구 농성동,경상사고,0,0,1,0,차대차 - 측면직각충돌,안전운전불이행,건조,맑음,단일로 - 기타,승용,남,81세,상해없음,승용,여,34세,경상
2012123000100372,2012년 12월 30일 14시,일요일,광주광역시 광산구 월계동,경상사고,0,0,6,0,차대차 - 추돌 - 진행중,안전운전불이행,결빙,맑음,단일로 - 터널,승용,여,28세,상해없음,승용,남,54세,경상
2012123000100404,2012년 12월 30일 15시,일요일,광주광역시 북구 일곡동,중상사고,0,1,0,0,차대사람 - 기타,안전운전불이행,건조,맑음,교차로 - 교차로부근,승용,남,33세,상해없음,보행자,남,13세,중상
2012123000100429,2012년 12월 30일 16시,일요일,광주광역시 북구 동림동,경상사고,0,0,4,0,차대차 - 측면직각충돌,신호위반,결빙,눈,교차로 - 교차로안,승합,남,46세,상해없음,승용,남,36세,경상
2012123000100490,2012년 12월 30일 18시,일요일,광주광역시 서구 화정동,경상사고,0,0,1,0,차대차 - 기타,안전거리미확보,결빙,흐림,교차로 - 교차로부근,승용,남,22세,상해없음,승용,여,25세,경상
2012123000100510,2012년 12월 30일 19시,일요일,광주광역시 남구 진월동,경상사고,0,0,1,0,차대차 - 추돌 - 진행중,안전거리미확보,결빙,눈,단일로 - 기타,승용,남,44세,상해없음,원동기,남,27세,경상
2012123000100531,2012년 12월 30일 20시,일요일,광주광역시 서구 풍암동,중상사고,0,1,0,0,차량단독 - 기타,안전운전불이행,습기,눈,단일로 - 기타,승합,남,37세,상해없음,,,,
2012123000100532,2012년 12월 30일 20시,일요일,광주광역시 서구 농성동,경상사고,0,0,1,0,차대차 - 측면직각충돌,안전운전불이행,건조,맑음,단일로 - 기타,승용,남,49세,상해없음,승용,남,55세,경상
2012123000100549,2012년 12월 30일 21시,일요일,광주광역시 서구 금호동,경상사고,0,0,1,0,차대차 - 기타,안전거리미확보,결빙,눈,교차로 - 교차로부근,승용,남,29세,상해없음,승용,남,52세,경상
2012123000100550,2012년 12월 30일 21시,일요일,광주광역시 광산구 신가동,경상사고,0,0,3,0,차대차 - 추돌 - 진행중,안전운전불이행,적설,눈,단일로 - 기타,승용,남,33세,경상,승합,남,55세,경상
2012123100100017,2012년 12월 31일 00시,월요일,광주광역시 광산구 산정동,경상사고,0,0,1,0,차량단독 - 기타,안전운전불이행,결빙,눈,교차로 - 교차로안,승용,남,30세,상해없음,,,,
2012123100100018,2012년 12월 31일 00시,월요일,광주광역시 광산구 송정동,경상사고,0,0,1,0,차대차 - 추돌 - 진행중,안전운전불이행,결빙,눈,교차로 - 교차로부근,승용,남,38세,상해없음,승용,남,56세,상해없음
2012123100100027,2012년 12월 31일 01시,월요일,광주광역시 서구 농성동,경상사고,0,0,1,0,차대차 - 측면직각충돌,안전운전불이행,적설,흐림,교차로 - 교차로안,승용,남,55세,상해없음,승용,남,51세,상해없음
2012123100100028,2012년 12월 31일 01시,월요일,광주광역시 북구 신안동,경상사고,0,0,1,0,차대차 - 측면직각충돌,신호위반,적설,눈,교차로 - 교차로안,승용,남,27세,상해없음,승용,여,25세,경상
2012123100100045,2012년 12월 31일 02시,월요일,광주광역시 남구 서동,경상사고,0,0,1,0,차대차 - 추돌 - 주정차중,안전운전불이행,적설,눈,교차로 - 교차로안,승용,남,26세,상해없음,승용,남,28세,경상
2012123100100056,2012년 12월 31일 03시,월요일,광주광역시 남구 주월동,경상사고,0,0,1,0,차대차 - 추돌 - 주정차중,안전운전불이행,결빙,눈,교차로 - 교차로부근,승용,남,29세,상해없음,승용,남,56세,경상
2012123100100171,2012년 12월 31일 10시,월요일,광주광역시 남구 지석동,경상사고,0,0,1,0,차대차 - 측면직각충돌,직진우회전진행방해,결빙,눈,교차로 - 교차로안,승용,남,57세,경상,승합,남,58세,상해없음
2012123100100226,2012년 12월 31일 12시,월요일,광주광역시 서구 치평동,경상사고,0,0,1,0,차대사람 - 횡단중,보행자보호의무위반,습기,맑음,단일로 - 횡단보도상,화물,남,29세,상해없음,보행자,남,71세,경상
2012123100100227,2012년 12월 31일 12시,월요일,광주광역시 서구 화정동,경상사고,0,0,2,0,차대차 - 측면직각충돌,차로위반,습기,맑음,단일로 - 기타,화물,남,36세,상해없음,승용,남,40세,경상
2012123100100228,2012년 12월 31일 12시,월요일,광주광역시 서구 금호동,경상사고,0,0,1,0,차대차 - 기타,안전운전불이행,습기,눈,단일로 - 기타,화물,남,42세,상해없음,승용,남,63세,경상
2012123100100266,2012년 12월 31일 13시,월요일,광주광역시 광산구 오선동,경상사고,0,0,2,0,차대차 - 정면충돌,중앙선침범,결빙,맑음,단일로 - 기타,승용,남,50세,경상,승용,여,19세,경상
2012123100100302,2012년 12월 31일 14시,월요일,광주광역시 서구 화정동,경상사고,0,0,1,0,차대차 - 추돌 - 진행중,안전운전불이행,건조,맑음,교차로 - 교차로부근,승용,남,35세,기타불명,승용,여,33세,경상
2012123100100303,2012년 12월 31일 14시,월요일,광주광역시 남구 진월동,경상사고,0,0,12,0,차대차 - 측면직각충돌,신호위반,건조,맑음,교차로 - 교차로안,승용,여,29세,경상,승용,남,75세,상해없음
2012123100100334,2012년 12월 31일 15시,월요일,광주광역시 광산구 월곡동,경상사고,0,0,4,0,차대차 - 추돌 - 진행중,중앙선침범,건조,맑음,단일로 - 기타,승용,남,55세,상해없음,화물,남,59세,경상
2012123100100387,2012년 12월 31일 17시,월요일,광주광역시 남구 행암동,경상사고,0,0,2,0,차대차 - 추돌 - 주정차중,안전거리미확보,적설,눈,단일로 - 기타,승용,남,50세,상해없음,화물,남,27세,경상
2012123100100464,2012년 12월 31일 19시,월요일,광주광역시 북구 각화동,경상사고,0,0,3,0,차대차 - 추돌 - 주정차중,안전운전불이행,습기,흐림,교차로 - 교차로부근,승용,남,51세,상해없음,승용,남,31세,경상
2012123100100522,2012년 12월 31일 21시,월요일,광주광역시 북구 동림동,중상사고,0,1,0,0,차량단독 - 공작물충돌,안전운전불이행,결빙,눈,단일로 - 기타,승용,남,28세,상해없음,,,,
2012123100100523,2012년 12월 31일 21시,월요일,광주광역시 광산구 신창동,경상사고,0,0,1,0,차대차 - 추돌 - 주정차중,안전운전불이행,건조,흐림,단일로 - 기타,기타불명,기타불명,기타불명,기타불명,승용,남,55세,상해없음
2012123100100524,2012년 12월 31일 21시,월요일,광주광역시 광산구 신가동,경상사고,0,0,2,0,차대차 - 추돌 - 주정차중,안전운전불이행,건조,맑음,교차로 - 교차로부근,승용,남,50세,상해없음,승용,남,35세,경상
2012123100100553,2012년 12월 31일 22시,월요일,광주광역시 광산구 신창동,경상사고,0,0,4,0,차대차 - 추돌 - 주정차중,안전운전불이행,건조,맑음,단일로 - 기타,화물,남,36세,경상,승용,남,44세,경상
2012123100100581,2012년 12월 31일 23시,월요일,광주광역시 북구 중흥동,중상사고,0,1,0,0,차대차 - 측면직각충돌,중앙선침범,건조,맑음,단일로 - 기타,승용,남,27세,상해없음,이륜,남,36세,중상